Price,Close,High,Low,Open,Volume
Ticker,SPY,SPY,SPY,SPY,SPY
Date,,,,,
1993-01-29,24.053531646728516,24.070639421726188,23.950884996742474,24.070639421726188,1003200
1993-02-01,24.224618911743164,24.224618911743168,24.070648876287173,24.070648876287173,480500
1993-02-02,24.275930404663086,24.293038178027896,24.15617599110943,24.207499311203854,201300
1993-02-03,24.53254508972168,24.549652861750772,24.293036281314354,24.31014405334345,529400
1993-02-04,24.635208129882812,24.686531480153402,24.344375811682806,24.618100346459283,531500
1993-02-05,24.61808204650879,24.669405358627987,24.481219880857594,24.61808204650879,492100
1993-02-08,24.61808204650879,24.703620900040786,24.58386650509599,24.61808204650879,596100
1993-02-09,24.44701385498047,24.53255274180685,24.395690522884635,24.53255274180685,122100
1993-02-10,24.48122787475586,24.498335651048492,24.37858121700007,24.447012322170597,379600
1993-02-11,24.60097312927246,24.703619748727007,24.515434279727007,24.515434279727007,19500
1993-02-12,24.41280174255371,24.566771760551596,24.41280174255371,24.566771760551596,42500
1993-02-16,23.796905517578125,24.34435409885958,23.762689981248037,24.34435409885958,374800
1993-02-17,23.779804229736328,23.831127548217772,23.694265365600586,23.796912002563477,210900
1993-02-18,23.76270866394043,24.053540951404063,23.43766081324578,24.053540951404063,378100
1993-02-19,23.848236083984375,23.848236083984375,23.72848167036322,23.762697217112123,34900
1993-02-22,23.933759689331055,23.967975214262193,23.848220877003207,23.916651926865484,513600
1993-02-23,23.916662216186523,24.019308835140116,23.79690782740734,24.002201065314516,373700
1993-02-24,24.224618911743164,24.224618911743168,23.93378662254851,23.93378662254851,26300
1993-02-25,24.275930404663086,24.293038178027896,24.15617599110943,24.207499311203854,44500
1993-02-26,24.310152053833008,24.327259831492288,24.190397610218067,24.327259831492288,66200
1993-03-01,24.24170684814453,24.395676757554057,24.20749131272019,24.395676757554057,66500
1993-03-02,24.60097312927246,24.60097312927246,24.224602191272467,24.258817731090648,182400
1993-03-03,24.703624725341797,24.720732498697295,24.600978085208798,24.635193631919797,280100
1993-03-04,24.566755294799805,24.73783297791122,24.5667552947998,24.73783297791122,89500
1993-03-05,24.498321533203125,24.703614730408738,24.481213766769322,24.60096813180593,40000
1993-03-08,25.045787811279297,25.045787811279297,24.549662233050405,24.549662233050405,50800
1993-03-09,24.960243225097656,25.01156654906976,24.90891990112556,24.99445877441239,169300
1993-03-10,25.011547088623047,25.011547088623047,24.8575772365043,24.960223804583467,194400
1993-03-11,24.943143844604492,25.09711386833662,24.908928283775133,25.028682746677898,70900
1993-03-12,24.68651580810547,24.754946898356625,24.53254585504036,24.737839125793837,643600
1993-03-15,24.806272506713867,24.806272506713867,24.669410313573376,24.669410313573376,310800
1993-03-16,24.806272506713867,24.874703603284114,24.806272506713867,24.806272506713867,30800
1993-03-17,24.652284622192383,24.772038954153064,24.61806909877504,24.772038954153064,21800
1993-03-18,24.806272506713867,24.908919151569236,24.754949184286183,24.754949184286183,59300
1993-03-19,24.768735885620117,24.906244481792886,24.768735885620117,24.906244481792886,66900
1993-03-22,24.631223678588867,24.682789394594288,24.51090367457622,24.528092246578026,183400
1993-03-23,24.682802200317383,24.717179362156266,24.6484250384785,24.699990781236824,55200
1993-03-24,24.682802200317383,24.785933685834028,24.528104972042414,24.6484250384785,37200
1993-03-25,24.837482452392578,24.889048159906196,24.66559676068052,24.69997389902293,110100
1993-03-26,24.699970245361328,24.83747877839048,24.682781678732685,24.820290211761836,101500
1993-03-29,24.803125381469727,24.923445463015316,24.71718246608002,24.71718246608002,87100
1993-03-30,24.871862411499023,24.871862411499027,24.80310812701665,24.83748526925784,56000
1993-03-31,24.85468864440918,25.009385876635793,24.85468864440918,24.94063155120174,111600
1993-04-01,24.768735885620117,24.889055907271292,24.71717016205533,24.889055907271292,129500
1993-04-02,24.253070831298828,24.562465072945447,24.253070831298828,24.562465072945447,59400
1993-04-05,24.3734073638916,24.442161686497784,24.30465304128542,24.442161686497784,172200
1993-04-06,24.304630279541016,24.42495023141993,24.235876021324493,24.42495023141993,129700
1993-04-07,24.390594482421875,24.390594482421875,24.287463004694935,24.339028743558405,28000
1993-04-08,24.356204986572266,24.493713553892363,24.253073561082193,24.493713553892363,180800
1993-04-12,24.699970245361328,24.71715881198997,24.562461712332176,24.596838845589467,348500
1993-04-13,24.751550674438477,24.837493558724724,24.665607790152233,24.68279636700948,146100
1993-04-14,24.717164993286133,24.785919276994854,24.69997642235895,24.768730706067675,119600
1993-04-15,24.717164993286133,24.768730706067675,24.614033567723045,24.69997642235895,148600
1993-04-16,24.717164993286133,24.768730706067675,24.68278785143177,24.73435356421331,47900
1993-04-19,24.61404800415039,24.78593381423524,24.596859423141904,24.7171794902013,157000
1993-04-20,24.493722915649414,24.614042958042077,24.339025718287417,24.579665803072746,279500
1993-04-21,24.476516723632812,24.545270984092458,24.40776246317317,24.545270984092458,67900
1993-04-22,24.167131423950195,24.579657138157025,24.167131423950195,24.37339428105361,97700
1993-04-23,24.063997268676758,24.18431725502014,24.029620129721504,24.115562977109636,106000
1993-04-26,23.874923706054688,24.167129395761624,23.806169426123645,24.081186545847817,62600
1993-04-27,24.13275909423828,24.13275909423828,23.840553321729697,23.840553321729697,156800
1993-04-28,24.081180572509766,24.149934835386308,24.046803441071493,24.0983691382289,85900
1993-04-29,24.184324264526367,24.184324264526367,23.99524994547179,24.132758541147847,85000
1993-04-30,24.218690872192383,24.356199408017467,24.218690872192386,24.27025657312679,88500
1993-05-03,24.3734073638916,24.3734073638916,24.14995581542151,24.253087299330783,80500
1993-05-04,24.459331512451172,24.54527434981045,24.390577242563747,24.42495437750746,149100
1993-05-05,24.528099060058594,24.61404194394107,24.459344752952614,24.459344752952614,109000
1993-05-06,24.4421443939209,24.51089866788411,24.424955825430096,24.493710099393308,54700
1993-05-07,24.390594482421875,24.459348800906504,24.35621732317956,24.459348800906504,68000
1993-05-10,24.4421443939209,24.579652941847318,24.424955825430096,24.424955825430096,113900
1993-05-11,24.545278549194336,24.545278549194336,24.373392845068324,24.44214712671873,42600
1993-05-12,24.510900497436523,24.528089067210324,24.442146218341332,24.442146218341332,31000
1993-05-13,24.218690872192383,24.40776510895187,24.201502305214248,24.40776510895187,129100
1993-05-14,24.20150375366211,24.28744659369642,24.184315185655247,24.21869232166897,63500
1993-05-17,24.28745460510254,24.28745460510254,24.16713458936601,24.270266031425894,34000
1993-05-18,24.270265579223633,24.321831299292807,24.18432271244168,24.304642725936414,105200
1993-05-19,24.768735885620117,24.768735885620117,24.115570053799463,24.27026722449383,50200
1993-05-20,24.837482452392578,24.837482452392578,24.717162468194136,24.768728175707754,98200
1993-05-21,24.61404800415039,24.88906530028615,24.596859423141904,24.85468813826918,221400
1993-05-24,24.717164993286133,24.803107847922035,24.66559928050459,24.66559928050459,30500
1993-05-25,24.768735885620117,24.820301609184906,24.768735885620117,24.820301609184906,191800
1993-05-26,25.078128814697266,25.095317388250862,24.820300211393317,24.837488784946913,102400
1993-05-27,24.992177963256836,25.112497939696176,24.95780082713131,25.112497939696176,53800
1993-05-28,24.871862411499023,24.974993838222588,24.75154241365487,24.974993838222588,79100
1993-06-01,25.112491607666016,25.198434426309635,24.92341740665005,24.957794534107496,28300
1993-06-02,25.078128814697266,25.164071682465245,24.940620226268493,25.043751667590072,20300
1993-06-03,24.992177963256836,25.026555099382364,24.94061225906855,25.026555099382364,21600
1993-06-04,24.906246185302734,24.923434760999978,24.803114731119287,24.923434760999978,32000
1993-06-07,24.820297241210938,24.957805813184407,24.820297241210938,24.957805813184407,121400
1993-06-08,24.59684181213379,24.751538930449097,24.59684181213379,24.751538930449097,104500
1993-06-09,24.682802200317383,24.785933685834028,24.6484250384785,24.682802200317383,43300
1993-06-10,24.699970245361328,24.71715881198997,24.61402741221811,24.66559311210404,17900
1993-06-11,24.803125381469727,24.837502547625608,24.699993883002076,24.785936798391784,647400
1993-06-14,24.768735885620117,24.854678758228097,24.768735885620117,24.837490183706503,64200
1993-06-15,24.717164993286133,24.820296418849217,24.717164993286133,24.803107847922035,142400
1993-06-16,24.768735885620117,24.768735885620117,24.648415863968943,24.71717016205533,330900
1993-06-17,24.85468864440918,24.85468864440918,24.768745737616616,24.820311481692155,37400
1993-06-18,24.649991989135742,24.840406253096763,24.649991989135742,24.840406253096763,58500
1993-06-21,24.701936721801758,24.719247118943873,24.66731592751752,24.719247118943873,29300
1993-06-22,24.719236373901367,24.736546763518945,24.68461559466621,24.736546763518945,137500
1993-06-23,24.494203567504883,24.71923865328408,24.494203567504883,24.71923865328408,227600
1993-06-24,24.823097229003906,24.823097229003906,24.563441400248635,24.563441400248635,243700
1993-06-25,24.805789947509766,24.87503151051747,24.788479556757842,24.80578994750977,44800
1993-06-28,25.082765579223633,25.082765579223636,24.892351209747126,24.926972004197403,439900
1993-06-29,24.961580276489258,25.04813221919553,24.92695949940675,25.04813221919553,207500
1993-06-30,24.961580276489258,25.04813221919553,24.92695949940675,24.996201053571767,437600
1993-07-01,24.89234161376953,24.996203957081505,24.857720832665542,24.996203957081505,605700
1993-07-02,24.753862380981445,24.823103954075098,24.667310414614377,24.805793560801686,285400
1993-07-06,24.494203567504883,24.788480218139217,24.459582785077316,24.71923865328408,246400
1993-07-07,24.56345558166504,24.598076378820313,24.47690358877686,24.47690358877686,343700
1993-07-08,24.84042739868164,24.8923586057869,24.546150558418514,24.580771363155353,248200
1993-07-09,24.909650802612305,24.909650802612305,24.78847807459404,24.840409243744723,378200
1993-07-12,24.89234161376953,24.90965200432153,24.840410442113548,24.875031223217537,373700
1993-07-13,24.87502098083496,24.978883281381243,24.736537913439914,24.90964174768372,389600
1993-07-14,24.961580276489258,25.030821830654276,24.875028333782986,24.89233872232424,617300
1993-07-15,24.85773468017578,24.944286681151322,24.805803479590455,24.944286681151322,443800
1993-07-16,24.788494110107422,24.8923565155967,24.75387330827766,24.87504611468182,216400
1993-07-19,24.77116584777832,24.788476236211427,24.701924294045885,24.788476236211427,188200
1993-07-20,24.84042739868164,24.84042739868164,24.632702570260612,24.753875386839546,68500
1993-07-21,24.823097229003906,24.823097229003906,24.73654528608548,24.80578684042022,142700
1993-07-22,24.649991989135742,24.82309586546394,24.649991989135742,24.7884750901983,632400
1993-07-23,24.77116584777832,24.771165847778317,24.684613905612775,24.701924294045885,286200
1993-07-26,24.909650802612305,24.961581971762993,24.840409243744723,24.840409243744723,121300
1993-07-27,24.89234161376953,24.94427278542552,24.805789661009555,24.926962394873524,92800
1993-07-28,24.84042739868164,24.8923586057869,24.805806593944805,24.84042739868164,30800
1993-07-29,24.978910446166992,25.048152055165374,24.85773763041982,24.89235843491901,331000
1993-07-30,24.84042739868164,24.978910617628998,24.805806593944805,24.978910617628998,75300
1993-08-02,24.909650802612305,24.996202751196783,24.875030023178514,24.875030023178514,41300
1993-08-03,24.926969528198242,25.0308319012324,24.840417550669773,24.961590319209627,81600
1993-08-04,24.926969528198242,24.97890071471532,24.85772794617547,24.926969528198242,434000
1993-08-05,24.87502098083496,24.926952131108102,24.8404002139862,24.926952131108102,36800
1993-08-06,24.909650802612305,24.961581971762993,24.875030023178514,24.944271582046095,402300
1993-08-09,25.048133850097656,25.117375408771043,24.92696112241923,24.978892291424266,828200
1993-08-10,25.030838012695312,25.048148412427466,24.996217213231002,25.030838012695312,604900
1993-08-11,25.030838012695312,25.10007961162393,25.01352761296316,25.01352761296316,542200
1993-08-12,24.961580276489258,25.100063384819297,24.875028333782986,25.100063384819297,303700
1993-08-13,24.99620246887207,25.013512858393447,24.97889207935069,24.97889207935069,103500
1993-08-16,25.13469886779785,25.20394046247498,25.013526077112875,25.013526077112875,241800
1993-08-17,25.22124481201172,25.221244812011722,25.117382444906664,25.117382444906664,369300
1993-08-18,25.359731674194336,25.411662865336034,25.290490086005413,25.30780048305264,414300
1993-08-19,25.359731674194336,25.37704207124157,25.325110880099874,25.37704207124157,28500
1993-08-20,25.377033233642578,25.377033233642578,25.2904812785483,25.307791669567155,80700
1993-08-23,25.325119018554688,25.342429421164773,25.273187810724433,25.273187810724433,15600
1993-08-24,25.602073669433594,25.602073669433594,25.325107355227416,25.325107355227416,273400
1993-08-25,25.6193904876709,25.723252881539835,25.56745929073643,25.60208008869274,242300
1993-08-26,25.63668441772461,25.775167520588752,25.5328220905765,25.636684417724606,120000
1993-08-27,25.6193904876709,25.6193904876709,25.56745929073643,25.56745929073643,25700
1993-08-30,25.723228454589844,25.757849219670046,25.63667654188934,25.63667654188934,183500
1993-08-31,25.79248046875,25.79248046875,25.671307741715605,25.705928520868287,66500
1993-09-01,25.757863998413086,25.80979517582924,25.70593282099693,25.70593282099693,136500
1993-09-02,25.67132568359375,25.809808896991424,25.65401528191904,25.775188093642004,472400
1993-09-03,25.688610076904297,25.72323084520201,25.619368540308866,25.65398930860658,630500
1993-09-07,25.5155029296875,25.723227512561483,25.480882165875173,25.688606748749155,196400
1993-09-08,25.428966522216797,25.51551848451161,25.255862597627164,25.51551848451161,269900
1993-09-09,25.480886459350586,25.498196844173513,25.325092995944228,25.325092995944228,239200
1993-09-10,25.70594024658203,25.723250644054477,25.51552587438513,25.55014666933002,106500
1993-09-13,25.723228454589844,25.792469984750248,25.723228454589847,25.792469984750248,66900
1993-09-14,25.6193904876709,25.65401128562721,25.53283849278012,25.65401128562721,184500
1993-09-15,25.688610076904297,25.70592046105315,25.428954314671433,25.51550623541572,101000
1993-09-16,25.584749221801758,25.671301147450617,25.56743883667199,25.653990762320845,54300
1993-09-17,25.5351505279541,25.587405269825766,25.50031403337299,25.569987022535212,200900
1993-09-20,25.32611846923828,25.622228520116582,25.32611846923828,25.569973805255707,57800
1993-09-21,25.239049911499023,25.395814196663615,24.977776102891372,25.36097768884926,318200
1993-09-22,25.44805145263672,25.482887936487007,25.291287275310413,25.326123759160705,439700
1993-09-23,25.587406158447266,25.60482440634274,25.48289667107444,25.517733166865384,88500
1993-09-24,25.517742156982422,25.569996919078633,25.482905648918283,25.552578665046564,53500
1993-09-27,25.796419143676758,25.796419143676758,25.70932792442059,25.70932792442059,274600
1993-09-28,25.74416160583496,25.81383457364507,25.726743363882434,25.81383457364507,158300
1993-09-29,25.657068252563477,25.81383241703942,25.62223177156882,25.744159455050113,221000
1993-09-30,25.60482406616211,25.709333552146443,25.55256932316994,25.657078809154278,99300
1993-10-01,25.726762771606445,25.761599281791426,25.535161965589065,25.569998475774046,22700
1993-10-04,25.761592864990234,25.761592864990234,25.69191986197471,25.761592864990234,1038500
1993-10-05,25.726762771606445,25.813854047068894,25.639671496144,25.813854047068894,436500
1993-10-06,25.709341049194336,25.84868707114119,25.709341049194336,25.744177554681052,209200
1993-10-07,25.639650344848633,25.744159789189048,25.622232104125228,25.744159789189048,59400
1993-10-08,25.674484252929688,25.726738969862378,25.48288362417648,25.709320730884812,54400
1993-10-11,25.726762771606445,25.779017536883913,25.72676277160645,25.72676277160645,467100
1993-10-12,25.761592864990234,25.779011115744115,25.744174614236353,25.761592864990234,26200
1993-10-13,25.761592864990234,25.779011115744115,25.726756363482473,25.779011115744115,139100
1993-10-14,26.092531204223633,26.092531204223633,25.796421037019492,25.866094017538114,108100
1993-10-15,26.231887817382812,26.284142573991147,26.144796556368927,26.214469565180035,1502500
1993-10-18,26.162200927734375,26.214455656617996,26.127364441811956,26.214455656617996,722400
1993-10-19,25.97061538696289,26.17963442428251,25.97061538696289,26.127379664952606,880100
1993-10-20,26.005451202392578,26.057705960334424,25.95319644445073,26.057705960334424,230400
1993-10-21,25.97061538696289,26.022870146292796,25.935778880742955,26.022870146292796,56200
1993-10-22,25.848669052124023,26.10994266114145,25.848669052124023,26.005433217534478,390700
1993-10-25,25.918354034423828,25.953190531781928,25.796426293670493,25.866099288386685,114500
1993-10-26,25.900930404663086,25.918348649723384,25.813839179361597,25.900930404663086,186200
1993-10-27,25.918354034423828,25.935772283102878,25.866099288386685,25.866099288386685,118400
1993-10-28,26.109970092773438,26.1796431283779,25.953205762663387,25.953205762663387,129600
1993-10-29,26.109970092773438,26.12738835167455,26.075133574971204,26.09255183387232,80700
1993-11-01,26.17962074279785,26.197038986805037,26.075111278754747,26.075111278754747,36400
1993-11-02,26.162200927734375,26.19703741365679,26.0054367410835,26.144782684773165,262100
1993-11-03,25.83127784729004,26.14480650625917,25.70935003546871,26.14480650625917,479100
1993-11-04,25.55255699157715,25.831248819706143,25.535138752319085,25.831248819706143,130400
1993-11-05,25.674484252929688,25.674484252929684,25.378374190311092,25.48288362417648,363200
1993-11-08,25.709341049194336,25.779014060167764,25.622249785477553,25.69192279645098,367600
1993-11-09,25.726762771606445,25.90094532253134,25.70934451651396,25.88352706743885,246900
1993-11-10,25.918354034423828,25.91835403442383,25.657080304238107,25.7267532989543,46500
1993-11-11,25.848669052124023,25.988014976933314,25.83125081152286,25.91834201452867,88900
1993-11-12,25.97061538696289,26.05770665251273,25.88352412141305,25.900942374523016,108200
1993-11-15,25.95318603515625,26.022859017800965,25.883513052511535,26.022859017800965,243300
1993-11-16,26.07510757446289,26.092525815995597,25.900925159135817,26.00543460833206,492600
1993-11-17,25.93577766418457,26.092541934821014,25.86610465501282,26.092541934821014,39600
1993-11-18,25.866107940673828,25.953199213201348,25.796434922651812,25.900944449684836,240800
1993-11-19,25.81385040283203,25.84868690809901,25.76159564493156,25.77901389756505,106000
1993-11-22,25.657068252563477,25.76157769554744,25.569977050076837,25.744159455050113,165300
1993-11-23,25.796419143676758,25.81383738752799,25.65707319286689,25.796419143676758,89700
1993-11-24,25.900930404663086,25.918348649723384,25.831257424421896,25.866093914542493,77200
1993-11-26,25.918354034423828,25.970608780460974,25.90093578574478,25.970608780460974,1019800
1993-11-29,25.81385040283203,26.040287687067398,25.813850402832028,25.988032929166927,517500
1993-11-30,25.83127784729004,25.953205659111365,25.779023070795184,25.796441329626802,230000
1993-12-01,25.866107940673828,25.98803572221236,25.866107940673828,25.97061746770685,379200
1993-12-02,25.93577766418457,25.953195916477508,25.86610465501282,25.918359411891633,352000
1993-12-03,26.040273666381836,26.040273666381836,25.9183459635961,25.9183459635961,306000
1993-12-06,26.127378463745117,26.162214968363447,26.075123706817628,26.075123706817628,99500
1993-12-07,26.109970092773438,26.144806610575667,26.075133574971204,26.12738835167455,88800
1993-12-08,26.109970092773438,26.109970092773434,26.075133574971204,26.109970092773434,146700
1993-12-09,26.022872924804688,26.14480070959293,25.98803641486519,26.10996419965343,416500
1993-12-10,25.97061538696289,26.040288399402765,25.918360627632985,26.040288399402765,412900
1993-12-13,26.127378463745117,26.127378463745117,25.93577768834432,25.970614192962646,273200
1993-12-14,25.93577766418457,26.144796691699828,25.93577766418457,26.144796691699828,41900
1993-12-15,25.900930404663086,25.988021629964578,25.900930404663086,25.97060338490428,82600
1993-12-16,25.988048553466797,26.00546681657234,25.953212027255717,26.00546681657234,78200
1993-12-17,26.130842208862305,26.14837968685483,26.025617340907154,26.04315481889968,104700
1993-12-20,26.165937423706055,26.183474915276904,26.09578745742266,26.113324948993508,68800
1993-12-21,26.07823944091797,26.130851894396617,26.043164471932197,26.130851894396617,205700
1993-12-22,26.253602981567383,26.271140458508977,26.095765689093028,26.148378119917812,410300
1993-12-23,26.236074447631836,26.288686896390455,26.200999481792753,26.236074447631836,533800
1993-12-27,26.376380920410156,26.376380920410156,26.236081021897338,26.236081021897338,447100
1993-12-28,26.42898941040039,26.446526895078826,26.341301987008222,26.358839471686654,880600
1993-12-29,26.39390754699707,26.46405746738776,26.376370066899398,26.44651998729009,266700
1993-12-30,26.288692474365234,26.37637990756859,26.236080014443225,26.37637990756859,219900
1993-12-31,26.148393630981445,26.37638096646284,26.130856143636723,26.341305991773396,312900
1994-01-03,26.07823944091797,26.18346434787527,26.043164471932197,26.1483893788895,960900
1994-01-04,26.183473587036133,26.183473587036136,26.078248642948918,26.113323624311324,164300
1994-01-05,26.236074447631836,26.253611930551376,26.113312067195054,26.218536964712296,710900
1994-01-06,26.236074447631836,26.288686896390455,26.200999481792753,26.271149413470916,201000
1994-01-07,26.39390754699707,26.411445027094743,26.218532746020344,26.288682666411034,775500
1994-01-10,26.709579467773438,26.709579467773434,26.358829901551854,26.428979814796172,593700
1994-01-11,26.656963348388672,26.69203830016287,26.569275968953185,26.69203830016287,295200
1994-01-12,26.569278717041016,26.674503583247116,26.481591328535927,26.674503583247116,158400
1994-01-13,26.499143600463867,26.551756062939972,26.4640686254798,26.499143600463867,244300
1994-01-14,26.604366302490234,26.656978760570308,26.58682881646354,26.58682881646354,137200
1994-01-17,26.604366302490234,26.639441274543614,26.55175384441016,26.604366302490234,17700
1994-01-18,26.639440536499023,26.674515507580654,26.586828079876575,26.63944053649902,166400
1994-01-19,26.569278717041016,26.63942862784508,26.516666283937962,26.604353672443047,200800
1994-01-20,26.639440536499023,26.656978022039837,26.586828079876575,26.60436556541739,281100
1994-01-21,26.58681297302246,26.674500350901823,26.56927549744659,26.674500350901823,85600
1994-01-24,26.481609344482422,26.692059220067712,26.481609344482422,26.56929679264296,373800
1994-01-25,26.481609344482422,26.516684323746638,26.428996875586098,26.49914683411453,310400
1994-01-26,26.5517520904541,26.5692895753223,26.446527181244903,26.481602150981303,145100
1994-01-27,26.797271728515625,26.832346691511066,26.56928446904527,26.60435943204071,344500
1994-01-28,26.867427825927734,26.95511525355805,26.867427825927734,26.90250279697986,356500
1994-01-31,27.06033706665039,27.112949517201233,26.93757468203176,26.97264964906565,313800
1994-02-01,26.920032501220703,27.02525738396163,26.88495754030706,27.02525738396163,303600
1994-02-02,27.095401763916016,27.095401763916016,26.990176902696923,27.007714379566774,307600
1994-02-03,26.9726505279541,27.04280046430769,26.884963107512117,27.04280046430769,466100
1994-02-04,26.358827590942383,27.007714231571036,26.358827590942383,26.972639278023543,1403200
1994-02-07,26.481609344482422,26.55175930301085,26.28869695852924,26.28869695852924,516400
1994-02-08,26.499143600463867,26.534218575447937,26.393918675511664,26.534218575447937,188200
1994-02-09,26.604366302490234,26.621903788516924,26.481603900303398,26.516678872356778,144600
1994-02-10,26.376380920410156,26.60436825549349,26.376380920410156,26.586830768179386,883900
1994-02-11,26.464052200317383,26.53420210674632,26.2711399576378,26.39390229388844,519400
1994-02-14,26.499143600463867,26.58683103792404,26.37638118801963,26.4114561630037,2742100
1994-02-15,26.639440536499023,26.656978022039837,26.516678137713313,26.551753108794944,374700
1994-02-16,26.62190055847168,26.674513010168265,26.569288106775097,26.674513010168265,287600
1994-02-17,26.464052200317383,26.762189302640373,26.39390229388844,26.744651826033138,342400
1994-02-18,26.306211471557617,26.499123689015708,26.23606157430013,26.481586214701334,313300
1994-02-22,26.569278717041016,26.569278717041012,26.376366462329823,26.376366462329823,154500
1994-02-23,26.499143600463867,26.62190601290811,26.4114561630037,26.604368525416074,391700
1994-02-24,26.148393630981445,26.411455941152287,26.130856143636723,26.411455941152287,770800
1994-02-25,26.271142959594727,26.27114295959473,26.13084313070504,26.183455566538672,531300
1994-02-28,26.271142959594727,26.411442788484422,26.27114295959473,26.341292874039574,333000
1994-03-01,26.165937423706055,26.32377484784369,26.025637491139264,26.271162373131144,423600
1994-03-02,26.201004028320312,26.201004028320312,25.762566879252034,25.83271682310296,581500
1994-03-03,26.130842208862305,26.165917164847354,26.060692296892206,26.165917164847354,223200
1994-03-04,26.201004028320312,26.271153972171238,26.04316665465573,26.130854084469387,595800
1994-03-07,26.341297149658203,26.376372112573858,26.288684705284716,26.288684705284716,539800
1994-03-08,26.236074447631836,26.358836828068615,26.200999481792753,26.358836828068615,880300
1994-03-09,26.358827590942383,26.37636506771613,26.148377869657413,26.271140207073646,2500100
1994-03-10,26.148393630981445,26.341305991773396,26.060706194257833,26.341305991773396,207400
1994-03-11,26.288692474365234,26.323767447646578,26.04316766139585,26.18346755452121,576600
1994-03-14,26.323759078979492,26.393909003240594,26.288684116848938,26.393909003240594,345900
1994-03-15,26.306211471557617,26.42897379175822,26.288673997243244,26.376361368815104,748600
1994-03-16,26.51666259765625,26.516662597656254,26.25360046871125,26.34128784502625,455500
1994-03-17,26.51666259765625,26.551737548182253,26.42897522134125,26.42897522134125,133000
1994-03-18,26.510879516601562,26.54615680138746,26.369770377457975,26.387409019850924,365500
1994-03-21,26.440340042114258,26.49325599950341,26.369785432262052,26.422701389651206,324800
1994-03-22,26.510879516601562,26.56379544378041,26.387409019850924,26.44032494702977,435700
1994-03-23,26.493249893188477,26.563804486778857,26.47561124479088,26.493249893188473,698500
1994-03-24,26.175750732421875,26.44033042311347,26.052280210099127,26.38741448497515,1200500
1994-03-25,25.928817749023438,26.26395212809245,25.928817749023438,26.193397521972656,100900
1994-03-28,25.96409034729004,25.999367643957555,25.734787918951202,25.96409034729004,1117200
1994-03-29,25.45258140563965,25.981741102222593,25.45258140563965,25.96410244566983,338400
1994-03-30,25.09979248046875,25.54075861680868,25.09979248046875,25.47020403499429,1123900
1994-03-31,25.17035484313965,25.223270795858234,24.570640712329034,25.099800239514874,788800
1994-04-04,24.782291412353516,24.85284597865203,24.4647958640102,24.4647958640102,2627300
1994-04-05,25.293819427490234,25.293819427490234,25.02923972636586,25.02923972636586,1179000
1994-04-06,25.293819427490234,25.34673536771511,25.117432960073984,25.32909672097348,516500
1994-04-07,25.417299270629883,25.47021523024951,25.13508081932518,25.27619004497753,666100
1994-04-08,25.2232723236084,25.364381539404807,25.099801759786537,25.364381539404807,242400
1994-04-11,25.32910919189453,25.434941124451193,25.232096587050922,25.29383188104231,203300
1994-04-12,25.293819427490234,25.399651307939983,25.240903487265356,25.35555469108592,1409200
1994-04-13,25.161535263061523,25.346741095702356,24.976329430420694,25.285005818155412,364100
1994-04-14,25.17035484313965,25.30264472493611,25.064522937702485,25.117438890421067,419900
1994-04-15,25.17035484313965,25.27618674857682,25.126258215874163,25.161535517686552,387300
1994-04-18,25.002784729003906,25.267364461585956,24.92341080922929,25.196809866230744,369100
1994-04-19,25.03806495666504,25.135077536630984,24.82640114583025,24.976329678504893,472200
1994-04-20,25.011611938476562,25.12626319207325,24.87932203048039,25.064527901675035,508000
1994-04-21,25.346729278564453,25.382006563572894,25.029233713488487,25.11742692600959,200300
1994-04-22,25.320281982421875,25.426113882034922,25.24972738267984,25.408475232099413,301800
1994-04-25,25.584869384765625,25.60250803997746,25.311470228982195,25.311470228982195,394600
1994-04-26,25.558406829833984,25.593684133946937,25.505490873664556,25.549587503805746,399000
1994-04-28,25.373193740844727,25.54076088755173,25.293819829246672,25.50548359350815,287000
1994-04-29,25.45258140563965,25.48785871874518,25.293833496664764,25.329110809770295,481900
1994-05-02,25.611337661743164,25.805362947059397,25.364396389522497,25.45258970102988,275000
1994-05-03,25.584869384765625,25.62896602279521,25.434940815465037,25.620146695189295,183400
1994-05-04,25.540761947631836,25.637774510278227,25.443749384985445,25.637774510278227,401900
1994-05-05,25.505491256713867,25.611323170642137,25.505491256713864,25.567226539838693,659800
1994-05-06,25.25855255126953,25.382023129383278,25.170359281188283,25.382023129383278,216300
1994-05-09,25.03806495666504,25.258548092951276,24.993968329407792,25.18799348933968,499300
1994-05-10,25.232074737548828,25.311448618233186,25.143881536788435,25.161520176940513,583400
1994-05-11,25.002784729003906,25.240906488327752,24.93223013364869,25.205629190650146,210600
1994-05-12,25.126253128051758,25.187988393722645,25.064517862380868,25.161530422720837,305200
1994-05-13,25.126253128051758,25.196807717389916,25.002782596709977,25.196807717389916,321300
1994-05-16,25.135074615478516,25.25854515744929,25.126255291052033,25.179171237610937,450400
1994-05-17,25.505491256713867,25.505491256713864,25.11744090564353,25.152718210286288,470200
1994-05-18,25.690702438354492,25.78771504625765,25.408483942636213,25.52313520652176,824800
1994-05-19,25.814178466796875,25.884733105585525,25.637791869825254,25.637791869825254,531000
1994-05-20,25.71713638305664,25.78769094103485,25.681859104067538,25.770052301540296,370400
1994-05-23,25.67306900024414,25.699526989595128,25.593695032191167,25.690707659811466,262700
1994-05-24,25.778881072998047,25.8758936257873,25.743603781074686,25.743603781074686,549600
1994-05-25,25.84943389892578,25.86707254368793,25.59367354987466,25.681866773685393,738200
1994-05-26,25.867084503173828,25.928819788384263,25.81416854442202,25.840626523797923,369600
1994-05-27,25.893539428710938,25.893539428710938,25.778888198270458,25.82298482536295,162000
1994-05-31,25.858261108398438,25.9111770588249,25.770067857687668,25.814164483043054,160000
1994-06-01,25.97292709350586,25.97292709350586,25.71716652110801,25.796540491852166,200500
1994-06-02,25.94644546508789,25.990542075327674,25.90234885484811,25.990542075327674,55100
1994-06-03,26.096389770507812,26.184583044487226,25.884725912957226,25.964099859538695,550400
1994-06-06,26.08757209777832,26.22868134509558,26.069933441863665,26.149307393479624,99300
1994-06-07,26.052297592163086,26.08757490779228,25.981742960904686,26.043478263255786,120600
1994-06-08,25.840635299682617,26.11403451275093,25.840635299682617,26.11403451275093,131900
1994-06-09,25.98172950744629,25.98172950744629,25.90235558838077,25.95527153442445,80500
1994-06-10,26.025833129882812,26.078749090160443,26.008194476456932,26.008194476456932,83100
1994-06-13,26.061105728149414,26.069925053268925,25.981731802073835,25.990551127193342,109700
1994-06-14,26.26395606994629,26.272775397034923,26.14048549070544,26.14048549070544,161000
1994-06-15,26.158126831054688,26.281597422974702,26.140488175066114,26.272778094980413,142800
1994-06-16,26.211015701293945,26.22865433904717,26.13164183140443,26.158099788034267,44000
1994-06-17,26.06473159790039,26.25116189883905,26.029221064388267,26.224528998704958,403800
1994-06-20,25.8427791595459,25.92267782407215,25.81614627137048,25.87828967711312,137400
1994-06-21,25.620851516723633,25.825037097071743,25.51431990958549,25.825037097071743,139200
1994-06-22,25.718515396118164,25.80729176959458,25.665249572032312,25.691882484075236,279900
1994-06-23,25.567581176757812,25.798399617936877,25.53207064734565,25.762889088524712,922500
1994-06-24,25.0349178314209,25.443288831507907,24.999407309674204,25.443288831507907,353800
1994-06-27,25.46993064880371,25.46993064880371,25.00829370431511,25.132580573985116,371200
1994-06-28,25.345657348632812,25.47882192314402,25.14147166771563,25.47882192314402,5382300
1994-06-29,25.42554473876953,25.576464522484297,25.354523664080233,25.38115656708872,311800
1994-06-30,25.265745162963867,25.478808368835665,25.176968827183952,25.469930735257673,271900
1994-07-01,25.319007873535156,25.39002893348897,25.21247628360443,25.39002893348897,406900
1994-07-05,25.4521541595459,25.487664664128456,25.292356888924406,25.372255524235154,112000
1994-07-06,25.416658401489258,25.461046557971077,25.265738669451075,25.35451498241471,174800
1994-07-07,25.52318572998047,25.52318572998047,25.390021282693617,25.416654172150988,66700
1994-07-08,25.51430892944336,25.558697079981705,25.3545115875053,25.36338921761297,148400
1994-07-11,25.42554473876953,25.576464522484297,25.301257858063256,25.532076350803482,124000
1994-07-12,25.461048126220703,25.469925758063876,25.292373121200413,25.434415230691183,257300
1994-07-13,25.505447387695312,25.585346109062964,25.46993684486525,25.46993684486525,532700
1994-07-14,25.780654907226562,25.833920723150584,25.611979823467163,25.629735095441834,494200
1994-07-15,25.789512634277344,25.842778409081358,25.754002117741333,25.762879746875335,49100
1994-07-18,25.833906173706055,25.89604959061875,25.789518018768415,25.789518018768415,72300
1994-07-19,25.780654907226562,25.88718653907461,25.780654907226562,25.87830890308727,609500
1994-07-20,25.66523551940918,25.798400006711546,25.60309209200141,25.798400006711546,185300
1994-07-21,25.718515396118164,25.736270670813447,25.61198374794646,25.665249572032312,86300
1994-07-22,25.762880325317383,25.798390842650694,25.70961454931742,25.78063558398404,151600
1994-07-25,25.79840087890625,25.82503377726713,25.74513508218449,25.77176798054537,120900
1994-07-26,25.771760940551758,25.8072714619993,25.745128049466103,25.78951620127553,489600
1994-07-27,25.771760940551758,25.771760940551758,25.66522937620914,25.771760940551758,83200
1994-07-28,25.825040817260742,25.89606189891701,25.77177500601854,25.77177500601854,828200
1994-07-29,26.08247947692871,26.162378154700104,25.993703168293827,26.002580799157315,459100
1994-08-01,26.206771850585938,26.224527116067364,26.073607359475236,26.100240257697376,486300
1994-08-02,26.242284774780273,26.348816377384253,26.15350843927696,26.295550576082263,505500
1994-08-03,26.25116729736328,26.268922567770694,26.189023850937325,26.233412026955865,144100
1994-08-04,26.100248336791992,26.260045775588676,26.091370701303287,26.233412869122564,231700
1994-08-05,26.0114803314209,26.046990884774374,25.940459224713948,25.967092139729054,138400
1994-08-08,26.073610305786133,26.100243207017783,26.011466869578946,26.0380997708106,328600
1994-08-09,26.117996215820312,26.117996215820316,25.975954088201984,25.975954088201984,105900
1994-08-10,26.215654373168945,26.242287276358752,26.100245126013103,26.135755663599515,840300
1994-08-11,26.117996215820312,26.26891597641479,25.984831721178132,26.153506747724897,876200
1994-08-12,26.322195053100586,26.33107269055526,26.162397578916504,26.162397578916504,184100
1994-08-15,26.31328582763672,26.41093972240865,26.31328582763672,26.348796334826513,325900
1994-08-16,26.499738693237305,26.526371596446587,26.22453202674137,26.331063639578506,1089500
1994-08-17,26.48198890686035,26.553009996788237,26.46423363437838,26.535254724306267,133700
1994-08-18,26.393199920654297,26.455343344618168,26.366567024669784,26.3931999206543,620000
1994-08-19,26.375455856323242,26.42872167091023,26.313312405971757,26.402088763616735,103200
1994-08-22,26.348819732666016,26.384330271389285,26.29555392458111,26.384330271389285,79700
1994-08-23,26.499738693237305,26.624025574880626,26.428717618012545,26.464228155624927,268600
1994-08-24,26.7838134765625,26.7838134765625,26.51748453910911,26.526362170357555,254700
1994-08-25,26.712783813476562,26.81931535410857,26.641762786388554,26.757171955406566,147400
1994-08-26,27.09453582763672,27.147801625463003,26.77494104067901,26.77494104067901,339500
1994-08-29,27.076772689819336,27.26320292801153,27.06789505942923,27.165548993720382,350300
1994-08-30,27.14780044555664,27.192188608482667,27.032391221948977,27.0679017522898,36000
1994-08-31,27.076772689819336,27.209937145670903,27.041262168258914,27.103405580989648,356200
1994-09-01,26.98801612854004,27.005771402308817,26.890362122811773,26.988016128540043,294600
1994-09-02,26.872587203979492,27.112283224629458,26.828199052007275,27.112283224629458,99600
1994-09-06,26.8814754486084,26.90810835030781,26.774943841810742,26.854842546908984,229800
1994-09-07,26.85483169555664,26.943607998682445,26.828198804618896,26.943607998682445,27900
1994-09-08,26.98801612854004,27.023526676077594,26.89923975969616,26.908117396580547,284800
1994-09-09,26.70392608642578,26.77494716644287,26.597394466400146,26.721681356430054,488400
1994-09-12,26.624027252197266,26.73943650670829,26.579639077385334,26.703925966858748,129400
1994-09-13,26.70392608642578,26.77494716644287,26.624027371406555,26.677293181419373,389200
1994-09-14,26.730558395385742,26.766068934602462,26.615149142931404,26.615149142931404,423500
1994-09-15,27.067888259887695,27.067888259887695,26.801559415087226,26.801559415087226,779800
1994-09-16,26.875253677368164,26.94670666155525,26.77700582411092,26.866322054344778,571300
1994-09-19,26.90206527709961,27.053902962926532,26.875270391365444,26.937791791411826,167300
1994-09-20,26.392955780029297,26.785947338175248,26.392955780029297,26.759152459210753,355600
1994-09-21,26.392955780029297,26.473340416922788,26.14287024302733,26.473340416922788,397500
1994-09-22,26.330432891845703,26.455475653204537,26.303638014411668,26.455475653204537,266400
1994-09-23,26.241111755371094,26.392949365936552,26.19645363461655,26.339359621031097,176600
1994-09-26,26.375106811523438,26.392970073840758,26.285790499936837,26.339380286888797,223000
1994-09-27,26.35723114013672,26.44654740967293,26.29470975146137,26.37509439404396,479500
1994-09-28,26.562667846679688,26.59839436698457,26.482283175993704,26.500146436146146,324000
1994-09-29,26.428688049316406,26.562662473358227,26.348303394891314,26.562662473358227,195900
1994-09-30,26.392955780029297,26.544793427494778,26.392955780029297,26.41975065899379,5200
1994-10-03,26.330432891845703,26.43761240158185,26.28577476278898,26.410817524147813,72600
1994-10-04,25.93745994567871,26.464426246227966,25.91959668125331,26.464426246227966,84200
1994-10-05,25.946367263793945,25.94636726379395,25.72307666771999,25.892777520736196,461900
1994-10-06,25.865991592407227,25.982102742511263,25.821333457751827,25.964239488649103,345200
1994-10-07,25.98211097717285,26.05356401526752,25.83920490098352,25.86599979026902,188700
1994-10-10,26.258991241455078,26.3036493898249,26.08929027764976,26.098221907323722,213600
1994-10-11,26.65196990966797,26.723422912106756,26.375089525217664,26.375089525217664,461400
1994-10-12,26.687698364257812,26.72342486809216,26.625176982547703,26.687698364257812,162400
1994-10-13,26.77702522277832,27.053905737089902,26.750230334296553,26.99138433063245,1564500
1994-10-14,26.893142700195312,26.90207433177957,26.68771517375742,26.866347805442544,72800
1994-10-17,26.83954620361328,26.902067609079268,26.81275131555643,26.866341091670133,282300
1994-10-18,26.77702522277832,26.812751740754006,26.687708927839097,26.812751740754006,132100
1994-10-19,26.90206527709961,27.000313191458204,26.669842934070196,26.67877456264825,136700
1994-10-20,26.72342872619629,26.902061271157496,26.643044080963747,26.902061271157496,290300
1994-10-21,26.616254806518555,26.687707839556186,26.500143627832397,26.651981323037372,87800
1994-10-24,26.392955780029297,26.732357580246255,26.3840241537078,26.62517806438827,149600
1994-10-25,26.419748306274414,26.473338059431157,26.29470554890868,26.303637174434805,91800
1994-10-26,26.51799774169922,26.544792619848458,26.39295497700276,26.51799774169922,201000
1994-10-27,26.678770065307617,26.678770065307617,26.55372728629379,26.6162486758007,210300
1994-10-28,27.241456985473633,27.268251861197047,26.732354346728716,26.732354346728716,192100
1994-10-31,27.143213272094727,27.205734658374638,27.13428164548331,27.17893977854039,36300
1994-11-01,26.83954620361328,27.027110420011244,26.830614574261,27.027110420011244,435200
1994-11-02,26.687698364257812,27.000305272808355,26.687698364257812,26.759151371926507,115600
1994-11-03,26.830608367919922,26.875266504351213,26.74129209505734,26.77701860420237,87000
1994-11-04,26.48228645324707,26.95566290586835,26.48228645324707,26.95566290586835,124400
1994-11-07,26.562667846679688,26.634120887289452,26.473351545917485,26.54480458652725,115000
1994-11-08,26.76808738708496,26.857403661316145,26.607318093468837,26.651976230584427,308300
1994-11-09,26.812742233276367,27.05389614410197,26.58051994877764,27.05389614410197,318500
1994-11-10,26.625181198120117,26.884198391929406,26.60731794337465,26.830608627693,172100
1994-11-11,26.526935577392578,26.61625185879794,26.45548255226829,26.589456974376333,302200
1994-11-14,26.77702522277832,26.78595685227224,26.64305078036949,26.64305078036949,181400
1994-11-15,26.687698364257812,26.919920639181072,26.48227096721031,26.750219745967918,316900
1994-11-16,26.77702522277832,26.77702522277832,26.64305078036949,26.73236707530871,106900
1994-11-17,26.598373413085938,26.794869119965686,26.491193936606077,26.794869119965686,104700
1994-11-18,26.562667846679688,26.651984147441894,26.446556655688823,26.60732599706079,269300
1994-11-21,26.294710159301758,26.625180361711458,26.294710159301758,26.54479571788207,283100
1994-11-22,25.723085403442383,26.294709523518883,25.723085403442383,26.196461627880733,483600
1994-11-23,25.865991592407227,25.874923219338307,25.49979488823295,25.740948815372107,601600
1994-11-25,25.99102783203125,26.026754330769435,25.883848335816687,25.883848335816687,77300
1994-11-28,26.10714340209961,26.11607502830628,25.91957925175952,25.982100635206216,79900
1994-11-29,26.09821319580078,26.151802955956427,26.008896928874698,26.09821319580078,105500
1994-11-30,26.062501907348633,26.267929441231093,26.062501907348633,26.23220291359936,218800
1994-12-01,25.803457260131836,26.089269178554897,25.749867525427515,26.089269178554897,439000
1994-12-02,26.044626235961914,26.044626235961918,25.74988252341502,25.74988252341502,318500
1994-12-05,26.071414947509766,26.187526079513063,26.008893568738756,26.09820982412591,139200
1994-12-06,26.08928680419922,26.09821843268405,25.92851749147221,25.97317563389638,249900
1994-12-07,25.90172576904297,26.008905323949353,25.87493088031637,25.928520657769564,531900
1994-12-08,25.651620864868164,26.04461227087589,25.580167881957667,26.008885779420645,261500
1994-12-09,25.749879837036133,25.767743090478405,25.544452422449996,25.65163194310363,235900
1994-12-12,25.91957664489746,25.91957664489746,25.696286012188146,25.696286012188146,151100
1994-12-13,26.01782989501953,26.026761522171956,25.901718742037982,25.901718742037982,70900
1994-12-14,26.15182113647461,26.26793236419803,25.982120111340382,25.982120111340382,203300
1994-12-15,26.232194900512695,26.31257956312918,26.187536754614648,26.187536754614648,130100
1994-12-16,26.360334396362305,26.414351475043375,26.288311624787543,26.315320164128078,266100
1994-12-19,26.396329879760742,26.41433556180696,26.279292946460302,26.360318515668297,1120200
1994-12-20,26.315298080444336,26.441337824928162,26.315298080444336,26.42333214714476,675600
1994-12-21,26.594390869140625,26.65741075271679,26.333308494325095,26.333308494325095,544500
1994-12-22,26.513364791870117,26.621398875911694,26.486356270859723,26.5943903549013,222000
1994-12-23,26.540369033813477,26.603388906010455,26.495354839387065,26.495354839387065,125800
1994-12-27,26.684402465820312,26.738419474860432,26.61237978710015,26.63038545678019,95200
1994-12-28,26.54937744140625,26.711428575331414,26.486357555990907,26.711428575331414,358200
1994-12-29,26.567384719848633,26.648410291681447,26.54037619590436,26.648410291681447,220100
1994-12-30,26.252283096313477,26.648408081305863,26.252283096313477,26.621399559601837,2209500
1995-01-03,26.378332138061523,26.414343512994034,26.324315075662764,26.333317919395892,324300
1995-01-04,26.504364013671875,26.50436401367187,26.36031855707583,26.49536117263462,351800
1995-01-05,26.504364013671875,26.56738390093264,26.477355490560115,26.522369695746377,89800
1995-01-06,26.531370162963867,26.648407085976604,26.45034460087813,26.558378683659114,448400
1995-01-09,26.558372497558594,26.558372497558594,26.50435546875,26.52236114501953,36800
1995-01-10,26.585399627685547,26.729445138705856,26.585399627685547,26.621411005440624,229800
1995-01-11,26.603391647338867,26.67541436584266,26.396326331640456,26.67541436584266,222400
1995-01-12,26.61239242553711,26.63039810376819,26.52236403438171,26.57638106907495,40300
1995-01-13,26.9274845123291,26.9274845123291,26.720419268670266,26.756430615393544,170600
1995-01-16,27.089534759521484,27.098537595932093,26.918480867719918,26.918480867719918,105100
1995-01-17,27.09855079650879,27.116556478101153,26.999519547750783,27.03553091093551,89500
1995-01-18,27.071548461914062,27.125565519037934,27.008528561936213,27.08055130476804,84500
1995-01-19,26.91848373413086,27.008512107823602,26.90047805939231,26.98150359571578,139100
1995-01-20,26.819467544555664,26.891490283849535,26.765450490085257,26.8824874414378,78700
1995-01-23,26.90048599243164,26.90048599243164,26.621397951680173,26.639403631728655,53700
1995-01-24,26.936498641967773,26.936498641967777,26.873478758781353,26.89148443969176,32400
1995-01-25,27.008514404296875,27.107545623779295,26.801449127197266,26.801449127197266,15700
1995-01-26,27.0355224609375,27.07153381286682,26.93649124313187,26.99050827102585,9800
1995-01-27,27.14356231689453,27.215585036143338,27.035528238021318,27.215585036143338,91200
1995-01-30,27.026525497436523,27.107551056889196,26.990514137679778,27.089545377010825,26600
1995-01-31,27.134553909301758,27.17956809959589,27.035522690654673,27.080536880948802,127500
1995-02-01,27.125551223754883,27.269596633505987,27.080537033207662,27.1705654143021,380200
1995-02-02,27.28761863708496,27.28761863708496,27.116564610656514,27.116564610656514,131700
1995-02-03,27.674732208251953,27.719746411583525,27.41364982892882,27.458664032260394,405100
1995-02-06,27.79175567626953,27.872781203022505,27.638707459069472,27.665715967987133,405400
1995-02-07,27.82777976989746,27.836782610327706,27.737751365594978,27.836782610327706,702900
1995-02-08,27.82777976989746,27.92681101463019,27.77376272731597,27.791768408176466,521500
1995-02-09,27.82777976989746,27.827779769897457,27.72874852516473,27.782765567746218,390700
1995-02-10,27.863784790039062,27.86378479003906,27.710736537557423,27.79176208298888,148300
1995-02-13,27.872791290283203,27.926808327667473,27.845782771591068,27.845782771591068,79700
1995-02-14,27.90880012512207,27.962817157622304,27.800766060121596,27.962817157622304,170200
1995-02-15,28.061861038208008,28.097872409447287,27.881804182011614,27.908812710441076,431500
1995-02-16,28.02583885192871,28.052847369935712,27.944813297907718,28.025838851928714,99300
1995-02-17,27.917802810668945,28.016834036375926,27.908799971968307,27.998828358974656,49100
1995-02-21,27.90880012512207,27.962817157622304,27.899797286372028,27.91780296387211,168000
1995-02-22,28.115877151489258,28.115877151489258,27.917814616320268,27.935820301335628,386400
1995-02-23,28.16087532043457,28.32292639325037,28.151872483055914,28.22389518208516,402800
1995-02-24,28.2329158782959,28.241918721369338,28.124881761414667,28.196904506002156,307600
1995-02-27,28.007827758789062,28.23289869867004,27.962813570812866,28.151873160312892,280900
1995-02-28,28.24190902709961,28.241909027099606,27.980826667588644,27.980826667588644,493500
1995-03-01,28.061861038208008,28.250920737214223,28.03485250977855,28.214909365974943,242600
1995-03-02,28.097854614257812,28.097854614257816,27.971814894744963,28.05284042871751,488600
1995-03-03,28.106874465942383,28.106874465942383,27.935820457341197,28.007843197804856,290000
1995-03-06,28.1248722076416,28.124872207641605,27.881795527229848,27.917806887290848,85700
1995-03-07,27.90880012512207,28.088856900122856,27.782760382621518,28.02583702887258,180900
1995-03-08,27.980823516845703,28.016834872723237,27.854783771274324,27.95381499993755,155900
1995-03-09,27.971824645996094,27.99883316673571,27.899801924023784,27.971824645996094,63500
1995-03-10,28.385955810546875,28.457978533821333,27.962822311309417,27.998833672946645,192100
1995-03-13,28.358936309814453,28.45796751597571,28.3319277990432,28.367939146738202,261300
1995-03-14,28.566015243530273,28.60202660847642,28.439975466218765,28.439975466218765,223300
1995-03-15,28.511991500854492,28.566008535589294,28.40395743138488,28.52099433997696,278500
1995-03-16,28.683040618896484,28.701046294112366,28.484978191521808,28.484978191521808,20400
1995-03-17,28.71157455444336,28.747780827525883,28.62105887173704,28.639162008278305,89900
1995-03-20,28.71157455444336,28.747780827525883,28.65726514481957,28.747780827525883,91700
1995-03-21,28.639179229736328,28.892623293716294,28.593921361168476,28.711591819444887,104400
1995-03-22,28.66632080078125,28.693475509465284,28.575805105167795,28.693475509465284,74900
1995-03-23,28.68442153930664,28.765885658541023,28.593905851268435,28.630112126483716,220500
1995-03-24,29.091754913330078,29.091754913330078,28.774949866047393,28.774949866047393,134000
1995-03-27,29.209428787231445,29.209428787231445,29.06460360576392,29.137016196497683,132100
1995-03-28,29.209428787231445,29.209428787231445,29.100809901130802,29.137016196497683,121900
1995-03-29,29.200366973876953,29.48096566457447,29.037438701859042,29.18226383254163,246100
1995-03-30,29.146047592163086,29.263717970640766,29.02837721368541,29.263717970640766,298400
1995-03-31,29.028404235839844,29.064610539844637,28.70254749979674,28.919785323825476,541300
1995-04-03,29.100786209106445,29.100786209106445,29.00121897790888,29.019322110853892,193300
1995-04-04,29.2908878326416,29.2908878326416,29.109856387446044,29.109856387446044,66900
1995-04-05,29.2908878326416,29.318042549420937,29.2094236823036,29.22752682682316,107200
1995-04-06,29.399494171142578,29.426648876349915,29.308978487118125,29.363287897532796,352500
1995-04-07,29.372365951538086,29.46288171718227,29.236592303071806,29.46288171718227,361400
1995-04-10,29.42666244506836,29.42666244506836,29.30899200157839,29.32709514673069,285400
1995-04-11,29.327091217041016,29.5081226443067,29.308988074314446,29.499071072943416,250300
1995-04-12,29.42666244506836,29.42666244506836,29.31804357415454,29.37235300961145,150900
1995-04-13,29.58957862854004,29.598630197407747,29.462856664392117,29.480959802127533,243400
1995-04-17,29.41761016845703,29.72536362868089,29.32709444486178,29.698208911602315,178900
1995-04-18,29.318035125732422,29.444757105281745,29.245622565989954,29.444757105281745,329500
1995-04-19,29.2908878326416,29.381403555239384,29.137011104225376,29.318042549420937,223000
1995-04-20,29.336135864257812,29.417599987299567,29.218465464308615,29.37234214116526,207900
1995-04-21,29.4809627532959,29.490014323069705,29.34518920668876,29.34518920668876,145000
1995-04-24,29.824913024902344,29.82491302490234,29.46285034781703,29.46285034781703,169000
1995-04-25,29.74346160888672,29.8249257459774,29.72535846731101,29.779667892038134,293200
1995-04-26,29.77060317993164,29.788706313516276,29.61672654446225,29.689139078800785,204400
1995-04-27,29.8430233001709,29.861126438357232,29.707249763773397,29.72535290195973,502200
1995-04-28,29.88828468322754,29.933542534050115,29.643892288785644,29.833975262240454,130800
1995-05-01,29.806840896606445,29.92451138906192,29.80684089660644,29.86115035466282,518700
1995-05-02,29.870182037353516,29.915439888925263,29.77061476389567,29.833975756096116,228400
1995-05-03,30.28653907775879,30.286539077758793,29.969734275690186,29.969734275690186,724700
1995-05-04,30.268449783325195,30.521893740841072,30.196037224034942,30.32275920279288,311400
1995-05-05,30.232236862182617,30.395165084793184,30.168875886722955,30.395165084793184,314900
1995-05-08,30.449481964111328,30.54904923569433,30.177934859794043,30.205089570225773,183100
1995-05-09,30.422321319580078,30.612404255525092,30.377063477688413,30.576197982011756,180600
1995-05-10,30.458528518676758,30.512837930597133,30.313703420222424,30.503786361943735,330300
1995-05-11,30.53998565673828,30.539985656738285,30.404212157967958,30.50377939039953,351700
1995-05-12,30.55810546875,30.630518040950832,30.413280324348342,30.422331895873448,94600
1995-05-15,30.702913284301758,30.70291328430176,30.576191354472684,30.639552319387224,147200
1995-05-16,30.721027374267578,30.793439931425546,30.639563247464864,30.69387266533334,221600
1995-05-17,30.603357315063477,30.730079291523367,30.576202605822072,30.72102772177623,189200
1995-05-18,30.159828186035156,30.567148794790132,30.159828186035156,30.549045656623246,577800
1995-05-19,30.17793846130371,30.23224788864859,30.069319606613956,30.114577462734687,363900
1995-05-22,30.51285171508789,30.558109578800572,30.259407678296892,30.277510823781963,216000
1995-05-23,30.793439865112305,30.793439865112305,30.47663492822843,30.567150624480966,136800
1995-05-24,30.775352478027344,30.947332388933965,30.585269418604234,30.84776507209329,370800
1995-05-25,30.802478790283203,30.82963348801193,30.539983378905532,30.68480843345873,379900
1995-05-26,30.449481964111328,30.693874357996883,30.331811552240506,30.684822787852973,518600
1995-05-30,30.4404296875,30.6033579463091,30.340862418227776,30.52189381690455,61500
1995-05-31,31.074037551879883,31.074037551879883,30.38611828187031,30.38611828187031,564500
1995-06-01,30.992568969726562,31.227909738772382,30.84774388108298,30.938259561485218,810100
1995-06-02,31.019739151000977,31.236976892356104,30.75724354686353,30.865862417541095,112900
1995-06-05,31.209806442260742,31.309373690191386,30.99256881041206,31.019723514393142,257200
1995-06-06,31.155506134033203,31.29127969359465,31.155506134033203,31.182660845945495,165800
1995-06-07,30.992568969726562,31.110239354249472,30.956362697565666,31.092136218169024,41900
1995-06-08,30.920164108276367,31.074040803194606,30.92016410827637,30.983525100301527,141100
1995-06-09,30.73911476135254,30.892991366459423,30.558083461226786,30.856785106434273,304900
1995-06-12,30.911113739013672,31.037835727987666,30.820598032603677,30.838701173885674,378500
1995-06-13,31.24603271484375,31.26413586241898,31.028794943941012,31.055949665303856,120000
1995-06-14,31.21886444091797,31.255070720350755,31.101194032761423,31.20076130120158,389400
1995-06-15,31.354639053344727,31.418000044503334,31.209813930696484,31.264123351689573,274500
1995-06-16,31.44772720336914,31.44772720336914,31.29294684365366,31.29294684365366,325100
1995-06-19,31.80282211303711,31.821031573164813,31.52057548105768,31.538784941185384,134600
1995-06-20,31.720861434936523,31.821013408468186,31.69354726033698,31.711756710070013,287800
1995-06-21,31.702651977539062,31.848327575368074,31.70265197753906,31.821013400775133,158200
1995-06-22,32.12149429321289,32.13970375709793,31.83924760299475,31.83924760299475,297000
1995-06-23,32.0577278137207,32.06683253618981,31.957575866560543,32.0486230912516,315400
1995-06-26,31.67534637451172,32.02132601298008,31.67534637451172,31.966697649011394,132900
1995-06-27,31.61159896850586,31.875635941457087,31.59338952209543,31.66622730773715,127700
1995-06-28,31.77549934387207,31.90296553035179,31.511462243306948,31.61161424696958,212600
1995-06-29,31.720861434936523,31.857432307934243,31.502348038140177,31.775489784135612,89200
1995-06-30,31.702651977539062,31.89385119968964,31.638918903488868,31.78459450131788,714100
1995-07-03,31.821025848388672,31.821025848388672,31.73908329255591,31.73908329255591,9500
1995-07-05,31.939380645751953,32.08505627013395,31.83922865398933,31.912066466180327,409300
1995-07-06,32.349098205566406,32.349098205566406,31.884757082998465,31.94849017825289,202500
1995-07-07,32.49477005004883,32.50387477687709,32.26715187934241,32.285361332998924,481700
1995-07-10,32.51298141479492,32.60402868842918,32.45835305061436,32.522086142158344,400400
1995-07-11,32.35818862915039,32.51296893491729,32.31266500980718,32.485654763311366,420500
1995-07-12,32.75880432128906,32.81343267757804,32.35819637516991,32.42192945750705,203400
1995-07-13,32.68596267700195,32.786114651778284,32.64954377708329,32.713276851940954,215600
1995-07-14,32.65865707397461,32.68597125608276,32.48566725395634,32.51298143606449,543700
1995-07-17,32.840728759765625,32.87714764389067,32.67684378120289,32.70415794429668,171500
1995-07-18,32.55849838256836,32.78611652003039,32.53118420607292,32.78611652003039,221200
1995-07-19,32.203407287597656,32.4674442712958,31.584286084443388,32.43102537699261,486600
1995-07-20,32.32178497314453,32.38551807027468,32.06685258462396,32.23984241969149,318900
1995-07-21,32.285369873046875,32.412836082359526,32.157903663734224,32.29447460228349,94000
1995-07-24,32.522090911865234,32.558509826660156,32.330891609191895,32.330891609191895,108400
1995-07-25,32.767906188964844,32.81342981523459,32.458345530330554,32.558497508124,107400
1995-07-26,32.7405891418457,32.90447418204404,32.73148441739024,32.749693866301165,167800
1995-07-27,33.01375198364258,33.04106617447295,32.895390490044306,32.895390490044306,187700
1995-07-28,32.8043212890625,33.04104411823697,32.77700711646544,33.04104411823697,415600
1995-07-31,32.72239303588867,32.85896395840907,32.649555210544456,32.83164977390499,342500
1995-08-01,32.66776657104492,32.76791858673096,32.48567199707031,32.76791858673096,141000
1995-08-02,32.594905853271484,33.09566558006755,32.54027751943919,32.85894280012759,240400
1995-08-03,32.585811614990234,32.604021065459634,32.31266985794924,32.367298209357436,1193600
1995-08-04,32.62224578857422,32.67687416555759,32.5858268705853,32.649559977065906,240500
1995-08-07,32.69506072998047,32.79521268431903,32.67685128373709,32.69506072998047,193100
1995-08-08,32.69506072998047,32.81342213056241,32.594908775641905,32.713270176223844,951900
1995-08-09,32.68596267700195,32.80432410173761,32.65864850206295,32.80432410173761,107100
1995-08-10,32.613128662109375,32.795223182835834,32.47655777156453,32.722385374545254,280800
1995-08-11,32.43104553222656,32.622244846144795,32.29447459371354,32.58582592920799,257200
1995-08-14,32.72239303588867,32.72239303588867,32.440146462679834,32.51298428802405,254800
1995-08-15,32.65865707397461,32.71328543819091,32.43103888974005,32.71328543819091,44400
1995-08-16,32.74970245361328,32.74970245361328,32.59492209728539,32.63134100465666,374900
1995-08-17,32.69506072998047,32.76789851495397,32.57669932939853,32.76789851495397,353800
1995-08-18,32.73147964477539,32.868050491693786,32.70416547539171,32.858945768565896,85400
1995-08-21,32.640445709228516,33.00463478269271,32.63134098239191,32.86806388014364,266700
1995-08-22,32.70417022705078,32.75879857375521,32.52207573803602,32.6859607781493,220200
1995-08-23,32.585811614990234,32.74969666921483,32.585811614990234,32.73148721874543,176500
1995-08-24,32.62224578857422,32.685978895054824,32.48567484611577,32.594931600082525,167400
1995-08-25,32.8043212890625,32.858949634256604,32.67685515027624,32.67685515027624,195000
1995-08-28,32.68596267700195,32.89537135153428,32.63133432712395,32.89537135153428,293000
1995-08-29,32.767906188964844,32.77701091421879,32.494764431346354,32.722382562695095,1133100
1995-08-30,32.840728759765625,32.87714764389067,32.75878627048426,32.795205154609306,437400
1995-08-31,32.868064880371094,32.92269324305315,32.80433179057536,32.831645971916394,491900
1995-09-01,33.01375198364258,33.06838036530333,32.83165737810677,32.85897156893714,629900
1995-09-05,33.32328796386719,33.341497410841974,33.05925098273272,33.11387932365709,272200
1995-09-06,33.387027740478516,33.423446641749834,33.34150411388937,33.350608839207204,214500
1995-09-07,33.405235290527344,33.44165418972661,33.35971166652826,33.42344474012698,258800
1995-09-08,33.53269577026367,33.53269577026367,33.31418241199967,33.53269577026367,107300
1995-09-11,33.62376022338867,33.687493318856774,33.58734131169261,33.58734131169261,260700
1995-09-12,33.7785530090332,33.7785530090332,33.550934727301176,33.63287730872471,139500
1995-09-13,33.93330383300781,33.9788274496338,33.73299991985349,33.742104643178685,239800
1995-09-14,34.24287796020508,34.27019214097631,33.960631425568984,34.051678694806434,457600
1995-09-15,34.233436584472656,34.31581651208235,34.096136705123165,34.215129933892726,431200
1995-09-18,34.10526657104492,34.13272652802644,33.940506829155815,34.11441989003876,307500
1995-09-19,34.270050048828125,34.28835669949524,34.05037024082282,34.16936347015903,549600
1995-09-20,34.43479919433594,34.43479919433594,34.29749935703795,34.32495932449755,290800
1995-09-21,34.15104293823242,34.416489265010426,34.0137431140369,34.38902930017132,508500
1995-09-22,34.16020584106445,34.19681913778585,33.848992818932565,33.87645279147362,449900
1995-09-25,34.10526657104492,34.19679976098331,33.98627342412501,34.19679976098331,130000
1995-09-26,34.09613037109375,34.288350166474416,34.013750458787754,34.20597025416841,466600
1995-09-27,34.068660736083984,34.08696737807006,33.73914118033465,33.9496675631745,654400
1995-09-28,34.3249626159668,34.3249626159668,34.06866956176758,34.096129531860356,456200
1995-09-29,34.260887145996094,34.508026860915116,34.2151205321222,34.29750043709521,606600
1995-10-02,34.08699417114258,34.34328736039929,34.00461421745292,34.26090740670963,293100
1995-10-03,34.12360382080078,34.17852378403168,33.94969060390292,34.086990511980176,839700
1995-10-04,34.08699417114258,34.141914140269016,34.04122753020388,34.141914140269016,248800
1995-10-05,34.18764877319336,34.18764877319336,34.03204233968753,34.12357553586743,268800
1995-10-06,34.215126037597656,34.315812604321465,34.20597271335004,34.20597271335004,75300
1995-10-09,33.9313850402832,34.10529826277184,33.86731174778739,34.08699160777304,358200
1995-10-10,33.9130744934082,33.9130744934082,33.54694143544968,33.583554741245536,360800
1995-10-11,34.022911071777344,34.032064397328,33.903917839618856,34.032064397328,228100
1995-10-12,34.233436584472656,34.25174323505259,34.05037007867334,34.05037007867334,199800
1995-10-13,34.34326934814453,34.480569198950015,34.34326934814453,34.38903596507969,488100
1995-10-16,34.17851638793945,34.306662941081164,34.17851638793945,34.242589664510305,443600
1995-10-17,34.407344818115234,34.443958114011075,34.15105174684435,34.21512501466208,146000
1995-10-18,34.508018493652344,34.61785834031649,34.3981786469882,34.572091737539765,228100
1995-10-19,34.67278289794922,34.67278289794922,34.44394985348018,34.489716462373984,500600
1995-10-20,34.4622688293457,34.67279530559403,34.4622688293457,34.6453353304312,748400
1995-10-23,34.389034271240234,34.45310753179351,34.2975010418784,34.2975010418784,533000
1995-10-24,34.4256477355957,34.47141435050609,34.343267828757,34.434801058577776,172200
1995-10-25,34.14188766479492,34.49886718729546,34.14188766479492,34.45310058184667,302700
1995-10-26,33.830684661865234,34.22427758406767,33.55608494870074,34.19681761275122,606800
1995-10-27,34.08699417114258,34.08699417114258,33.63848108994333,33.7940876691349,905800
1995-10-30,34.3066520690918,34.32495871373912,34.16935223423684,34.16935223423684,488700
1995-10-31,34.16020584106445,34.471418863196334,34.16020584106445,34.39819226975354,508200
1995-11-01,34.43479919433594,34.43479919433594,34.1144329073073,34.141892874766896,415700
1995-11-02,34.654483795166016,34.654483795166016,34.379884082050594,34.379884082050594,326000
1995-11-03,34.700252532958984,34.70940585728844,34.59956596533499,34.700252532958984,615000
1995-11-06,34.58126449584961,34.69110440425358,34.57211117014928,34.69110440425358,311200
1995-11-07,34.453125,34.562964930924544,34.34328506907545,34.562964930924544,358200
1995-11-08,34.76433181762695,34.78263846945298,34.49888536614955,34.49888536614955,357200
1995-11-09,34.89247131347656,34.90162463753571,34.72771148041188,34.90162463753571,503700
1995-11-10,34.87416076660156,34.91992738178083,34.6910943058845,34.70024762892035,795600
1995-11-13,34.83753204345703,34.947371871234616,34.74599885364238,34.81007208651263,818500
1995-11-14,34.60871887207031,34.84670530176452,34.60871887207031,34.77347870801246,341800
1995-11-15,34.95654296875,34.965696292386745,34.62702331782698,34.64532996510048,584700
1995-11-16,35.14875793457031,35.185371224085486,34.947384842236836,34.95653816461563,577700
1995-11-17,35.258602142333984,35.26775546583926,35.15791558377592,35.20368220130231,267000
1995-11-20,35.07554244995117,35.32268223234905,35.06638912467717,35.31352890707505,448800
1995-11-21,35.35930252075195,35.35930252075195,35.10300936243431,35.11216268951708,119200
1995-11-22,35.24943542480469,35.36842858515848,35.24943542480469,35.33181530504962,351600
1995-11-24,35.34098815917969,35.34098815917969,35.25860823340071,35.28606820866037,62400
1995-11-27,35.35013961791992,35.5240527853825,35.35013961791992,35.41421289014298,273000
1995-11-28,35.72542190551758,35.72542190551758,35.24029575614724,35.32267566830447,479000
1995-11-29,35.76203536987305,35.78949534072271,35.64304216285786,35.78949534072271,549200
1995-11-30,35.67964553833008,35.853558638696484,35.64303225404241,35.76202542797732,286200
1995-12-01,35.72542190551758,35.78034184695573,35.64304199336035,35.72542190551758,465200
1995-12-04,36.16477584838867,36.16477584838867,35.76202967341294,35.80779628420564,631700
1995-12-05,36.40276336669922,36.439376656482175,36.100703725989874,36.12816369332709,567700
1995-12-06,36.48514938354492,36.63160256722197,36.320389551908235,36.49430270752473,272800
1995-12-07,36.29291915893555,36.48513890731831,36.26545919488087,36.43937230056051,289700
1995-12-08,36.411930084228516,36.45769671329366,36.18309693890279,36.44854338748063,296900
1995-12-11,36.567527770996094,36.64075435977406,36.41192126984292,36.485147858620884,186500
1995-12-12,36.457698822021484,36.53092543276117,36.402778863966724,36.402778863966724,299400
1995-12-13,36.6865234375,36.73229005855477,36.50345695328094,36.50345695328094,390700
1995-12-14,36.42109298706055,36.78722611585734,36.329559704861346,36.7231528183179,395000
1995-12-15,36.434391021728516,36.47123064864634,36.30545232751613,36.47123064864634,416700
1995-12-18,35.73445129394531,36.112057609164836,35.72524138381801,36.112057609164836,862300
1995-12-19,36.1120491027832,36.158098642572526,35.70681315263721,35.752862692426525,1022600
1995-12-20,35.7620964050293,36.25943176579973,35.7620964050293,36.22259210944637,1349800
1995-12-21,35.94628143310547,36.05680036141632,35.8081327727169,35.97391116518318,857600
1995-12-22,36.07523727416992,36.17654633978541,36.0383976139461,36.13970667956159,332800
1995-12-26,36.250213623046875,36.268633447042326,36.1489045910719,36.222583887053695,432200
1995-12-27,36.23178482055664,36.34230373714197,36.16731545254853,36.34230373714197,151800
1995-12-28,36.19495391845703,36.34231250947365,36.10285479907165,36.15811427070288,256200
1995-12-29,36.24100112915039,36.268630863175154,36.102852459026565,36.231791217808805,339200
1996-01-02,36.6278190612793,36.6278190612793,36.15811356162497,36.194953208656685,514400
1996-01-03,36.729122161865234,36.8396410851206,36.54492395643963,36.747541982407796,610300
1996-01-04,36.3791618347168,36.91333686925188,36.084444574283644,36.77518815342384,1129700
1996-01-05,36.305477142333984,36.39757627257836,36.05680949067416,36.1396987078941,302400
1996-01-08,36.443626403808594,36.48967596964611,36.38836692480358,36.43441649064109,179900
1996-01-09,35.81734848022461,36.581771191425084,35.734459270576366,36.55414145487567,415500
1996-01-10,35.3476676940918,35.84500330000137,35.154259402904735,35.77132395097773,787700
1996-01-11,35.55947494506836,35.55947494506836,35.237127982344354,35.402906420316704,513200
1996-01-12,35.50421905517578,35.660787595756325,35.17266214571111,35.65157768160453,390400
1996-01-15,35.43052291870117,35.63314093383281,35.2831643622418,35.51341210670957,154200
1996-01-16,35.863407135009766,35.89103687856524,35.30160234938172,35.60552952849197,454600
1996-01-17,35.75286102294922,36.029158248783446,35.633132225087714,35.78049074553264,407600
1996-01-18,35.87260437011719,35.900234103906755,35.58709712095836,35.89102419264356,425600
1996-01-19,36.1120491027832,36.20414818236184,35.835751864047296,35.87259149587875,169800
1996-01-22,36.12126922607422,36.2041584211366,36.01996020988686,36.08442958382427,288200
1996-01-23,36.20415496826172,36.20415496826172,36.0291666842635,36.102845961736435,362200
1996-01-24,36.49888610839844,36.572565414193846,36.24100853811452,36.25942836456338,1506500
1996-01-25,36.36994552612305,36.5449338687405,36.323895962276346,36.52651404320182,298400
1996-01-26,36.68308639526367,36.70150622272803,36.29627001851221,36.342319587173094,726300
1996-01-29,36.830440521240234,36.830440521240234,36.627822443854065,36.65545218167945,254800
1996-01-30,37.14357376098633,37.217253054338144,36.858066499248025,36.90411605759291,272100
1996-01-31,37.53040313720703,37.539613052087326,37.1159569675937,37.13437679735429,498000
1996-02-01,37.66853713989258,37.66853713989258,37.465919091707335,37.493548825550775,373900
1996-02-02,37.51197814941406,37.73301607614766,37.429088926888966,37.65012685362257,496200
1996-02-05,37.815895080566406,37.87115454731833,37.39223916880166,37.447498635553586,295300
1996-02-06,38.17509078979492,38.21193044315058,37.77906451622166,37.83432399625514,301600
1996-02-07,38.396121978759766,38.396121978759766,38.129034538754,38.16587418565135,585100
1996-02-08,38.81056594848633,38.84740559343031,38.26718118556257,38.34086047545054,1526600
1996-02-09,38.80137634277344,39.12372340472384,38.617178021658916,38.792166426717706,804600
1996-02-12,39.096065521240234,39.27105380036946,38.838188057260325,38.87502769497174,626500
1996-02-13,39.013179779052734,39.30789690675096,38.902660856165895,38.93029058688761,1045900
1996-02-14,38.672420501708984,39.1144962778657,38.654000677702456,38.98555750981999,431400
1996-02-15,38.432960510253906,38.847406525820986,38.38691095296867,38.58952900502369,889500
1996-02-16,38.276390075683594,38.45137838449928,38.156661232809704,38.35927927459628,606100
1996-02-20,37.898765563964844,38.09217360207985,37.650098086388404,37.98165472315699,492300
1996-02-21,38.36850357055664,38.39613331388638,37.97247724949713,37.97247724949713,434000
1996-02-22,38.976356506347656,39.09608538975562,38.55270045736562,38.58033019969053,721400
1996-02-23,38.865821838378906,39.26184798507329,38.50663533323749,39.1973786123556,1430400
1996-02-26,38.313232421875,38.838197385347804,38.29481259859525,38.75530818058894,1408400
1996-02-27,38.193504333496094,38.41454221726843,38.01851600884299,38.40533230544459,601000
1996-02-28,38.01851272583008,38.74609569708506,38.01851272583008,38.49742809931437,865900
1996-02-29,37.65013122558594,38.28561533873795,37.65013122558594,37.79748986051973,914300
1996-03-01,38.248779296875,38.248779296875,37.49356622142502,38.10142064800671,1452600
1996-03-04,38.469825744628906,38.70007368420652,38.202738134718864,38.33167698088233,652600
1996-03-05,38.8289909362793,38.8289909362793,38.35928540075979,38.37770522568212,402000
1996-03-06,38.488224029541016,38.88425026387226,38.488224029541016,38.77373131475656,624700
1996-03-07,38.68162155151367,38.7000413713001,38.451373804183234,38.56189272290184,534200
1996-03-08,37.429073333740234,38.239545394116504,36.544921995147945,37.83430936392837,2289900
1996-03-11,37.86195373535156,37.917213215383704,37.17121023494987,37.281729195014144,1511400
1996-03-12,37.56721878051758,37.75141696036812,37.07909360391365,37.61326832548021,1385300
1996-03-13,37.825103759765625,37.9816722437968,37.604065899956915,37.81589384894026,1019300
1996-03-14,37.99087142944336,38.20269931862571,37.86193271428888,37.88035253073952,725600
1996-03-15,37.96535873413086,38.08561937339589,37.74333909241079,37.92835546051084,869200
1996-03-18,38.69614028930664,38.69614028930664,38.233599764691455,38.31685705912219,917600
1996-03-19,38.612918853759766,39.03845653159229,38.48340738659335,39.03845653159229,858300
1996-03-20,38.5666618347168,38.797932294267746,38.27063564649158,38.797932294267746,744300
1996-03-21,38.474151611328125,38.63141551548599,38.344640160845174,38.61291387970272,650800
1996-03-22,38.57590103149414,38.677660003040046,38.446389613162985,38.4926436911384,344500
1996-03-25,38.501895904541016,38.96443670108764,38.40013692930076,38.92743343736391,802400
1996-03-26,38.68692398071289,38.78868298687928,38.40014859969852,38.43715187466812,969400
1996-03-27,38.33540344238281,38.77019204320135,38.29840015720677,38.74243957931931,809600
1996-03-28,38.4833984375,38.501900071364176,38.18737229567307,38.19662311260517,1001300
1996-03-29,38.29838562011719,38.59441178916157,38.113369264464446,38.59441178916157,457700
1996-04-01,38.742427825927734,38.7516786444153,38.363144267937514,38.48340490827588,773400
1996-04-02,38.816429138183594,38.816429138183594,38.65916524510707,38.78867668646421,638800
1996-04-03,38.816429138183594,38.84418158990298,38.5851587071887,38.67766687958666,288000
1996-04-04,38.78865432739258,38.90891488218774,38.77940351548526,38.816406763114536,934900
1996-04-08,38.12260055541992,38.12260055541992,37.65080909016236,37.817323724959145,2217200
1996-04-09,37.9745979309082,38.270624029273385,37.90059140631691,38.270624029273385,1180900
1996-04-10,37.29928207397461,38.07635045051575,37.15126904987154,37.90983579839979,939500
1996-04-11,37.25305938720703,37.576838150194924,36.78126747542467,37.39182171420184,1276000
1996-04-12,37.72481918334961,37.78032406689549,37.401040695998645,37.512050463090404,411300
1996-04-15,38.039390563964844,38.085644686732316,37.798869125574015,37.91912984476943,484200
1996-04-16,38.15036392211914,38.27987534183536,38.03010331809694,38.11336065934308,429700
1996-04-17,38.057884216308594,38.224399023283205,37.79886118323697,38.1133891519668,525300
1996-04-18,38.113346099853516,38.233606657935574,37.94683148097066,38.150349348494146,818600
1996-04-19,38.205875396728516,38.40014255976273,38.141119675717114,38.29838356960195,885100
1996-04-22,38.501895904541016,38.64990895943593,38.242873058474906,38.55740080012661,828900
1996-04-23,38.62217330932617,38.64992576918916,38.353899530650615,38.43715691023958,225400
1996-04-24,38.4833984375,38.81642784705529,38.40014108511117,38.81642784705529,699000
1996-04-25,38.65917205810547,38.816435978897,38.335393397652325,38.56666386940457,475500
1996-04-26,38.742427825927734,38.96444746962933,38.62216718558937,38.760929462902865,563300
1996-04-29,38.742427825927734,38.816434373828265,38.57591309315154,38.57591309315154,219900
1996-04-30,38.714691162109375,38.816450206979916,38.55742718367309,38.742443628892254,184400
1996-05-01,38.79792785644531,38.95519175095165,38.64991477926288,38.70541968320629,561900
1996-05-02,38.13187026977539,38.705420962819076,37.946853917180654,38.49265215733513,1299600
1996-05-03,38.076385498046875,38.47417086646671,37.74335588727679,38.35391017368862,1329300
1996-05-06,38.039390563964844,38.22440705503472,37.706360880039085,38.22440705503472,647500
1996-05-07,37.882102966308594,38.039366885826844,37.752591503175914,38.039366885826844,582100
1996-05-08,38.35391616821289,38.35391616821289,37.34557635578279,37.69710766653824,1694700
1996-05-09,38.32615661621094,38.520423883635615,38.18739428233617,38.224397571369444,593400
1996-05-10,38.705421447753906,38.83493289619285,38.52040509284113,38.705421447753906,925100
1996-05-13,39.28823471069336,39.45474947989337,38.76093794155996,38.79794122360441,867500
1996-05-14,39.52874755859375,39.63050656237202,39.40848691776489,39.44549019186608,632300
1996-05-15,39.48248291015625,39.852515552238316,39.45473046200009,39.53798780646856,466100
1996-05-16,39.56572723388672,39.63048292494054,39.24194877861759,39.26045040463297,514400
1996-05-17,39.778499603271484,39.843255300300065,39.66748983693677,39.66748983693677,427700
1996-05-20,40.04679489135742,40.11155062345247,39.65826049878707,40.05604571022814,788500
1996-05-21,39.991275787353516,40.1855429147036,39.96352334058922,40.11153638999881,352700
1996-05-22,40.37055587768555,40.370555877685554,39.89876432182809,40.037526544139105,1218100
1996-05-23,40.20404052734375,40.51856822590098,39.98202097542101,40.4260600792665,967900
1996-05-24,40.36130905151367,40.45381720886301,40.22254681548967,40.24104844695954,659100
1996-05-28,39.95427703857422,40.481573586663764,39.85251805560957,40.481573586663764,456400
1996-05-29,39.68599319458008,40.07452739368785,39.556481794877485,40.03752413662997,649600
1996-05-30,39.88953399658203,40.09305202717684,39.51950121368239,39.63051104855228,895800
1996-05-31,39.59349822998047,40.04678827980968,39.59349822998047,39.88027356762752,923500
1996-06-03,39.70450973510742,39.73226218832394,39.491740927114066,39.602750739980166,503100
1996-06-04,39.982032775878906,40.019036045453994,39.81551806279103,39.8895246019412,627100
1996-06-05,40.33357620239258,40.379830303542114,39.91728929204679,40.000546674115945,428000
1996-06-06,40.03754425048828,40.5555901095519,39.96353769919348,40.5555901095519,523300
1996-06-07,40.03754425048828,40.04679506940013,39.18646891059805,39.18646891059805,1422800
1996-06-10,39.908016204833984,40.1022833212692,39.84326049935558,39.98202272538074,548800
1996-06-11,39.87103271484375,40.278068779682066,39.87103271484375,40.05604910795208,688700
1996-06-12,39.79701614379883,40.102293115613186,39.73226042250487,40.0005341250084,1120600
1996-06-13,39.79701614379883,39.945029221042155,39.56574571060614,39.8895243170759,1502000
1996-06-14,39.6305046081543,39.815520969536905,39.50099315518648,39.815520969536905,1468200
1996-06-17,39.602752685546875,39.797019867606316,39.5009936854205,39.64900677651341,1101000
1996-06-18,39.278968811035156,39.6860047572635,39.26971799407542,39.57499495374668,718000
1996-06-19,39.454750061035156,39.667518935924676,39.32523857197197,39.46400088168253,552100
1996-06-20,39.42698669433594,39.6212538742001,39.18646542402793,39.49174242095733,1234400
1996-06-21,39.76609420776367,39.76609420776367,39.50569882941536,39.6172968487075,573300
1996-06-24,39.84049606323242,40.00789310551491,39.78469704913826,39.85909573459714,416500
1996-06-25,39.793983459472656,39.97998011036994,39.74748429674834,39.952080612735344,454400
1996-06-26,39.524295806884766,39.83119033903234,39.51499597257726,39.74749183026482,838200
1996-06-27,39.80329513549805,39.9055933239304,39.37550271114456,39.52430007613708,1090500
1996-06-28,39.94277572631836,40.17527151052278,39.85907724400477,39.97067522042289,1060800
1996-07-01,40.28689193725586,40.29619177380648,39.989297167636245,40.04509618693992,471300
1996-07-02,40.13808822631836,40.25898608242173,40.07298938072424,40.249686247336854,389400
1996-07-03,40.05438995361328,40.175287810450286,39.914892426493665,40.11948879960244,308300
1996-07-05,39.03139114379883,39.5428818545229,38.910493339445864,39.35688523244142,842900
1996-07-08,38.873291015625,39.273183722245065,38.76169305098684,39.05928762335527,942000
1996-07-09,39.03139114379883,39.17088861035994,38.910493339445864,39.049990806006974,716300
1996-07-10,39.18949508666992,39.18949508666992,38.64080495612566,39.02209809769032,1132300
1996-07-11,38.39903259277344,39.09652046985215,38.01773921997041,39.02212176296376,1587400
1996-07-12,38.42692184448242,38.63151823378025,38.13862693229003,38.46412118799112,1312000
1996-07-15,37.29233169555664,38.51990969650763,37.29233169555664,38.51990969650763,1951300
1996-07-16,37.38533020019531,37.794522869053175,35.93455619242654,37.40392986696158,4141000
1996-07-17,37.83171844482422,38.092113753687315,37.49692447628595,37.94331643433697,1340500
1996-07-18,38.352500915527344,38.41759972891452,37.69221295117176,37.94330837423656,1432500
1996-07-19,38.07353210449219,38.315327862849976,37.86893569357405,38.25952884169048,1216000
1996-07-22,37.794525146484375,37.943322489580765,37.50623029423511,37.81312481437142,519800
1996-07-23,37.31093215942383,38.05491884256289,37.24583332464916,37.85032250469965,1479800
1996-07-24,37.38533020019531,37.60852620139051,36.67854286307719,36.864539530739854,2463400
1996-07-25,37.72013473510742,37.83173276686809,37.57133735942652,37.75733407902764,1989800
1996-07-26,37.924720764160156,37.98051976479404,37.72942426194158,37.83172242977036,642300
1996-07-29,37.506221771240234,37.92471420359973,37.45972261208918,37.86891521261846,1297900
1996-07-30,37.868919372558594,37.906118703965824,37.45972672707908,37.75732137833691,1868200
1996-07-31,38.14792251586914,38.25022069911501,37.803828626769395,37.89682697517473,767100
1996-08-01,38.780296325683594,38.919793794481016,38.12930813796228,38.18510712548125,1168600
1996-08-02,39.617279052734375,39.63587871426149,39.13368785302964,39.28248514524648,1098500
1996-08-05,39.38481140136719,39.63590701124603,39.263913515129225,39.62660717384311,710200
1996-08-06,39.50568389892578,39.58938238176249,39.161590136152654,39.37548625895757,640000
1996-08-07,39.607994079589844,39.72889192486683,39.356898554783804,39.65449325085022,917800
1996-08-08,39.54289245605469,39.61729112483371,39.39409511849662,39.61729112483371,925100
1996-08-09,39.41271209716797,39.738206416045,39.31971372034595,39.6824073899518,648800
1996-08-12,39.70098876953125,39.79398710349595,39.28249626669009,39.431293601033616,764200
1996-08-13,39.38481140136719,39.654506686051874,39.28251318993507,39.62660717384311,805200
1996-08-14,39.524295806884766,39.56149514411477,39.28250011488971,39.394098126579735,533800
1996-08-15,39.44988250732422,39.65447878624009,39.403383353025156,39.42198301474478,632600
1996-08-16,39.784706115722656,39.803305791326075,39.56151000848158,39.56151000848158,475100
1996-08-19,39.80329513549805,39.831194641434145,39.65449777050553,39.79399530018601,436400
1996-08-20,39.775386810302734,39.82188597655279,39.682388477802604,39.81258614330278,645700
1996-08-21,39.635902404785156,39.76610011329454,39.50570469627577,39.673101750073556,266400
1996-08-22,40.00788879394531,40.0822874713864,39.710294084180966,39.728893753541236,584800
1996-08-23,39.793983459472656,39.99857977545966,39.66378580384456,39.93348094764561,757100
1996-08-26,39.59868621826172,39.74748353613212,39.533587391693416,39.70098437429762,784700
1996-08-27,39.74749755859375,39.78469690118485,39.58010051693379,39.71029821600265,389400
1996-08-28,39.68239212036133,39.87768863653841,39.67309228625766,39.84048930012373,227600
1996-08-29,39.29180145263672,39.635895335180514,39.059305586053064,39.635895335180514,680200
1996-08-30,38.882591247558594,39.29178378879097,38.76169345128539,39.28248395830842,1500900
1996-09-03,39.13372039794922,39.189519428934894,38.31533461015941,38.37113364114508,1782000
1996-09-04,39.17090606689453,39.72889618180756,38.97560952667497,39.13370672590033,930200
1996-09-05,38.69662094116211,39.14301310775086,38.69662094116211,38.98491588208401,616600
1996-09-06,39.245296478271484,39.38479397760183,38.7710049805483,38.836103813569125,804900
1996-09-09,39.71027374267578,39.719573572592104,39.32898071610677,39.394079525520986,719200
1996-09-10,39.69169235229492,39.82189003105128,39.50569566835727,39.65449301550739,669900
1996-09-11,39.91489028930664,39.952089627880085,39.52429723428546,39.61729558071908,713500
1996-09-12,40.19387435913086,40.31477217649983,39.970678388603524,40.02647738123535,713300
1996-09-13,40.807682037353516,40.84488138287526,40.54728661870131,40.65888465526654,2008800
1996-09-16,40.956478118896484,41.16107451276927,40.80768074153447,40.86347975804522,1220200
1996-09-17,40.86346435546875,41.058760839643725,40.61236887581521,40.9936620115854,604700
1996-09-18,40.76117706298828,40.91927425898892,40.60307986698764,40.80767623828259,225500
1996-09-19,40.919273376464844,40.94717288103971,40.64027833071622,40.69607733986595,410000
1996-09-20,41.06442642211914,41.148555681804794,40.905515598268465,41.036383335557254,948400
1996-09-23,41.055076599121094,41.12985815941093,40.774645748034196,40.96159964875879,466800
1996-09-24,41.04572296142578,41.42897840242293,40.8681167814515,41.01767988037721,1269800
1996-09-25,41.07377243041992,41.24203094287954,40.98029547905347,41.24203094287954,1353300
1996-09-26,41.055076599121094,41.39159362042536,40.91486117357765,41.12985815941093,773200
1996-09-27,41.092464447021484,41.11115983575989,40.9055105596374,41.11115983575989,407600
1996-09-30,41.055076599121094,41.316812060135526,41.0270335140124,41.14855354948339,578200
1996-10-01,41.2794189453125,41.307462028835126,40.94290194304093,41.101812749669165,561400
1996-10-02,41.55984878540039,41.63463033967012,41.37289489972608,41.42898106542837,609000
1996-10-03,41.522457122802734,41.597238675477755,41.400937099705835,41.578543287308996,342200
1996-10-04,42.08330535888672,42.08330535888672,41.57853003916662,41.69070233243775,754100
1996-10-07,42.130062103271484,42.251582140400956,42.02723745646962,42.06462823712484,235100
1996-10-08,41.961795806884766,42.28896507693177,41.88701425944546,42.14874967548305,386200
1996-10-09,41.63460922241211,42.10199369953842,41.587870774699475,42.02721218319821,528800
1996-10-10,41.550506591796875,41.79354667534844,41.5037681141908,41.6346358514878,1562200
1996-10-11,42.064640045166016,42.064640045166016,41.70942752922905,41.70942752922905,331300
1996-10-14,42.12069320678711,42.28895163504325,42.05525937357639,42.064607064035066,201600
1996-10-15,42.064640045166016,42.55072033013238,41.84964299604628,42.55072033013238,776900
1996-10-16,42.27028274536133,42.27028274536133,41.84028871478048,42.17680578219158,590100
1996-10-17,42.382450103759766,42.49462244633698,42.204843894679165,42.4011454941893,792500
1996-10-18,42.606781005859375,42.66286715900443,42.307654855752425,42.401131777660844,695800
1996-10-21,42.55070114135742,42.849827335672764,42.43852881848917,42.644178077080966,879200
1996-10-22,42.2515754699707,42.52265858692405,42.232880082594605,42.513310893236,848900
1996-10-23,42.39179992675781,42.41049531812573,41.98984901234754,42.15810753465882,735900
1996-10-24,42.02723693847656,42.46657860576046,42.00854154837938,42.39179704537171,379300
1996-10-25,42.064640045166016,42.21420320977105,41.952467671712235,42.01790155622694,568300
1996-10-28,41.784202575683594,42.31702126624601,41.765507183032284,42.10202425075591,975400
1996-10-29,42.12069320678711,42.22351780183253,41.70004713614676,41.91504401669627,815900
1996-10-30,41.98051071166992,42.251593947171685,41.9337722227903,42.251593947171685,495400
1996-10-31,42.382450103759766,42.4011454941893,41.989846904739494,42.036585380813335,726300
1996-11-01,42.23289489746094,42.56941198827736,42.03659326115136,42.46658732163901,821300
1996-11-04,42.51331329345703,42.51331329345703,42.195491690119844,42.28896863227784,1608400
1996-11-05,42.75637435913086,42.95267603415092,42.64420197340511,42.65354967221559,764000
1996-11-06,43.578922271728516,43.59761764807846,42.793716465030705,42.8311072177306,1665000
1996-11-07,43.68175506591797,43.850013484746675,43.391976677935205,43.44806281754477,1446300
1996-11-08,43.92481231689453,43.934160010513786,43.522861491266426,43.69111997641308,1355700
1996-11-11,43.878082275390625,43.98090692494949,43.803300712075085,43.821996102903974,655900
1996-11-12,43.7472038269043,44.027634620666504,43.68176997502645,43.99959154129028,719900
1996-11-13,43.943511962890625,44.008945824566915,43.681776516185465,43.79394885048767,481900
1996-11-14,44.23328399658203,44.23328399658203,43.765899338968104,43.78459472527266,558800
1996-11-15,44.289398193359375,44.56982916545747,44.102444211960645,44.345484387778995,2250900
1996-11-18,44.298728942871094,44.420248984284335,44.111775033004584,44.3735105068177,1518200
1996-11-19,44.61652374267578,44.62587143254435,44.289354597275896,44.354788426355874,1029300
1996-11-20,44.691322326660156,44.87827619541841,44.45762999071234,44.60719308571894,730000
1996-11-21,44.62590026855469,44.7754634030953,44.495032525831654,44.747420315368934,653000
1996-11-22,44.97175216674805,45.018490632936725,44.69132136961596,44.69132136961596,965100
1996-11-25,45.541961669921875,45.56065705648589,44.91566622002763,45.01849084612967,2058800
1996-11-26,45.39241027832031,45.878490454282556,45.14937019033919,45.635450366301434,2861800
1996-11-27,45.30827331542969,45.579356444405846,45.252187150813924,45.50457489158484,872000
1996-11-29,45.47654724121094,45.59806730578149,45.38307026846436,45.46719954393628,1073400
1996-12-02,45.49521255493164,45.54195101040208,45.1026095289799,45.420431026178925,1350600
1996-12-03,44.719356536865234,45.813036452169,44.719356536865234,45.50456262990384,1777800
1996-12-04,44.840885162353516,44.906319016040506,44.32676202624148,44.79414669543424,2365100
1996-12-05,44.719356536865234,44.953048826460055,44.58848885469213,44.77544268636799,1697700
1996-12-06,44.45763397216797,44.71936941186955,43.466778379012,43.82199076146414,3401800
1996-12-09,45.11195755004883,45.121305241211296,44.61652991843827,44.68196375657551,1864600
1996-12-10,44.89697265625,45.270880402710546,44.85023418794243,45.20544654707995,1331600
1996-12-11,44.48568344116211,44.64459426665061,43.85938783482509,44.0463417471645,1847900
1996-12-12,43.7472038269043,44.79414545694987,43.63503150939941,44.73805929819743,2540200
1996-12-13,43.85938262939453,44.018293436022766,43.317216347957,43.70981951727383,1678300
1996-12-16,43.29851150512695,44.08371767231838,43.111557655795664,43.9715453627196,1831100
1996-12-17,43.644405364990234,43.84070703829603,42.999414152699735,43.167672729818996,2023200
1996-12-18,43.990257263183594,44.130472702824,43.83134643159113,43.89678030342332,1666800
1996-12-19,44.89697265625,44.943711124557574,44.20524332529799,44.382849504866755,2269300
1996-12-20,44.995506286621094,45.521549783917706,44.93914448333931,45.16459169646644,1543200
1996-12-23,44.88279724121094,45.21157453368528,44.685530865726335,45.14581907519041,1263700
1996-12-24,45.211551666259766,45.21155166625976,44.96731722966663,44.99549812619661,633000
1996-12-26,45.559120178222656,45.58730107730197,45.314885719535276,45.35246025164103,1384300
1996-12-27,45.61548614501953,45.709422483868416,45.3900389317822,45.559124341710195,410400
1996-12-30,45.220947265625,45.76577795557229,45.183372735283804,45.76577795557229,694100
1996-12-31,44.39430618286133,45.314882146873266,44.39430618286133,45.25852035315825,1378100
1997-01-02,44.50704574584961,44.713705730317464,43.736767621923974,44.713705730317464,2031900
1997-01-03,45.14579772949219,45.164584994464924,44.53521161787817,44.713690635119185,2123200
1997-01-06,44.75126266479492,45.35245511033373,44.67611360910257,45.145795207179766,1374100
1997-01-07,45.29610061645508,45.37124968425508,44.563397205404996,44.75126987490501,939000
1997-01-08,44.90155029296875,45.559104376757,44.90155029296875,45.54031711722019,1802200
1997-01-09,45.277278900146484,45.61544944794841,45.05183186827853,45.126980878901186,1415700
1997-01-10,45.76576614379883,45.840915185085855,44.63853052449343,44.63853052449343,2369500
1997-01-13,45.700035095214844,45.99123778544129,45.474587851168565,45.99123778544129,1364600
1997-01-14,46.27302169799805,46.52664970974104,45.9912127960614,46.10393635683606,2111200
1997-01-15,46.160308837890625,46.41393690842848,45.916074399594905,46.12273430892205,1583900
1997-01-16,46.348148345947266,46.47026547778701,45.99119057595416,46.310573843842725,1308400
1997-01-17,46.630001068115234,46.74272468068925,46.35758567106138,46.41394747734839,1604000
1997-01-20,46.6863899230957,46.9494118381554,46.573666245212976,46.74275176203707,1889900
1997-01-21,47.06210708618164,47.2217988667136,46.357584525011255,46.51727630554321,2785800
1997-01-22,47.400299072265625,47.400299072265625,46.81789349507964,47.0809153686475,1201600
1997-01-23,46.74272155761719,47.9075321430562,46.235465334926005,47.53178679291458,2601100
1997-01-24,46.141517639160156,46.83664636580875,46.141517639160156,46.81785910292635,2176000
1997-01-27,46.01000213623047,46.43271550824565,45.91606583133821,46.216662006993445,2108500
1997-01-28,46.141517639160156,46.79907184004396,45.6906233299827,46.6675609998672,4376000
1997-01-29,46.59241485595703,46.59241485595703,46.04758419836721,46.21666957486061,1122700
1997-01-30,47.193599700927734,47.21238696195517,46.53604556496735,46.81785448037894,2126300
1997-01-31,47.137229919433594,47.73842217029923,47.118442661594045,47.45661330270597,3208100
1997-02-03,47.27815628051758,47.428454412941235,47.10907088154096,47.32512444689997,755000
1997-02-04,47.569339752197266,47.61630789966191,47.156020054508346,47.343892644366946,654100
1997-02-05,46.67695236206055,47.77600718724893,46.36696253957152,47.63510272248119,2255400
1997-02-06,46.986942291259766,47.015123184277314,46.53604800297899,46.761495147119376,2483100
1997-02-07,47.625701904296875,47.64448916343072,46.76148798414001,47.381467535556894,2321000
1997-02-10,47.17483139038086,47.81359852191131,47.146650487519224,47.644513104741485,1670000
1997-02-11,47.719627380371094,47.719627380371094,46.968137185404615,47.36266953776202,1664300
1997-02-12,48.39597702026367,48.48051968198386,47.653880322942086,47.719635726502226,2675400
1997-02-13,48.922027587890625,49.03475115376134,48.508707846364665,48.583856890278476,1104800
1997-02-14,48.80928421020508,48.978369490379,48.64019893003116,48.80928421020508,1112900
1997-02-18,49.22262191772461,49.26019643827249,48.54628054786274,48.90323849306761,833100
1997-02-19,48.893856048583984,49.2977822368816,48.790526093438075,49.0911223265898,648100
1997-02-20,48.30204772949219,48.91263370818083,48.189324164195824,48.71536746891219,1193900
1997-02-21,48.320858001708984,48.55569887457888,48.17995347798705,48.33964527153858,1844400
1997-02-24,48.893856048583984,48.92203694544195,48.07661003970275,48.07661003970275,787300
1997-02-25,48.93141555786133,49.015958222484244,48.621425787577316,48.94080918726387,1653900
1997-02-26,48.45236587524414,48.959622129075704,47.86996054677087,48.88447305443399,1597800
1997-02-27,47.72904968261719,48.58387029295337,47.71965604953657,48.58387029295337,1813100
1997-02-28,47.588138580322266,48.02024564204647,47.53177678966258,47.64450037098194,2961200
1997-03-03,47.907535552978516,47.94511009066712,47.306342949960744,47.34391748764935,1210400
1997-03-04,47.64449691772461,48.1705402590875,47.55056060676695,48.039029423746776,1478700
1997-03-05,48.45236587524414,48.45236587524414,47.76663056913851,47.92632235275215,1254800
1997-03-06,48.1705436706543,48.6402252587067,48.02024556247753,48.47113988700783,1528500
1997-03-07,48.60264587402344,48.790518490467285,48.245687902780126,48.35841147264644,1859300
1997-03-10,49.10989761352539,49.10989761352539,48.424162623895064,48.65900337376846,1074900
1997-03-11,48.846893310546875,49.17567047706017,48.84689331054688,49.14748957707332,624600
1997-03-12,48.41476821899414,48.90323697091259,48.27386377132535,48.88444971122342,1055600
1997-03-13,47.66328811645508,48.37720413869603,47.531777270252796,48.24569329249375,2514100
1997-03-14,47.907535552978516,48.11419551026587,47.64451378915824,47.879354649712056,1642700
1997-03-17,48.039024353027344,48.11417339386118,47.156023123229815,47.644491888649725,3013500
1997-03-18,47.52238845825195,48.16115549030594,47.32512216894116,48.095400060535674,1352500
1997-03-19,47.362701416015625,47.79480856895825,46.930594263073,47.40027595105411,1510000
1997-03-20,47.11845016479492,47.494195381420084,46.8178539914948,47.343897294770024,1808200
1997-03-21,47.33661651611328,47.52520861378704,47.280038886811155,47.48749019425229,2810600
1997-03-24,47.99669647216797,48.02498529130677,47.1291726852447,47.374342451114316,2145600
1997-03-25,47.52521514892578,48.26072443099249,47.393200662400986,47.88354018377879,2125800
1997-03-26,47.73265838623047,48.072124151126616,47.48748866713881,47.713799177069575,1335300
1997-03-27,46.469112396240234,47.902412940929466,45.959913518521695,47.902412940929466,2898500
1997-03-31,45.488407135009766,46.54452272355062,45.41297030725685,46.41250827498302,4270700
1997-04-01,45.78073501586914,45.9787567327246,45.29039552651277,45.41298039885186,3210900
1997-04-02,44.96035385131836,45.8278774575099,44.92263543365785,45.63928536920739,2672700
1997-04-03,45.20551681518555,45.33753125728246,44.771755076867116,44.922628724977876,2284200
1997-04-04,45.77131271362305,45.780742320692184,44.75291515015554,44.960366505676696,3706700
1997-04-07,45.95047378540039,46.242791595239794,45.95047378540039,45.97876260570742,2596200
1997-04-08,46.280513763427734,46.3370914086153,45.77131495673966,45.94104789230235,1822700
1997-04-09,45.9033088684082,46.49737387636008,45.771294422196675,46.46908506645761,2453200
1997-04-10,45.73358917236328,46.19563986709438,45.67701153627376,45.92218129266169,1996500
1997-04-11,44.281436920166016,45.45070825281094,44.28143692016601,45.29983453246966,4221600
1997-04-14,44.87549591064453,44.93207354785064,44.24371229517633,44.49831166260382,3988500
1997-04-15,45.63928985595703,45.64871946129917,44.96035827132296,45.412979327745674,2760400
1997-04-16,46.1673698425293,46.2333771115035,45.41300105425267,45.488437933080334,2273300
1997-04-17,45.97876739501953,46.469106998083724,45.86561210200472,46.16735955004422,1386000
1997-04-18,46.20508575439453,46.459685206510585,46.0164935676419,46.35595950379664,1702100
1997-04-21,45.9033088684082,46.41250744665267,45.54498394297692,46.318211413644434,2809400
1997-04-22,46.91227722167969,46.91227722167969,45.86559123743719,45.9315984616687,3215000
1997-04-23,46.959442138671875,47.09145663464405,46.582257864465674,46.865146070120325,2047700
1997-04-24,46.72367858886719,47.24230670640254,46.393642514071956,47.10086267434745,2689900
1997-04-25,46.18620300292969,46.59167599785128,46.12019577119827,46.50680955705374,1606200
1997-04-28,46.63882064819336,46.95942717913525,46.0919036248219,46.16734045563176,1666500
1997-04-29,48.10983657836914,48.14755499199389,47.25174266840607,47.43090513312363,3197400
1997-04-30,48.336151123046875,48.694476082601255,47.80809328791409,47.82695249631169,3372200
1997-05-01,48.279579162597656,48.60018574297428,47.86467652916908,48.411593636870386,2149500
1997-05-02,49.14710235595703,49.28854643411117,48.317297097452766,48.44931157039663,1448300
1997-05-05,50.316383361816406,50.42953864673803,49.062245620601715,49.27912658336817,3636200
1997-05-06,50.278656005859375,50.372952059883865,49.788316524932014,50.07120468700549,1721100
1997-05-07,49.18484115600586,50.09008363126977,49.128263501301866,50.09008363126977,2327200
1997-05-08,49.52425765991211,50.22204803821247,48.99620007633346,49.07163687398755,2923700
1997-05-09,49.86378479003906,50.16553235306502,49.279148886676275,50.07123623961941,2558200
1997-05-12,50.69356155395508,50.84443524905613,50.014629926000325,50.052348349775585,2357900
1997-05-13,50.486114501953125,50.75014349075676,50.09950062549065,50.65584742332689,1195100
1997-05-14,50.580406188964844,50.99530884972444,50.35409564673234,50.83500554897641,2772000
1997-05-15,50.91987991333008,51.051894416809084,50.401251506805416,50.58041404724121,884100
1997-05-16,50.22206497192383,50.88213717395813,50.09005053151697,50.76898193932368,1934200
1997-05-19,50.37295913696289,50.63698812532586,50.12778936205442,50.2786630696904,1375800
1997-05-20,50.976436614990234,51.10845106423365,49.939180228077745,50.259786747668876,1756400
1997-05-21,50.86329650878906,51.28762879334514,50.48611225585032,51.10846627319924,1208000
1997-05-22,50.69356155395508,50.97644973226956,50.42953258752823,50.91987209660666,907600
1997-05-23,51.16507339477539,51.42910252397806,50.787888924485856,50.91990348908719,644400
1997-05-27,51.372501373291016,51.617671166922726,50.85387296368547,50.91988021581708,1531000
1997-05-28,51.363067626953125,51.570518974078695,51.00474257282715,51.37249723364065,716700
1997-05-29,51.06132507324219,51.447938984230724,50.99531782014658,51.35364290837986,1282700
1997-05-30,51.39133071899414,51.636500370130626,50.16548246331171,50.222060075112445,2143300
1997-06-02,51.16507339477539,51.59883553560835,51.12735494774643,51.50453941803597,1479100
1997-06-03,50.99530792236328,51.56108426765577,50.90101186481453,50.93873028783403,1562100
1997-06-04,50.93876266479492,51.14621412325947,50.74074081807876,51.014199558782025,1063100
1997-06-05,51.1273078918457,51.48563280883023,50.94814543335343,51.05187106721738,1180800
1997-06-06,52.126861572265625,52.164579995979274,51.051886496426576,51.051886496426576,1511100
1997-06-09,52.39087677001953,52.42859518382084,52.107988666509705,52.16456628721167,1823400
1997-06-10,52.55117416381836,52.74919581417547,52.202278875093924,52.409730127848995,1217500
1997-06-11,52.67380142211914,52.74923830206488,52.4003427323158,52.5040684422412,1673800
1997-06-12,53.69215774536133,53.711016950751336,52.84349350281083,53.03208555671094,4273300
1997-06-13,54.1447868347168,54.31451970880681,53.654447420678956,53.74874346184008,2132900
1997-06-16,54.16367721557617,54.3145509682658,53.99394424380034,54.16367721557617,800400
1997-06-17,54.08822250366211,54.45597715457613,53.67331982057963,53.975067226457796,2048100
1997-06-18,53.89961624145508,54.0882083206764,53.692164954311615,53.78646099392228,1971900
1997-06-19,54.45598602294922,54.616289358428034,53.93735758463542,54.07880170417555,2029900
1997-06-20,54.270442962646484,54.73429290249817,54.22311133613101,54.488168444617685,1396900
1997-06-23,52.95461654663086,54.46922838922309,52.91675125056606,54.166306020704646,3991500
1997-06-24,54.2988395690918,54.45030076733194,53.31434178053085,53.465802978771,4895100
1997-06-25,53.92017364501953,54.67747945464059,53.276463706841625,54.21362964624769,4708900
1997-06-26,53.655120849609375,54.2988308386308,53.125006741003496,53.82551467023269,2569900
1997-06-27,53.86336135864258,54.35561000374792,53.73083287726806,53.90122663903529,2617900
1997-06-30,53.50364303588867,54.20415074725735,53.238586064019444,53.86336321199691,2384900
1997-07-01,54.12845993041992,54.26098851367034,53.55101396054311,53.61727825216832,1749000
1997-07-02,55.018272399902344,55.018272399902344,54.05270739907818,54.260966516903,1961800
1997-07-03,55.77556610107422,55.83236402989405,55.41584588521529,55.66197024343455,2539100
1997-07-07,55.20765686035156,56.04069420666688,55.07512819161958,55.96496353882004,1158600
1997-07-08,55.78504180908203,55.85130607052164,55.24546139450242,55.28332668675362,3396500
1997-07-09,55.16974639892578,55.964917760886955,54.54496890024199,55.927052457936426,5390300
1997-07-10,55.41586685180664,55.64305865304398,54.819488373558634,55.20760770067242,2072200
1997-07-11,55.60519027709961,55.85131471482596,55.35906583937326,55.491594382764376,2258900
1997-07-14,55.77556610107422,55.927027244593766,55.264384741695736,55.671436564904525,3186400
1997-07-15,56.0595703125,56.20156517144757,55.41586028527102,55.92704177748227,2983100
1997-07-16,56.79793930053711,57.006198411305746,56.27729152361552,56.41928637186686,2621300
1997-07-17,56.51396942138672,56.835824523619074,56.21104697222686,56.72222860518413,1794800
1997-07-18,55.311763763427734,56.47612230234637,55.169768819657165,56.353060017745214,3961900
1997-07-21,55.321205139160156,55.49159899482492,54.94255212657179,55.30227248853073,3810300
1997-07-22,56.78847122192383,56.8263365136204,55.51051762716475,55.548382918861314,4243400
1997-07-23,56.741127014160156,57.24284201778887,56.66539644757469,56.911520788977455,3204300
1997-07-24,57.006202697753906,57.11033226096801,56.154233544184024,56.91153945846837,4152700
1997-07-25,56.96833038330078,57.44164652141395,56.722205991481935,57.29018535721774,2364800
1997-07-28,56.93046188354492,57.290182128236424,56.64647221668321,57.10085568366195,2794700
1997-07-29,57.11976623535156,57.233362058159685,56.59911871414766,56.72218085552313,2737100
1997-07-30,57.80137634277344,57.933904883356284,57.19553158582331,57.25232953178739,4839800
1997-07-31,57.74457931518555,58.180030241168915,57.57418547458336,57.801377262052945,2138700
1997-08-01,57.51740264892578,57.99071899725466,56.83582710733219,57.858190419722575,7077700
1997-08-04,57.66884994506836,57.88657541268762,57.19553371111343,57.42272550341179,2339500
1997-08-05,57.70669937133789,57.97175638944771,57.498440285680175,57.61203615058439,1466700
1997-08-06,58.18002700805664,58.48294937451577,57.59311492304207,57.82030669788642,2478200
1997-08-07,57.74457931518555,58.53975057132909,57.63098342145076,58.46401997550589,3641900
1997-08-08,56.57072830200195,57.40376446173693,55.983816462188685,57.13870750182125,7113100
1997-08-11,56.987281799316406,57.1198103616404,56.116379818330174,56.7979552817107,6355900
1997-08-12,56.07850646972656,57.28072968405055,56.021708522593144,57.081936869083584,6132500
1997-08-13,55.908103942871094,56.85473624803315,55.41585514418682,56.760073017516945,6982300
1997-08-14,56.11637496948242,56.53289327222487,55.567328115867376,56.40036472135227,3462700
1997-08-15,54.39351272583008,55.81346171797671,54.29884945968697,55.81346171797671,4907100
1997-08-18,55.60519027709961,55.60519027709961,54.1284436507415,54.753221069585315,5638900
1997-08-19,56.2489128112793,56.286778117783015,55.453741374701124,55.87025974624207,3802800
1997-08-20,57.10086441040039,57.13872970510225,56.10690042447665,56.30569322166139,3564600
1997-08-21,56.09741973876953,57.10084979147111,55.794497458708676,57.025119221455896,5392600
1997-08-22,56.07850646972656,56.18263603947116,54.86681693088035,55.13187401750295,8087800
1997-08-25,55.87025451660156,56.58969527283025,55.643062698845135,56.2110422432362,3888000
1997-08-26,55.04667282104492,56.07850211382117,54.95200958317554,55.7377144574914,4290000
1997-08-27,55.377986907958984,55.718774519700276,54.77214226486337,55.13186252170139,5484300
1997-08-28,54.535499572753906,55.699857574394024,54.52603324753732,55.24547396399788,4287900
1997-08-29,54.75320816040039,55.19812530831512,54.35562262396594,54.601747003663455,2652300
1997-09-02,56.53287124633789,56.5612702104603,54.8857313272383,54.94252925548311,7294000
1997-09-03,56.22998809814453,56.94942902330598,56.19212278629393,56.5234442649867,2812500
1997-09-04,56.589664459228516,56.778990870935544,56.19207899464378,56.381405406350794,2473700
1997-09-05,56.42875289916992,57.21445772900235,56.09743158538516,56.93046803147256,3663300
1997-09-08,56.674869537353516,56.94939287401348,56.532874708046634,56.778999078845224,803500
1997-09-09,56.70326614379883,57.11978429243441,56.28674799516324,56.47607442636124,1885200
1997-09-10,55.529449462890625,56.646475551642936,55.529449462890625,56.41928380477806,3623700
1997-09-11,55.245460510253906,55.68091136417297,54.67748113557686,55.6051807808827,7055900
1997-09-12,56.13532257080078,56.32464912247296,55.094026536603806,55.73773681228921,6708000
1997-09-15,56.040679931640625,56.53292914725638,55.85135331024994,56.13534324233596,2060500
1997-09-16,57.44164276123047,57.72563242550814,56.362482036975315,56.532875835541915,6979000
1997-09-17,57.44164276123047,57.85816093550439,57.25231631837868,57.78243035836367,2220000
1997-09-18,57.68779754638672,58.38830575420303,57.53633631226427,57.555268966529574,5045400
1997-09-19,57.785400390625,57.984922489967836,57.405358296638646,57.55737513423318,1566400
1997-09-22,58.10838317871094,58.49792596980432,57.899360217636435,58.07037900397012,3259000
1997-09-23,57.84237289428711,58.19391162574056,57.61434777118217,58.10840220457621,1872800
1997-09-24,57.367340087890625,58.440958741406966,57.329335887766156,57.994409389944416,2793100
1997-09-25,56.968265533447266,57.614336590197496,56.93026135363842,57.3103031517268,6327800
1997-09-26,57.44331359863281,57.652336572362536,57.27229480194485,57.42431151011193,3995800
1997-09-29,57.99436950683594,58.1083820288022,57.25328811405527,57.46231107099341,2065000
1997-09-30,57.386314392089844,58.18440220813878,57.386314392089844,57.766356209256,4137600
1997-10-01,58.146385192871094,58.26039771285711,57.63332885293399,57.91836015289905,3567500
1997-10-02,58.469459533691406,58.488461632987374,57.956402852700286,58.08941754777206,2577500
1997-10-03,58.763980865478516,59.438555261832434,57.97539389509295,59.26753640078496,6499900
1997-10-06,59.153526306152344,59.353048319070616,58.92550114853145,59.17252840262075,2272100
1997-10-07,59.704593658447266,59.894614643992924,59.10602755397843,59.30554958880137,1832800
1997-10-08,59.28656005859375,59.81861893091447,58.82100854531313,59.809117879623024,4439400
1997-10-09,59.07752990722656,59.35306036192414,58.50746689750743,58.84950470333891,3607600
1997-10-10,58.90651321411133,58.97302056774017,58.52647119337513,58.56447539544875,2858100
1997-10-13,58.96351623535156,59.315055084966126,58.81149943551823,59.19154143510155,1760300
1997-10-14,58.982513427734375,59.286547002104136,58.48845886938351,59.267544903706025,2235700
1997-10-15,58.84947204589844,59.02049085391041,58.5454386094327,58.56444069921181,2601700
1997-10-16,57.91838455200195,59.286535368190975,57.76636779464762,59.17252280017522,9488100
1997-10-17,57.32931137084961,57.99438458860889,56.55022560147446,57.775860531345124,8151300
1997-10-20,58.146385192871094,58.22239353952844,57.253287119647254,57.671333026262666,3636400
1997-10-21,59.277042388916016,59.28654343754383,58.39344486652955,58.507457450063285,5225400
1997-10-22,58.88751220703125,59.220048981352974,58.69749119313311,59.19154582926826,4485200
1997-10-23,57.72837448120117,58.2224290356815,57.329330417967064,57.72837448120117,8054100
1997-10-24,57.158294677734375,58.46943907027549,56.95877270495638,58.46943907027549,6778700
1997-10-27,53.01581954956055,57.12027009533298,52.80679660509992,56.55970856246128,10840700
1997-10-28,56.0752067565918,56.47425092531034,51.305678835241565,51.305678835241565,19548000
1997-10-29,55.92317199707031,57.00629153625924,55.50512585913775,56.24620764910912,10134400
1997-10-30,54.688053131103516,56.28422980344983,54.57404051165021,55.106099402432314,9772900
1997-10-31,55.980159759521484,56.24618903197,54.99205103328418,55.82814303240806,7072700
1997-11-03,57.158294677734375,57.38631978948066,56.47421934249554,56.66424026895077,5548500
1997-11-04,57.158294677734375,57.4243239747717,56.721246546887336,57.08228630715229,3455700
1997-11-05,57.34830856323242,57.93737336292103,57.06327720854439,57.27230020198228,4774900
1997-11-06,57.12978744506836,57.367313586117206,56.854257121451695,57.17729267327813,3679800
1997-11-07,56.51222610473633,56.70224703985649,55.600125616159545,56.17018842152004,10606800
1997-11-10,56.1701774597168,57.06327568049037,55.94215238207248,56.93026105186452,4347900
1997-11-11,56.18919372558594,56.58823771213897,55.96116859041278,56.36021257696581,3212400
1997-11-12,55.03010940551758,56.37925918721363,54.95410096711217,55.71418535116628,6775300
1997-11-13,55.82815170288086,56.03717473512446,54.783036541662874,55.61912867063726,8589600
1997-11-14,56.588226318359375,56.78774827146306,55.704629097471624,56.132176139836666,5827900
1997-11-17,57.63334274291992,57.956378294067186,57.17729255306497,57.38631555674849,5149900
1997-11-18,57.272300720214844,57.82336134426469,57.09178086061231,57.652342529904395,3433600
1997-11-19,57.55735778808594,57.804385074730085,56.39822975075572,56.96829271993451,4387900
1997-11-20,58.43145751953125,58.69748691962017,57.93740291936611,57.956405019372454,4822700
1997-11-21,58.83050537109375,58.868509573529856,58.16543182846188,58.75449696622154,5436500
1997-11-24,57.76634979248047,58.58343960862411,57.53832472751016,58.37441663240132,4337200
1997-11-25,57.91838455200195,58.26042225604921,57.557344753285406,58.14640968803346,4525000
1997-11-26,58.08940124511719,58.36493160758176,57.95638658737567,58.298424278711,2681100
1997-11-28,58.146385192871094,58.52642692615783,58.12738310620676,58.22239353952844,1564700
1997-12-01,59.64759826660156,59.64759826660156,58.39345953273864,58.507472144908,4850900
1997-12-02,59.28656005859375,59.581092648628434,59.13454323793069,59.40057267409105,1974900
1997-12-03,59.4575309753418,59.91358106911239,58.90647044536899,59.36252053913959,3302500
1997-12-04,59.40053176879883,60.027600722212256,59.21051087382507,59.894586095730624,2872500
1997-12-05,60.16062927246094,60.19863346025151,59.05850782653462,59.21052457769687,3458800
1997-12-08,59.98960494995117,60.198627963714074,59.74257775186775,60.17962587155381,2289200
1997-12-09,59.62855911254883,59.951594646300684,59.36252984945906,59.72356956365231,1703000
1997-12-10,59.11548614501953,59.49552784315531,58.6594361072566,59.32450907899421,3558400
1997-12-11,58.10838317871094,58.73545206193443,57.95636647974766,58.56443327560075,5072800
1997-12-12,58.22239685058594,58.67844695646521,57.70934048147177,58.64044278097527,4478400
1997-12-15,58.81151580810547,59.049042123970196,58.29845896583767,58.526484229067805,4674700
1997-12-16,59.17253494262695,59.47656851972459,58.906505562666524,59.11552864692115,2885800
1997-12-17,58.868507385253906,59.51457880265178,58.802000033462946,59.495576702140085,2236300
1997-12-18,58.29841995239258,58.944491099192234,57.899376008781026,58.944491099192234,4658300
1997-12-19,57.86267852783203,58.530398194325315,56.39369526154682,57.710056889776425,8556000
1997-12-22,58.234683990478516,58.549466066102724,57.72912489932449,58.26330054280799,5136800
1997-12-23,57.194984436035156,58.37780265986244,57.09959586959747,58.26333638013722,4436500
1997-12-24,57.02326583862305,57.652830165379335,56.927877304266026,57.652830165379335,2019200
1997-12-26,57.25218963623047,57.46204437998206,57.023257188501454,57.46204437998206,941800
1997-12-29,58.37778091430664,58.435014032850084,57.6528280794231,57.74821661032883,2080000
1997-12-30,59.29350280761719,59.369813622041406,58.51131695976896,58.56855007058712,3616000
1997-12-31,59.25537872314453,59.59877756957615,59.026446158856785,59.14091244100066,4359500
1998-01-02,59.560611724853516,59.61784485591519,58.93104728317505,59.40799004202237,2360900
1998-01-05,59.69412612915039,60.094757848137974,59.08363970021693,59.73228153095873,4191800
1998-01-06,58.740272521972656,59.38891469987038,58.72119481085802,59.369836988755736,3154900
1998-01-07,58.89288330078125,59.04550496142467,58.12977499756413,58.663950809816114,4424200
1998-01-08,58.37778091430664,58.79749045029185,58.22515926485748,58.79749045029185,3831000
1998-01-09,56.35555648803711,58.301482947678196,56.10754625298481,58.14886126456909,10258800
1998-01-12,57.38577651977539,57.500242829322815,55.49708241224289,55.63062644004822,12097900
1998-01-13,58.18700408935547,58.22515950187308,57.51928437029729,57.767294551661756,5224900
1998-01-14,58.45411682128906,58.58766082185989,57.824552247169436,58.415961392554536,3770400
1998-01-15,57.96760177612305,58.454083212782955,57.88175211083012,58.30146158559553,2875400
1998-01-16,58.7974853515625,59.02641780588396,58.396853556499934,58.75932994250892,4374800
1998-01-20,59.75136947631836,59.837219145106175,58.9119504926153,59.02641671766571,5091700
1998-01-21,59.17906188964844,59.6369269719668,58.702119095566815,59.35076129551783,4699400
1998-01-22,58.65441131591797,59.140892853909804,58.530406217998475,58.70210558434854,4543400
1998-01-23,58.568538665771484,59.08363656283201,57.99620766903756,58.911937263811836,6350300
1998-01-26,58.53042984008789,59.05506700456065,58.24426411401184,58.83567328123568,4362900
1998-01-27,59.121826171875,59.52245810140368,58.39687315653739,58.492261711187076,7044200
1998-01-28,59.65601348876953,59.89448492100797,59.331692340925244,59.46523634297877,4268600
1998-01-29,59.98030471801758,60.78156833066285,59.56059520663195,59.7322945521988,8007700
1998-01-30,60.01844024658203,60.41907192019241,59.82766325914853,60.3046057277323,3649100
1998-02-02,61.01050567626953,61.35390439489769,60.89603943672682,60.99142796967908,5756300
1998-02-03,61.46836853027344,61.544679354023,60.876959646214324,61.04865899965084,2759600
1998-02-04,61.392032623291016,61.754508888002796,61.0104786604365,61.22033334000648,3374000
1998-02-05,61.353912353515625,62.0216321707958,61.067746717538405,61.84993278920947,5076200
1998-02-06,62.040687561035156,62.040687561035156,61.468356494973946,61.65913351699435,5701200
1998-02-09,61.83084487915039,62.11701046791535,61.487446172632424,62.09793276199769,2322200
1998-02-10,62.422279357910156,62.55582335409151,61.77363709074361,61.92625880066515,3660400
1998-02-11,62.36501693725586,62.47948316595685,62.08839021789513,62.32686152768886,4073200
1998-02-12,62.63212966918945,62.84198450512033,61.58285548953504,62.097953723183565,5024700
1998-02-13,62.2696647644043,62.584447077092,62.19335390072243,62.3841310599271,2101300
1998-02-17,62.57488250732422,62.93735896087274,62.365027718427704,62.765659588139236,3055500
1998-02-18,63.14719772338867,63.17581427824822,62.44132270351998,62.460400406759675,3007400
1998-02-19,62.813377380371094,63.12815968159391,62.727527661855774,63.03277110546578,3387800
1998-02-20,63.28076934814453,63.31892477132702,62.49858317290368,62.97552596268469,3707000
1998-02-23,63.528785705566406,63.64325198611698,63.089998296789226,63.64325198611698,3227800
1998-02-24,63.03275680541992,63.54785499965307,62.841979696444675,63.43338873426793,3386800
1998-02-25,63.814964294433594,64.02481918449003,63.26171049337573,63.33802136248716,3481800
1998-02-26,64.17742919921875,64.23466234059737,63.60509778543261,63.75771949577558,3187600
1998-02-27,64.17742919921875,64.42543947852607,63.81495263715419,64.0820406302544,3442900
1998-03-02,64.04383087158203,64.55892870701031,63.87213159310594,64.25368554527503,4252300
1998-03-03,64.40634155273438,64.482652383958,63.81493261075133,63.81493261075133,3349200
1998-03-04,63.98662185668945,64.34909824764863,63.75768939924154,64.15832119977537,4404100
1998-03-05,63.39521026611328,63.75768664139349,62.97550077894671,63.185355522529996,7268000
1998-03-06,64.67345428466797,64.67345428466797,63.75772395851338,63.834034819026265,6896300
1998-03-09,64.44448852539062,64.84512033682734,64.25371147232552,64.42541082008411,3362800
1998-03-10,65.05498504638672,65.22668442040944,64.67343088189178,64.8451302559145,5481900
1998-03-11,65.36024475097656,65.51286645500686,65.18854533394247,65.3030116119652,3439600
1998-03-12,65.6273193359375,65.68455246326535,65.0168326444404,65.3793091175168,3191300
1998-03-13,65.37930297851562,65.93255649073534,65.24575902729018,65.83716795414574,2879400
1998-03-16,66.08516693115234,66.16147774747007,65.6463797373254,65.83715677811972,3223600
1998-03-17,66.27593994140625,66.27593994140625,65.72268655674857,66.12331831805241,4581900
1998-03-18,66.52397155761719,66.52397155761719,65.95164028525456,66.08518424880583,1944100
1998-03-19,66.6956558227539,66.77196664177308,66.33317943241285,66.52395647996077,2554800
1998-03-20,67.26993560791016,67.4612607945083,66.65769501079608,67.078610421312,3123300
1998-03-23,67.11689758300781,67.53781313227411,66.98296990824126,67.17429515790776,4453100
1998-03-24,67.6908187866211,67.84387886301819,67.30816859562832,67.38469863382687,3333600
1998-03-25,67.44216918945312,68.28400052117964,66.84906075119127,68.20747040011359,4597600
1998-03-26,67.40386199951172,67.80564488398227,67.1168742248899,67.26993437135486,3333500
1998-03-27,67.11689758300781,67.82480100677385,66.73424708367482,67.80566848180722,2611300
1998-03-30,67.07859802246094,67.40385077955787,66.71508023511731,67.11686305270764,3108700
1998-03-31,67.30821228027344,68.07351315895761,67.19341714847081,67.44213993404317,5926500
1998-04-01,67.85350036621094,68.00656056723439,66.98297047289003,67.53781370160006,2929000
1998-04-02,68.590087890625,68.72401553783124,67.80565452841701,67.9204496545938,3920900
1998-04-03,68.93449401855469,69.0684217060734,68.47531337563343,68.7814338042476,3787600
1998-04-06,68.37965393066406,69.41281042541948,68.37965393066406,69.33628031469685,4550500
1998-04-07,67.92044067382812,68.53268126581756,67.44212771133637,68.41788615481954,5583700
1998-04-08,67.53782653808594,68.13093492978017,67.193441020328,68.0926698722515,4854800
1998-04-09,68.07349395751953,68.13089150723076,67.67171110954092,67.69084362611133,4481200
1998-04-13,67.88219451904297,68.1883149001886,67.34648385203812,68.1883149001886,4350200
1998-04-14,68.45616912841797,68.45616912841797,67.90132594654985,68.0352536111387,3279100
1998-04-15,68.64751434326172,68.64751434326172,68.05440594174524,68.55185169785584,3867200
1998-04-16,67.84394836425781,68.26486400554762,67.65262307276244,68.1500688306504,7177900
1998-04-17,68.74315643310547,68.83881904990633,67.6143375548552,67.78653026509677,5688800
1998-04-20,68.7239990234375,68.91532418775665,68.49440882625453,68.5709388919822,3688300
1998-04-21,69.04930877685547,69.27889916347843,68.51359787473523,68.83885092245109,4573200
1998-04-22,69.2406005859375,69.45105833847833,69.06840787931317,69.10667292522969,2386100
1998-04-23,68.57096099853516,69.18320172173635,68.41790081773485,68.9536114505359,5062000
1998-04-24,67.84394836425781,68.85797240918326,67.55696042701476,68.41792423874391,11039700
1998-04-27,66.56208038330078,67.15518888915945,65.89244174765389,66.9638635646889,14510200
1998-04-28,66.46636962890625,67.23167037305025,66.19851436845585,67.21253785444665,6511400
1998-04-29,66.92559051513672,67.32737364858951,66.38987967053299,66.75339774365695,7703100
1998-04-30,68.1691665649414,68.5231181735441,67.5951909834235,67.69085358034316,8684500
1998-05-01,68.93449401855469,68.93449401855469,68.15006042023087,68.41791579526827,4008800
1998-05-04,68.76229858398438,69.37453941723076,68.66663595378964,69.01102142249073,4537200
1998-05-05,68.28395080566406,68.66660113239796,68.03522809328703,68.57093855071449,5146400
1998-05-06,67.48042297363281,68.64750712486376,67.46129044656345,68.64750712486376,5526100
1998-05-07,66.94471740722656,67.69088602079668,66.94471740722656,67.65262096369051,6940400
1998-05-08,68.0352783203125,68.18833856400275,67.34650722370641,67.34650722370641,7951000
1998-05-11,67.80564880371094,68.70487721617549,67.57605857074125,68.30309430847856,6336300
1998-05-12,68.53270721435547,68.55183974009928,67.55694840142077,67.84393628757803,6045200
1998-05-13,68.70489501953125,68.91535278762227,68.32224453209304,68.6092323976717,4441500
1998-05-14,68.36052703857422,68.99190050408582,68.16920174599494,68.28399692154251,4187500
1998-05-15,67.97785186767578,68.70488771652792,67.84392421130828,68.57096006016042,6716100
1998-05-18,67.7099838256836,68.32222442540721,67.2412371165202,67.78651390064904,4847200
1998-05-19,68.1691665649414,68.37962427816463,67.82478121603067,67.95870885171817,5918700
1998-05-20,68.81964111328125,68.87703864548583,67.88214808727325,68.62831600593267,5716600
1998-05-21,68.37965393066406,69.04929239948702,68.15006359849619,68.80056953963849,6301500
1998-05-22,68.11180877685547,68.60925457129318,67.9204834713025,68.41792926574021,4862200
1998-05-26,67.02125549316406,68.62838808278033,66.84906271570517,68.62838808278033,6899300
1998-05-27,67.11689758300781,67.28909030770767,65.86371719769225,66.44725920917507,10202600
1998-05-28,67.42301177978516,67.57607196543734,66.77250599076339,67.26995159413298,4907600
1998-05-29,66.7533950805664,67.8439492564312,66.7533950805664,67.72915408002439,4772600
1998-06-01,67.05947875976562,67.48039417566144,66.46637067373061,66.71509341948723,6092200
1998-06-02,67.11689758300781,67.55694565724076,66.82990970850807,67.34648788260762,6701100
1998-06-03,66.04544830322266,67.46125455306,66.04544830322266,67.26992938416306,6445100
1998-06-04,67.26993560791016,67.38473071986905,66.16024952564088,66.27504463759976,6566300
1998-06-05,68.57096099853516,68.57096099853516,67.26994946173258,67.57606982333319,8463200
1998-06-08,68.49445343017578,68.85797147910688,68.36052572793801,68.532718487958,4159900
1998-06-09,68.70489501953125,68.82925642794868,68.20744938586158,68.39877462958069,2725300
1998-06-10,68.26483154296875,69.22145754553277,68.11177138255852,68.34136162317388,6186900
1998-06-11,66.98295593261719,68.49442508962284,66.96382341164244,68.22656979597626,8056600
1998-06-12,67.61433410644531,67.61433410644531,66.2750575395378,67.26994870352624,9779000
1998-06-15,65.83501434326172,67.28908615090133,65.81588181947699,66.61944781843572,10234200
1998-06-16,66.84905242919922,66.86818495708393,65.96895614650225,66.3707392320813,7471500
1998-06-17,68.24569702148438,68.43702221638621,67.3082035664654,67.44213120289668,12057700
1998-06-18,67.93958282470703,68.2265706428908,67.80565517622126,68.07351047319278,3844600
1998-06-19,67.59916687011719,68.31891949863206,67.3304592221383,68.21335577978321,3549100
1998-06-22,67.92543029785156,68.21333124570909,67.59914255694638,67.71430293608938,5438300
1998-06-23,68.73158264160156,68.82754966567529,68.17497390197396,68.2325541164182,5004600
1998-06-24,69.65283203125,69.82557259015914,68.54921179377497,68.88509621387607,8291900
1998-06-25,69.53768157958984,70.28622410832405,69.28816740334511,69.95993633938862,5854800
1998-06-26,69.82562255859375,69.92158960444118,69.48014119354299,69.59530164855991,4833100
1998-06-29,70.07510375976562,70.43977836163786,69.8927664588295,70.17107076025832,5953400
1998-06-30,69.59527587890625,70.13269113665842,69.44172866240564,69.95995051809523,4284800
1998-07-01,70.40141296386719,70.5933470232016,69.78722397399702,70.05593165706522,3489500
1998-07-02,70.53575897216797,70.55495237596992,70.17108429993091,70.45898535696017,3503900
1998-07-06,71.24594116210938,71.24594116210938,70.36304426193237,70.49739813804626,3144400
1998-07-07,71.1115493774414,71.32267678449993,70.80445496717445,71.23630648161236,4920700
1998-07-08,71.62979888916016,71.82173296978492,71.09238346341083,71.16915709566074,6875000
1998-07-09,71.14995574951172,71.68737111530247,71.01560190806403,71.41866343240709,6942500
1998-07-10,71.53382873535156,71.82172984375785,70.67012541013267,71.26512103417235,7849700
1998-07-13,71.55301666259766,71.76414412592614,71.28430898199777,71.59140347411193,6555100
1998-07-14,72.35914611816406,72.57027360020646,71.82173070932889,71.82173070932889,6983600
1998-07-15,72.22478485107422,72.64703977180864,72.18639804009835,72.51268593339314,4977500
1998-07-16,72.72381591796875,72.83897635489349,71.8984994533415,72.28236757642395,6315600
1998-07-17,72.81978607177734,73.08849376945919,72.66623881595916,72.8581728857319,3539500
1998-07-20,72.81978607177734,73.23244432178873,72.43591793223187,72.934946513641,2338400
1998-07-21,71.55301666259766,73.08848912316842,71.4186628222977,73.08848912316842,5518600
1998-07-22,71.55301666259766,71.85051445183323,70.95802108412649,71.45704963381198,10417300
1998-07-23,70.13269805908203,71.61059016377533,69.95995742346854,71.43784952816183,15110900
1998-07-24,70.07510375976562,70.68929256291887,69.3265611559226,70.6125189625247,11540500
1998-07-27,70.57416534423828,70.63174557160644,69.30740034213882,69.7872355702068,9600000
1998-07-28,69.38417053222656,70.42061457337186,68.71240124629907,70.28626071618636,13693000
1998-07-29,69.11544799804688,70.09431160479511,68.94270736156189,69.84479735209457,7462400
1998-07-30,70.15193176269531,70.38225274249076,69.65290297313852,69.78725687801919,6821600
1998-07-31,68.65483093261719,70.32465768440296,68.3669297685162,70.22869062970263,7680500
1998-08-03,68.3669204711914,69.04828646690372,68.19417979622207,68.65482159614027,10486500
1998-08-04,65.71823120117188,68.92353044492063,65.71823120117188,68.92353044492063,15091600
1998-08-05,66.6203384399414,66.86985281612097,64.85454439313224,66.29405040955275,21718400
1998-08-06,66.90821838378906,67.25369971795665,66.06370845582386,66.40918978999144,13084400
1998-08-07,67.02336120605469,67.9254511191946,66.62029975550281,67.36884244938487,12083800
1998-08-10,66.63949584960938,67.34965176736155,66.44756181778446,66.7930430750693,6273000
1998-08-11,65.64143371582031,65.98691494590358,64.79692404228345,65.58385351080643,14287100
1998-08-12,66.7546615600586,66.86982198828181,66.02531218131155,66.17885941894251,11158400
1998-08-13,65.94853973388672,67.34965830215614,65.94853973388672,66.8314363659469,9073900
1998-08-14,65.18079376220703,66.77384614214319,64.96966633836007,66.54352531612832,8628500
1998-08-17,66.56271362304688,66.90819483562325,64.79692075876767,65.10401516994666,11290000
1998-08-18,67.79113006591797,67.92548394770206,66.81226607006242,66.94661995184651,7603900
1998-08-19,67.61837005615234,68.23255905467543,67.33046896309463,68.23255905467543,6258600
1998-08-20,67.21531677246094,67.81031243777969,67.0425760954329,67.36886404093029,7402800
1998-08-21,66.67786407470703,66.77383106387616,64.79691108699221,66.44754330070114,16685400
1998-08-24,67.10014343261719,67.52239833980185,66.52434128645628,67.10014343261719,7201700
1998-08-25,67.25367736816406,68.32850782838587,66.72585883859085,67.79109259827496,9688300
1998-08-26,66.86981201171875,67.33045365588673,66.17884954546678,66.50513737675243,9339700
1998-08-27,63.722084045410156,66.06367870009089,63.54934345613043,65.71819752153144,24887800
1998-08-28,63.49177551269531,64.93128070116332,62.74323281469195,64.47063904085356,23735900
1998-08-31,58.962162017822266,63.885272225365036,58.34797283013661,63.72212822238604,22563100
1998-09-01,61.4572868347168,61.76438133482781,57.50344514578748,59.00053083382868,24748500
1998-09-02,61.01583480834961,62.49372700093939,60.67035351657537,61.303735884828136,13843200
1998-09-03,60.536014556884766,61.03504321207785,59.42279678760787,59.9602122624312,17311300
1998-09-04,60.0369873046875,61.3037523820882,58.8086090478141,61.07343145892444,17783800
1998-09-08,63.26148223876953,63.26148223876953,61.3037543296814,61.95633029937744,14746500
1998-09-09,61.72600173950195,63.33824805359342,61.687614922499776,63.107927151580355,12109700
1998-09-10,60.49760818481445,61.015830082336656,59.46116438977004,60.45922137759059,19889300
1998-09-11,62.45534896850586,62.45534896850586,59.57633779909102,60.30568729534278,20379800
1998-09-14,63.53015899658203,64.15394454564212,62.70484273167175,63.18467776941028,10686800
1998-09-15,63.91404724121094,64.06759450185048,62.82002300915418,63.1846977531731,8337900
1998-09-16,64.4898681640625,64.64341546921503,63.357456788562594,64.33632085890997,11024900
1998-09-17,62.64730453491211,63.28068720943787,62.51295063425513,62.80085184994866,12945200
1998-09-18,62.92633819580078,63.118950189053926,62.30997981739074,63.09968898972861,7019200
1998-09-21,62.8878059387207,63.73529857617973,60.98094750443791,61.40469382316741,8834600
1998-09-22,63.40790939331055,63.88943968943229,62.96490152087855,63.79313363020794,7270100
1998-09-23,65.9503402709961,65.9503402709961,63.96643692756367,64.02422052009084,13688500
1998-09-24,64.33236694335938,65.8347395845516,63.63896418588604,65.52656058123011,11129500
1998-09-25,64.25536346435547,64.97765846732709,63.25378106023482,63.56196026150271,10247400
1998-09-28,64.83318328857422,65.52658631839854,64.25534743038727,64.9102280696658,8847800
1998-09-29,64.67910766601562,65.29546604758575,63.716047694812296,64.94876445795255,10618100
1998-09-30,62.714454650878906,64.29387273483839,62.483320297128735,63.79308163504635,7908400
1998-10-01,60.90390396118164,62.58925867231491,60.460896437112325,61.65509063242961,13335600
1998-10-02,62.07884979248047,62.175155795881764,59.92159531629126,60.94243895234508,14351800
1998-10-05,60.826873779296875,61.61658303355627,59.38228368004188,61.385448617675465,12807200
1998-10-06,60.769100189208984,62.42556377598299,60.11421923629833,62.09812329952766,12621000
1998-10-07,59.86381912231445,61.65511100724857,59.01632618750691,60.78835686937722,14348500
1998-10-08,59.53633499145508,59.63264093611935,56.83976854085536,58.28435771081949,20625000
1998-10-09,60.73055648803711,60.884646069992165,57.97620521059045,59.78675779856238,12708500
1998-10-12,61.616580963134766,62.52185739491574,61.44323015704905,62.02106617733478,9508500
1998-10-13,61.40470504760742,61.88623504327561,60.86539145245905,61.36618264795396,6256800
1998-10-14,61.982547760009766,62.75299583657919,60.92318165472682,60.980965260469524,8176900
1998-10-15,65.31472778320312,66.10443696607288,61.59731626384064,61.712883461333774,20541100
1998-10-16,65.33399963378906,65.79626849912248,64.71764114667785,65.41104444467796,16573900
1998-10-19,65.56512451171875,65.8347813105331,65.02581091409004,65.14137811358191,7915900
1998-10-20,65.9503402709961,67.05785912776662,65.39176554323356,66.29704182615903,14611600
1998-10-21,65.71916961669922,66.3355275966917,65.25690113170485,65.87325911169734,9178400
1998-10-22,66.7015151977539,66.85560475062195,65.43027638659255,65.81550026876266,8277500
1998-10-23,65.85403442382812,66.56669873318222,65.81551202872791,66.54743753563211,6237200
1998-10-26,66.33556365966797,66.85561598801031,65.81551133132562,66.393347251706,5838600
1998-10-27,65.9503402709961,67.1637957140664,65.50733272828788,66.83635535641251,10089700
1998-10-28,65.83477783203125,66.27778540667629,65.35324785959101,65.68068824085037,5650600
1998-10-29,67.43344116210938,67.4527023563859,65.71919487149877,66.00811278564662,9625600
1998-10-30,67.79942321777344,68.35799801132896,67.49124402132901,67.87646801688454,9872800
1998-11-02,68.95508575439453,68.95508575439453,67.91498110893718,68.30020505169915,6501400
1998-11-03,68.45430755615234,68.91657637476452,68.26169554839727,68.78174796933597,6866000
1998-11-04,69.18620300292969,69.70625519699404,68.47353888513783,69.32103134953897,8233600
1998-11-05,70.1300048828125,70.22631084941894,68.49280345050295,68.7431989636797,6841500
1998-11-06,70.34187316894531,70.6115298568876,69.84108217705248,69.93738813703187,5224800
1998-11-09,69.8410873413086,70.4189231439118,69.3402963123858,70.22631120971073,6188700
1998-11-10,69.64850616455078,70.2263422223319,69.18623731832588,69.64850616455078,14015200
1998-11-11,69.18620300292969,70.26482977580388,68.96469929064303,70.14926262156736,10922400
1998-11-12,69.10916900634766,69.72552725835521,68.83951227109435,69.22473617859907,5457400
1998-11-13,69.78334045410156,69.78334045410156,69.10919832992448,69.16698194056823,5524600
1998-11-16,70.30337524414062,70.48635663176236,69.5810802930022,70.39968123762576,6023700
1998-11-17,70.30337524414062,71.26643517899187,69.64849448844178,70.0529796610793,9058900
1998-11-18,70.72713470458984,70.88122432268264,69.95668661412591,70.45747787292747,4567700
1998-11-19,71.34349822998047,71.4398042481095,70.6500948994515,71.0545801755934,5249300
1998-11-20,71.88277435302734,71.95981912725352,71.4012445141137,71.7190542077967,5562000
1998-11-23,73.57776641845703,73.73185598163705,72.2102215452344,72.40283349920942,7151300
1998-11-24,73.11551666259766,73.75113627531255,73.0095800604785,73.34665106722125,5323700
1998-11-25,73.11551666259766,73.46221826953304,72.86512105758875,73.30812866645064,4393500
1998-11-27,73.65479278564453,73.78962111971867,73.35624433162322,73.6355315950625,4557900
1998-11-30,71.57461547851562,73.57778017436213,71.57461547851562,73.3562763858791,8705400
1998-12-01,72.49913787841797,72.74953341306713,71.01602586549602,71.57460051971337,8950600
1998-12-02,72.28727722167969,72.67250118768918,71.49756809136025,72.24875482507875,7495500
1998-12-03,71.0931167602539,72.9229314696075,70.93902710051887,72.26805041573358,12145300
1998-12-04,72.96141815185547,73.03846294399048,71.80574626983031,71.88279106196532,10339500
1998-12-07,73.30812072753906,73.63556109862897,72.73028477855689,72.7688071751557,4290000
1998-12-08,72.98068237304688,73.80891392280698,72.4221076069296,73.0577271683734,10102600
1998-12-09,73.11551666259766,73.32738986683594,72.65324785335046,73.15403906336824,5327900
1998-12-10,72.0465087890625,73.25033362513159,71.94057220348841,73.25033362513159,5966600
1998-12-11,72.19095611572266,72.32578447559727,71.22789640233255,71.767209841831,8198200
1998-12-14,70.11076354980469,71.74796544588528,70.11076354980469,71.59387585566594,9521400
1998-12-15,71.92131805419922,71.95984045272853,70.59229530493845,70.68860130126168,9631500
1998-12-16,71.82499694824219,72.19095965728393,71.34346706792414,72.19095965728393,7260000
1998-12-17,72.97103881835938,73.09623658853738,72.13317681793741,72.24874399040941,6914700
1998-12-18,73.28109741210938,73.66760109044328,72.89459373377547,73.16514630860921,4802400
1998-12-21,74.30535888671875,75.03971613969543,73.59032682460989,73.74492835155235,8580700
1998-12-22,74.63384246826172,74.96237051641306,73.70623386171678,74.45991585453454,5461100
1998-12-23,76.19918823242188,76.19918823242188,74.71114930422088,74.94305147484961,7791000
1998-12-24,75.87066650390625,76.21851978894708,75.75471540889264,76.16054424144028,1507100
1998-12-28,75.67738342285156,76.25713865847096,75.4454813286038,76.21848830942967,4203600
1998-12-29,76.87559509277344,76.98188362294194,75.5228319815381,75.89001054030199,3935800
1998-12-30,76.25714874267578,77.14610688818087,76.08322214899,76.64365228419973,6810700
1998-12-31,76.25714874267578,76.64365228419973,75.73536896161845,76.25714874267578,6790500
1999-01-04,76.08326721191406,77.43603040846828,75.27160929398153,76.29584428565829,9450400
1999-01-05,76.9528579711914,77.22341046029153,76.02524943713385,76.02524943713385,8031000
1999-01-06,78.8081283569336,79.0013802656068,77.76456805009828,77.80321843183292,7737700
1999-01-07,78.42159271240234,78.67282009171758,77.78386167260213,78.15104015006287,5504900
1999-01-08,79.0013656616211,79.4651701566991,77.89982998581083,79.27191828374994,6224400
1999-01-11,78.2476577758789,78.96268947202796,77.43600017484485,78.96268947202796,7578300
1999-01-12,76.8369140625,78.05440037687059,76.52771118900905,78.05440037687059,7768800
1999-01-13,76.29586029052734,77.37807107479014,74.44064180321969,74.45996699579581,10810600
1999-01-14,74.96239471435547,76.62436067089958,74.76914285894337,76.45043400102868,11400700
1999-01-15,76.91429138183594,77.16551896675148,75.4842266677013,75.67747865609786,7817700
1999-01-19,77.4166488647461,77.68720130710916,76.37308944420285,77.48428697533687,6535100
1999-01-20,78.03508758544922,79.11729781446981,77.32005582698919,77.97711203746597,6534400
1999-01-21,75.96730041503906,77.82251813059332,75.81269893874288,77.65825406202862,6937500
1999-01-22,75.79335021972656,76.5856825397186,75.31022075631678,75.52279772021708,7522300
1999-01-25,76.56640625,76.68235739525493,75.38756960657497,76.23787800511106,5700300
1999-01-26,77.95783233642578,77.95783233642578,76.45046720944482,76.75967031241528,6047000
1999-01-27,77.04950714111328,78.30564407719865,76.77895457026413,78.15104260814199,7399400
1999-01-28,78.34430694580078,78.51823362624286,77.416697983443,77.45534835687458,5961700
1999-01-29,78.94338989257812,79.33955623108433,77.55197641099535,78.75013802013606,6456800
1999-02-01,78.47960662841797,79.58114259931672,78.47960662841797,79.58114259931672,9426800
1999-02-02,77.99639892578125,78.67277998683237,77.15575389276056,78.58581670755437,9194500
1999-02-03,78.78876495361328,79.11729303902203,77.70655478991391,77.72587997140855,10290700
1999-02-04,77.60994720458984,78.84675911223272,77.1654679252807,78.76945836800503,7761100
1999-02-05,76.72097778320312,77.70656213255913,76.19919783354406,77.70656213255913,7516100
1999-02-08,76.87559509277344,77.35872477535749,76.27651428636922,77.35872477535749,8528400
1999-02-09,75.1556625366211,76.99155555307236,75.14599994179767,76.91425479448495,8985700
1999-02-10,75.63876342773438,76.0639174378034,75.03002018604464,75.52281233407919,6936700
1999-02-11,77.37802124023438,77.97710182426216,75.75470610932037,76.10255935165908,9181800
1999-02-12,76.4504165649414,77.60992743296377,75.83201076866281,77.18477344802224,10676600
1999-02-16,75.98666381835938,77.68728091297169,75.98666381835938,77.14617547377686,6915500
1999-02-17,75.90934753417969,77.52300092499028,75.60014448923395,76.17990019850721,7858100
1999-02-18,76.50843048095703,76.9142594883074,75.58082132129906,76.1799022369115,9048900
1999-02-19,76.8369140625,77.76452268297284,76.29580903389085,76.68231262575452,5312200
1999-02-22,78.8853759765625,78.98200186580377,76.8562323024961,76.95285819173736,10695800
1999-02-23,78.84674072265625,79.46514653224571,78.2863104577158,78.90471626730526,7770700
1999-02-24,77.45536804199219,79.67776507912521,77.30076650897425,79.05935894705341,7271000
1999-02-25,76.72097778320312,77.47465993271065,75.87066971709206,77.01085553301371,11633000
1999-02-26,76.41178131103516,77.20411389417943,75.94797687212144,77.14613833931521,9621300
1999-03-01,76.62435150146484,76.87557888343686,75.67741752326263,76.46975003563591,7607200
1999-03-02,75.94799041748047,77.49400548959203,75.63878740305816,76.99155059115577,9651500
1999-03-03,76.3537826538086,76.41175819113116,75.31022298200256,76.12188050451836,7881400
1999-03-04,77.32005310058594,77.60026823929088,76.22818031873562,76.72097245921674,8256400
1999-03-05,78.87576293945312,79.23327895424667,78.26701945480464,78.84677515446985,10703100
1999-03-08,79.38786315917969,79.64875316712734,78.69215647131931,79.32988760185799,4802200
1999-03-09,79.19461059570312,80.35412173180418,79.00135873968627,79.23326096690649,7893400
1999-03-10,79.89035034179688,79.92900072899658,79.02071662980343,79.44587088900022,3950000
1999-03-11,80.77925872802734,81.12711199527722,79.69704856324994,80.19950328261088,6583700
1999-03-12,80.00626373291016,81.03049851016722,79.90963781052741,81.01117332569068,5286500
1999-03-15,81.14642333984375,81.16574851806233,80.0835385378215,80.35409103288171,5394400
1999-03-16,80.83724975585938,81.41700531232024,80.68264827413648,81.08847716365909,4547500
1999-03-17,80.48941802978516,80.9725477898679,80.1608897929289,80.81794626664143,4524100
1999-03-18,81.78421020507812,81.86151097086743,80.23819488929216,80.25752008073948,3506300
1999-03-19,80.3940200805664,82.21499306552381,80.3940200805664,82.02127253520919,5526700
1999-03-22,80.54903411865234,80.95584742228189,80.22939509437197,80.62652236696273,4603800
1999-03-23,78.224365234375,80.29717530868855,77.92409835445108,80.16157091130356,9713800
1999-03-24,78.66993713378906,78.83459964687383,77.87568265890964,78.63119301306324,6280900
1999-03-25,80.27777862548828,80.27777862548828,79.19294377919789,79.38666428746403,6639600
1999-03-26,79.69664764404297,80.04534469255847,79.17360207126971,79.73539176054469,6159700
1999-03-29,81.30452728271484,81.4788758044076,80.0647155728998,80.0647155728998,5863900
1999-03-30,80.87834930419922,81.34327873732515,80.31655957250537,80.54902428906834,5401400
1999-03-31,79.5804214477539,81.58542963174673,79.54167732825645,81.30453476539024,7413600
1999-04-01,80.18095397949219,80.39404663321879,79.42544366173423,80.39404663321879,7683600
1999-04-05,82.07943725585938,82.19566964281599,80.74276480585836,81.16895022469926,5791100
1999-04-06,81.88566589355469,82.43776938964325,81.30450431872464,81.9437820510377,5381300
1999-04-07,82.54432678222656,82.67993116792842,81.4401196415115,82.2537459557226,6248600
1999-04-08,83.59049224853516,83.64860846562568,82.00198231472754,82.56377241326926,5909100
1999-04-09,83.60980224609375,83.9972434057142,82.81554786887182,83.33859343435942,4365800
1999-04-12,84.50091552734375,84.55903170033366,82.58308181867639,82.73805827998284,8213200
1999-04-13,83.95852661132812,84.59780473273418,83.37736468277717,84.46220028273896,10071400
1999-04-14,82.54432678222656,84.34592790655115,82.2537459557226,84.34592790655115,11551700
1999-04-15,82.234375,82.79616460541814,81.20765606595997,82.71867638398116,11150000
1999-04-16,81.5369873046875,82.38935780632832,81.32389467927729,82.38935780632832,6476200
1999-04-19,80.27777862548828,83.39667880857313,79.58038479573017,82.2537278098029,12487200
1999-04-20,81.28516387939453,81.32390799945144,79.96786379745963,80.47153735819944,9049600
1999-04-21,83.60980224609375,84.07473163763828,80.8395979548075,81.24641117240898,5772200
1999-04-22,84.40409088134766,84.5396953422541,83.30956916117411,83.76481270850293,6897400
1999-04-23,84.19094848632812,84.77211011876942,83.68727507154568,84.22969259515754,4593100
1999-04-26,84.67530822753906,84.81091270193686,83.97791378777896,84.61719202422572,3606500
1999-04-27,85.08209228515625,85.23706877383596,84.21034953633293,85.0046040408164,5147200
1999-04-28,83.9197998046875,85.08212390170534,83.68733498528394,84.57845012633095,5544300
1999-04-29,83.2804946899414,84.34595810188529,82.95116963534056,84.03600510931979,9824300
1999-04-30,82.6024169921875,84.07469271718897,81.51758224744958,83.74536788396495,10991900
1999-05-03,84.11346435546875,84.21032463224842,82.50558376092616,82.71867636984145,10709700
1999-05-04,82.91242980957031,84.19098597018518,82.52498854877794,83.76480058331356,10509300
1999-05-05,83.57109069824219,83.72606722248557,81.73074447285207,83.02867286339037,10032300
1999-05-06,83.0577163696289,83.7647966372654,82.06005517008701,83.3386112704708,13507200
1999-05-07,83.68729400634766,83.76478224153871,82.71869106645937,83.3773410655834,8680700
1999-05-10,83.27079772949219,84.1328543769186,82.77681021242762,83.59043671112221,5580100
1999-05-11,84.11346435546875,84.84960245899427,83.51293063943477,83.88099969119753,7000600
1999-05-12,84.77208709716797,85.06266783447545,81.51758283932423,84.15218152424535,13865800
1999-05-13,85.14019012451172,85.5470033196459,84.81086515702214,85.08207395377826,4485700
1999-05-14,82.93177032470703,84.22969805461952,82.75742182367401,83.41607171646541,8370100
1999-05-17,83.18357849121094,83.36761295689946,82.05999964805999,82.83488160885375,6268100
1999-05-18,83.02864837646484,83.67761238034062,82.21502186414298,83.3967175129914,8218600
1999-05-19,83.6291732788086,83.68728945203918,82.60245421840163,83.35796447039921,5052400
1999-05-20,83.12550354003906,84.05536235381717,83.10613148141869,83.76478147451152,4670400
1999-05-21,82.66056823730469,83.4935666985665,82.19563886357717,83.14486966827086,6418200
1999-05-24,81.28516387939453,82.97053310187006,80.82992046872585,82.97053310187006,7952000
1999-05-25,79.96786499023438,82.04067544419635,79.61916790452113,81.4401415743569,15406400
1999-05-26,80.85896301269531,81.20766002616645,79.40605878989892,80.16156898575305,12575900
1999-05-27,79.69664764404297,80.76211084784033,79.34795059552746,80.49090203232828,14515400
1999-05-28,80.71369171142578,81.0527027770564,79.71603057542711,79.96786736703842,8748000
1999-06-01,80.43278503417969,80.68462178886281,79.58041447986757,80.66524973081027,6705300
1999-06-02,80.51028442382812,80.70400503120018,79.35764680996436,80.43279618087931,6981900
1999-06-03,80.9558334350586,81.13018196363373,80.45215990806373,81.0139496112503,6076600
1999-06-04,82.58309173583984,82.67026600579322,81.16893135659605,81.49825637641995,9787200
1999-06-07,82.79622650146484,83.18366789828967,82.38941303479878,82.71873822209989,5299100
1999-06-08,81.98258209228516,82.94149934501864,81.57576871233762,82.67997645790952,4895700
1999-06-09,81.90507507324219,82.50560897278582,81.71135446048618,82.0794236247226,7409700
1999-06-10,81.14957427978516,81.49827142398094,80.335947609995,81.47889936041452,7040700
1999-06-11,80.47151947021484,81.96316776082789,80.02596218860316,81.34326197771597,12824800
1999-06-14,80.54903411865234,81.05270773266989,80.30688334268237,81.01396360851469,6823500
1999-06-15,81.0914077758789,81.61445316764879,80.63616456452364,80.87831520886154,5700900
1999-06-16,82.64122009277344,82.98991722396657,82.06005820745153,82.06005820745153,7865800
1999-06-17,83.41609191894531,84.03599785053059,82.21502417649882,82.37000065939513,8162800
1999-06-18,83.51246643066406,83.74563292604981,82.92955019219967,83.3570221004069,2875100
1999-06-21,83.70677185058594,84.09538267626182,83.10442507078831,83.60961914416696,4646400
1999-06-22,83.12382507324219,84.05649071221265,83.00724186837088,83.31813041469437,5862400
1999-06-23,82.71578979492188,83.08496997018698,82.1523042642541,82.69635925938161,9629200
1999-06-24,82.09402465820312,82.65751027124168,81.23908096945496,82.6186491944804,9176900
1999-06-25,81.8900146484375,82.7060973664905,81.60827180530015,82.44378506425917,4087000
1999-06-28,82.89070892333984,83.08501438260693,82.38551472924541,82.50209800480567,5028900
1999-06-29,83.66790008544922,84.05651086150796,82.56035937368176,82.69637314530233,6956200
1999-06-30,85.18350982666016,85.49439854865527,83.22102476906603,83.70678839718339,16856100
1999-07-01,85.82465362548828,86.1161115843704,84.60053019818338,85.18344611594762,9939500
1999-07-02,86.67965698242188,86.73794861455532,85.74699086828687,85.88300467659823,3772800
1999-07-06,86.66024017333984,87.5151842467988,86.17447649523815,86.58251798484356,11221100
1999-07-07,86.7768325805664,86.87398532640223,86.12590918346632,86.46594379389174,3230700
1999-07-08,86.84480285644531,87.4374343559691,86.27160189788951,86.46590730756944,7101500
1999-07-09,87.3597183227539,87.41800994974862,86.7768020528067,87.04882964544873,2976800
1999-07-12,86.97107696533203,87.6317151728435,86.73791053915151,87.6317151728435,4436300
1999-07-13,86.66024017333984,87.00027474801101,86.21333758948629,86.66024017333984,6477600
1999-07-14,87.14596557617188,87.18482665335189,86.27159133962166,87.04881288322186,4382500
1999-07-15,87.6996841430664,87.90370467779604,87.24306675581437,87.53452466257099,3348600
1999-07-16,88.17578887939453,88.38952481541774,87.51515053168643,87.826039165902,2281500
1999-07-19,87.59290313720703,88.44784717847524,87.39859767328244,88.40898608569033,4287000
1999-07-20,85.79551696777344,87.30138324905585,85.51377424417866,87.12650845510046,7060100
1999-07-21,85.69841766357422,86.36877145779104,85.37781367503572,85.86357729403343,4793700
1999-07-22,84.57141876220703,85.80525795609563,84.23138433869443,85.45550826333981,7804100
1999-07-23,84.40626525878906,85.18348685417386,84.01765446109667,84.96975091544304,4603000
1999-07-26,83.78450012207031,84.63944400086694,83.70677795127061,83.86222229287,4333400
1999-07-27,84.48399353027344,85.30979153511167,84.17310486962846,84.56171569543469,5908500
1999-07-28,84.75601959228516,85.37779690245323,84.30911715060185,84.71715851039964,3955500
1999-07-29,83.57076263427734,84.09538727764527,82.89069365213372,83.90108185417567,7760600
1999-07-30,82.54095458984375,84.15368981370369,82.42437132064904,83.82337055098539,5994300
1999-08-02,82.73526000976562,83.78450943215344,82.38551020230302,82.54095456117528,6065500
1999-08-03,82.34663391113281,83.22100826837702,81.68599550788163,83.14328610328864,5445400
1999-08-04,81.21965789794922,83.24043407531447,81.10307465694737,82.52150408913644,6497900
1999-08-05,81.95800018310547,82.03572232647494,80.11209927808058,81.37508410783445,10322000
1999-08-06,81.06420135498047,82.0745892913321,80.5201463123296,81.58882586039381,7537700
1999-08-09,80.88933563232422,81.94830003106591,80.67559969863323,81.20022426314748,5565900
1999-08-10,79.99552154541016,80.92818732976276,78.96570307518749,80.75331249519665,9793300
1999-08-11,80.9670639038086,81.16136931274502,79.97610631823282,80.63674470861667,8003400
1999-08-12,80.91846466064453,81.95799830438196,80.77273564516733,81.25849903009136,7036800
1999-08-13,82.79351043701172,82.85180204257638,81.53052564977733,81.84141421278886,5857700
1999-08-16,83.16271209716797,83.2987258786353,82.23004616710627,82.77410129297559,3927000
1999-08-17,83.70677185058594,83.8427856395725,82.7741058689638,83.59018860288316,4808000
1999-08-18,83.10444641113281,83.55134897541994,82.85184930957922,83.4444809709165,4355500
1999-08-19,82.4243392944336,82.8420958467274,81.88028424958584,82.30775607053765,6448100
1999-08-20,83.25985717773438,83.39587094675284,82.50206617891719,82.73523264009171,3663700
1999-08-23,84.8531723022461,84.90174865460598,83.72620092749678,83.82335363221654,5637800
1999-08-24,85.16400146484375,85.78577834069934,84.17304456894892,84.60051617109964,9279500
1999-08-25,86.03839111328125,86.29098801582701,84.65882341476205,85.300030936609,6005300
1999-08-26,85.00860595703125,86.06757030552455,84.8725921875,85.98013288225447,4322300
1999-08-27,83.97879028320312,85.2223447899419,83.97879028320312,85.10576155493514,6247400
1999-08-30,82.4243392944336,84.25080980213674,82.07458962274576,84.15365711555678,4652000
1999-08-31,82.11347198486328,83.16272127193915,81.37511137543953,82.65752717075448,11453700
1999-09-01,83.12382507324219,83.15297087446001,82.2688815708526,82.65749225375696,6863900
1999-09-02,82.14262390136719,82.49237368971127,81.23910361481164,82.15233917326563,10896300
1999-09-03,84.54228973388672,84.87260895371574,83.74563749782848,83.86222075188579,9160800
1999-09-07,84.23135375976562,84.95028342276709,84.07590950830586,84.6005338569826,4560800
1999-09-08,83.82337188720703,84.60059369422795,83.33760825781894,83.84280243238256,6159600
1999-09-09,83.78450012207031,84.09538880526908,83.12386167027292,83.78450012207031,6177800
1999-09-10,84.48399353027344,84.78516692027326,83.90107729156409,84.71716002575717,2934500
1999-09-13,83.9107894897461,84.23139340929706,83.62904665135284,84.01765746292975,2320500
1999-09-14,83.35701751708984,83.66790616051023,82.92954563238682,83.35701751708984,3736000
1999-09-15,82.0357437133789,84.21196429506968,81.996882631563,84.21196429506968,6984500
1999-09-16,82.35635375976562,82.57980499681584,81.02536160864048,82.38549957329391,15377600
1999-09-17,83.39691162109375,83.51382317944108,82.40316337514147,82.69544227100978,8542300
1999-09-20,83.280029296875,83.55282302877868,82.9877502984068,83.51385249564957,2803900
1999-09-21,81.52633666992188,82.598026085994,81.15611668982424,82.46162925122117,9335200
1999-09-22,81.4386215209961,82.20828907694282,80.90277702002052,81.83806923990515,13009100
1999-09-23,79.73370361328125,82.1888469796726,79.57782149478021,82.1888469796726,12204100
1999-09-24,79.6557846069336,80.0454900110771,78.75946217740352,79.6557846069336,13792900
1999-09-27,80.18187713623047,80.90283204608237,79.98702445789213,80.27930347539964,6970300
1999-09-28,80.02598571777344,80.31826470140301,78.29179708157139,79.77267726529449,11063400
1999-09-29,79.07120513916016,80.51311474495066,79.03223460927393,80.08443891620213,7580300
1999-09-30,80.27925872802734,80.70793438142942,79.16859908057647,79.46087793516881,7498900
1999-10-01,80.1039047241211,80.16236050475169,78.95427437171945,79.77265530054774,11127100
1999-10-04,81.52633666992188,81.60427771836349,80.27927989485616,80.55207356440178,6341600
1999-10-05,81.44842529296875,82.28629186894905,80.24033860202042,81.50688110059528,11976000
1999-10-06,82.69542694091797,82.81233847759222,81.48734106195074,81.5263115741755,10308200
1999-10-07,82.22779083251953,82.9292601381998,81.99396773062611,82.84157647498976,6535600
1999-10-08,83.47490692138672,83.47490692138672,81.82840140437992,82.14990839882503,9674300
1999-10-11,83.33846282958984,83.63074174996484,83.1241249546482,83.29949230687319,4282000
1999-10-12,82.05244445800781,83.12413394867285,81.79913603294153,83.00722236787303,8686100
1999-10-13,79.92857360839844,81.87710051255246,79.92857360839844,81.48739513172166,10469300
1999-10-14,79.9090805053711,80.55209432070326,79.03224348446358,80.1136758102495,10562200
1999-10-15,77.86311340332031,79.03222922018698,77.62929023994698,78.56458289344032,14238700
1999-10-18,78.42816162109375,78.52558790882182,76.96676730517275,77.9020596673622,9758800
1999-10-19,79.18811798095703,79.96752859100582,78.52561896241555,79.30502957246435,14392900
1999-10-20,79.967529296875,80.72745464838039,79.26605974163925,79.65576505010355,9759400
1999-10-21,80.43516540527344,80.43516540527344,78.95428542203682,79.32450541784597,9105400
1999-10-22,81.11712646484375,81.81859573045374,80.78587708941681,80.90278863368515,8309600
1999-10-25,80.70796966552734,81.35098342674472,80.27929382471575,80.6300286035616,8114300
1999-10-26,79.69473266601562,81.48737701938322,79.69473266601562,81.17561278401494,6256300
1999-10-27,81.13663482666016,81.25354640422019,79.96751905105987,80.04546010276655,5433300
1999-10-28,83.90354919433594,84.08865920765368,82.422669087794,82.5785512042721,10509700
1999-10-29,85.42340850830078,85.85208437216542,84.62451258018939,84.7024536463466,10988600
1999-11-01,84.52706146240234,85.42338346039001,84.52706146240234,85.11161928717691,4006500
1999-11-02,83.92304229736328,85.57928993963769,83.92304229736328,84.78039401807003,6516900
1999-11-03,84.48812103271484,85.03370853015856,84.25429781952467,84.7998853169684,7222300
1999-11-04,85.13108825683594,85.64744756990669,84.65369945795919,85.267485056515,7907500
1999-11-05,85.968994140625,86.73866215253676,85.28700982627281,86.43664052760937,7431500
1999-11-08,86.04695129394531,86.2807745311571,85.26754050323927,85.42342266138049,4649200
1999-11-09,85.23829650878906,86.47561090547626,84.97524541657998,86.35869930893888,4533700
1999-11-10,85.87153625488281,86.29046932261141,84.84856015926644,84.95572908356911,6405600
1999-11-11,86.35865020751953,86.35865020751953,85.71563679216571,86.16379765741232,4794100
1999-11-12,87.13810729980469,87.28424679102753,85.5013449981089,86.82634305186264,11802900
1999-11-15,87.3426742553711,87.4498431808378,86.92374118309213,87.19653481155285,2187500
1999-11-16,88.07340240478516,89.16457730183559,87.35244756209111,87.64472655237249,7544800
1999-11-17,88.30723571777344,89.12561698435474,88.11238303525407,88.69694108281215,9459000
1999-11-18,88.93074798583984,89.16457116196388,88.30721951617576,88.81383639777783,4491000
1999-11-19,88.85276794433594,89.14504678625809,88.54100384628563,88.7943121759515,4832100
1999-11-22,88.83333587646484,89.16458542897634,88.22929257482623,88.81385060867005,4155400
1999-11-23,88.05390167236328,89.06713532736725,87.52779958226508,89.06713532736725,5918000
1999-11-24,88.52152252197266,88.81380137687681,87.29395133137518,87.76159749922185,4459700
1999-11-26,88.1903076171875,89.08662978916952,88.07339602953768,88.83332134926155,1693900
1999-11-29,87.8785171508789,88.49230280281964,87.5667530102106,87.83954663329537,7348600
1999-11-30,86.84583282470703,88.73590367595149,86.67046542613795,87.76164035056775,7682000
1999-12-01,87.54724884033203,87.6057046040803,86.67041238410792,86.86526492993549,6980200
1999-12-02,88.07340240478516,88.15134346886019,87.52781495625993,87.68369708441,6698300
1999-12-03,89.69068908691406,90.62598195594988,89.18407211618633,89.18407211618633,10045400
1999-12-06,89.02815246582031,89.61271026270686,88.69690304758461,89.49579870332954,3138900
1999-12-07,88.30723571777344,89.35944020337797,88.15135357175795,89.33995493512603,10714200
1999-12-08,87.74212646484375,88.57999265138345,87.60572964377914,88.13183166788546,4611400
1999-12-09,88.17079162597656,88.67740832924184,86.90424986781336,88.4240999776092,6474700
1999-12-10,88.46312713623047,89.04768524506018,87.8395984868121,88.71643565005668,5127300
1999-12-13,88.61898040771484,88.98920042261075,88.09287828128383,88.19030460099327,4210800
1999-12-14,87.76161193847656,88.84304387954793,87.68367089767862,88.30719922406212,5739000
1999-12-15,88.22930145263672,88.66772002213415,87.313493774131,87.52783174144085,6879100
1999-12-16,88.61898040771484,88.95022989472697,88.01493722551626,88.65795093559863,5854900
1999-12-17,89.18811798095703,89.57877990816226,88.79745605375177,89.38344894455965,4775400
1999-12-20,88.54352569580078,89.50064741631572,88.19192996173406,89.10998548957492,4608700
1999-12-21,89.89128112792969,90.04754584957755,88.3481670016571,88.50443172330495,7981300
1999-12-22,90.1256332397461,90.1256332397461,89.36384310182886,89.7740377914766,5377500
1999-12-23,91.56136322021484,91.56136322021484,90.63354140625,90.64330795166016,5721700
1999-12-27,91.43441009521484,91.74693958923822,90.67261945353286,91.57114174885008,2691000
1999-12-28,91.37582397460938,91.57115493650466,90.936329310345,91.1804930127141,4084500
1999-12-29,91.76644134521484,91.76644134521484,90.8288531833225,91.4539119579174,3001000
1999-12-30,91.6590347290039,92.23526094626669,91.37580489340017,91.96179765671826,3641300
1999-12-31,91.80557250976562,92.19623452044547,91.41491049908576,91.78603940923162,3172700
2000-01-03,90.90702819824219,92.66500682691468,89.93037340453525,92.66500682691468,8164300
2000-01-04,87.35199737548828,90.04756437857803,87.28363154569978,89.71550177674814,8089800
2000-01-05,87.50823211669922,88.46535340547561,85.7893204144069,87.46916594164712,12177900
2000-01-06,86.10189819335938,88.44587001350527,86.10189819335938,87.27388410343232,6227200
2000-01-07,91.10228729248047,91.10228729248047,87.5472666477053,87.70353129143167,8066500
2000-01-10,91.4148941040039,91.82508914165008,90.65310331980388,91.4148941040039,5741700
2000-01-11,90.32100677490234,91.31719434962554,89.6959479044878,91.14139654232144,7503700
2000-01-12,89.42247772216797,90.37959904335325,89.30527919304325,90.37959904335325,6907700
2000-01-13,90.63356018066406,91.1023544574606,89.55923996300533,90.30149756793318,5158300
2000-01-14,91.86410522460938,92.17663460661952,91.23904646058907,91.59064201535048,7437300
2000-01-18,91.14143371582031,91.64929425517123,90.75077176247346,90.84843725081018,6488500
2000-01-19,91.88365173339844,91.88365173339844,90.63353402273997,90.82886491503035,6157900
2000-01-20,90.47726440429688,91.86411366438001,89.89127175919133,91.86411366438001,5800100
2000-01-21,90.2819595336914,90.94608472281851,90.04756240811713,90.94608472281851,6244800
2000-01-24,87.72310638427734,91.16093019270149,87.1371136896596,91.04373165377794,7896900
2000-01-25,88.71930694580078,88.71930694580078,86.88319623402067,87.8305512289285,9942500
2000-01-26,88.01609802246094,88.4751256086855,87.56683698062415,88.13329655511401,5158100
2000-01-27,87.66450500488281,88.89508963396204,86.33625492905125,88.66069256175648,10922700
2000-01-28,84.92988586425781,87.54732024921884,84.71502184758191,87.15665840071719,11916200
2000-01-31,87.23481750488281,87.30318334932238,84.38298513683246,84.89084569552635,10768700
2000-02-01,88.09423828125,88.56303245392183,86.59019031059451,87.35198084118625,8419900
2000-02-02,88.17240905761719,88.9146668210619,87.74268087878077,88.30914075088332,6205900
2000-02-03,89.50062561035156,89.53969179350754,87.50825026939654,88.05517683358028,7997500
2000-02-04,89.12950134277344,90.00849050788955,88.83650495440139,89.50063010137801,4925400
2000-02-07,88.99275207519531,89.24668222817544,88.40675941447189,89.10995060733998,5845800
2000-02-08,90.20381164550781,90.36007636901671,89.77408365585836,89.98894765068309,4936400
2000-02-09,88.30912017822266,90.30149581595296,88.29935363097887,90.30149581595296,8511500
2000-02-10,88.48490905761719,89.10996801784759,88.05518102245878,88.5239752426316,6690600
2000-02-11,86.6878890991211,88.71933129522488,86.27769404029245,88.6607320011065,9849800
2000-02-14,87.19573974609375,87.37153760848506,86.45348210488595,87.37153760848506,8528800
2000-02-15,88.18216705322266,88.2700659903673,86.13119185318092,87.03948087034226,11078300
2000-02-16,86.88321685791016,88.09426889145118,86.75625172536151,87.74267313977798,8845400
2000-02-17,86.4339828491211,87.78176698846332,86.39491664218365,87.78176698846332,7584200
2000-02-18,84.57830810546875,86.80508111332637,84.14857998114536,86.80508111332637,9409200
2000-02-22,84.36344146728516,85.22289768968862,83.46491905295427,84.50017313903116,16415400
2000-02-23,85.35960388183594,85.9260634956971,84.07041993304848,84.77361117784164,12119000
2000-02-24,83.64067840576172,85.65258636367706,83.19141740545054,85.43772240700649,17375000
2000-02-25,83.33792877197266,85.45726904427057,83.21096368653546,84.50014763097474,10559900
2000-02-28,85.08612060546875,85.43771614516076,82.95701428177819,83.36720907808554,13397800
2000-02-29,85.90652465820312,85.90652465820312,84.85173786158127,85.04706874984457,8242500
2000-03-01,86.53156280517578,86.88315831995979,85.76977252314376,86.02370261715443,6868000
2000-03-02,86.59024047851562,86.96136941356905,85.84798260840878,86.68790598774021,7600200
2000-03-03,88.21141052246094,88.58253913183356,87.33242171078894,87.78168265897685,12770300
2000-03-06,87.35199737548828,88.34818518097798,86.72693836027906,88.01612257914807,11967100
2000-03-07,85.66234588623047,87.60588788045688,84.51966039213755,87.50822245361132,20062000
2000-03-08,85.55494689941406,86.16047277929576,84.4024944183489,85.30101669172174,11808500
2000-03-09,88.05520629882812,88.05520629882812,85.08617538546923,85.78936691758055,5500900
2000-03-10,87.58637237548828,88.75835773287662,87.21524367898198,87.62543855406788,7924600
2000-03-13,86.62928771972656,87.80127357388297,84.81270964578417,85.43776876800091,10540500
2000-03-14,85.39866638183594,87.56683929317715,85.1056700424655,87.05897897160173,8263900
2000-03-15,87.39107513427734,87.78173707050567,85.04710351690737,85.55496403400419,10300800
2000-03-16,91.47348022460938,91.78600973210324,88.05518873639527,88.52398299763607,25601400
2000-03-17,92.07805633544922,92.74386958840654,91.13808468421537,91.37307759702384,10272900
2000-03-20,91.6080322265625,92.33259340492565,90.7268091717965,92.03885238667031,12502300
2000-03-21,93.48796844482422,93.84045764298233,90.55055846017326,91.19678865679649,13612600
2000-03-22,94.05580139160156,94.52578665776821,93.17457901753909,93.72289516140019,8260000
2000-03-23,95.66169738769531,96.17084869416003,93.46843022138583,93.46843022138583,11654500
2000-03-24,96.22956848144531,97.60036005525508,95.07418701209137,95.79874827253367,11462900
2000-03-27,95.21129608154297,96.36667791387761,95.13296510985926,96.11210225590557,8798600
2000-03-28,94.66291046142578,95.86724827552956,94.36916953115656,94.78040683353346,6334400
2000-03-29,94.7608642578125,95.55396510559953,93.78172740869272,94.97627436461886,6747500
2000-03-30,93.17464447021484,95.20145735433995,92.19550781121721,94.09503292967263,9491900
2000-03-31,94.23216247558594,95.44629258229548,93.0180323688764,93.76217662782742,9249100
2000-04-03,94.78045654296875,94.78045654296875,93.17467194864572,94.07547794058303,8508200
2000-04-04,94.07548522949219,95.87709735295456,88.60210926745158,95.09378773405787,19585500
2000-04-05,93.48796844482422,94.50627057283656,92.5088317832739,92.66549364912196,8387200
2000-04-06,94.30064392089844,95.05457908670772,93.370464170874,94.15377343405247,6378500
2000-04-07,94.89791107177734,95.32873113854974,94.31042916254223,94.97624199300868,6023600
2000-04-10,94.52586364746094,95.94561196203334,94.19295714611293,95.0937629732899,9624200
2000-04-11,94.25176239013672,95.01548953188102,92.97888382056288,93.99718667622194,9006400
2000-04-12,91.66680145263672,94.72170874308989,91.58847049647125,94.23214026705573,10779200
2000-04-13,90.39388275146484,92.84172403047982,90.10014179798306,92.41090396537318,12225800
2000-04-14,85.22406005859375,89.49309615527882,83.65744130751666,89.37559974894803,29604000
2000-04-17,88.20061492919922,88.20061492919922,84.4015653518758,84.71488902835608,23918200
2000-04-18,90.53096771240234,90.53096771240234,87.59355798779487,88.08312627522945,11069200
2000-04-19,89.68894958496094,90.94224495034031,89.31687752336394,90.55059014865925,6553700
2000-04-20,90.1197509765625,90.19808192047955,89.21894512151647,89.96308908872841,8537600
2000-04-24,89.14061737060547,89.80643041774971,88.04398411648553,88.67063169026835,12893100
2000-04-25,92.84178924560547,92.84178924560547,90.51144271107118,90.62893917499729,14102000
2000-04-26,91.79405212402344,93.21380013020833,91.49051979166666,92.72423185221353,7711100
2000-04-27,91.49054718017578,92.33260487040428,89.61060442989819,89.61060442989819,15595300
2000-04-28,90.92264556884766,92.65571774908523,90.9030628323478,92.1171924953391,8743400
2000-05-01,92.15637969970703,93.04739442056055,91.3926527961183,91.84305584182448,7328300
2000-05-02,90.3155746459961,92.19551722318941,90.3155746459961,91.17721499387636,9411900
2000-05-03,88.20061492919922,90.23721882632105,87.59355030601867,90.23721882632105,12630700
2000-05-04,88.8664321899414,89.2091299782455,88.20061934409345,88.98392857450281,5963600
2000-05-05,89.9435043334961,90.23724536659047,88.31813728370726,88.39646822586575,7862400
2000-05-08,89.2679214477539,89.84561228524622,88.88605801280136,89.45395748016668,5064100
2000-05-09,88.55313873291016,89.86518214182325,87.89711702845362,89.64977202991214,5620300
2000-05-10,86.55570983886719,88.33773915907916,86.3207169614766,88.04399806234093,10293900
2000-05-11,88.5335464477539,88.67062559509615,87.1823377096661,87.80898524037349,7091100
2000-05-12,89.49311065673828,89.90434814553292,88.7489666293956,88.8664630547655,5960800
2000-05-15,91.0401382446289,91.24575696942318,88.98395099668612,89.45393665335875,4441300
2000-05-16,91.92137908935547,92.56760949198622,91.05973855251447,91.84304813146083,8192200
2000-05-17,90.96180725097656,91.60803752854002,90.53098706593427,91.29471375760016,5907200
2000-05-18,89.8455810546875,91.68635799870246,89.84558105468751,91.25553786286918,4325600
2000-05-19,88.43561553955078,89.7574499170795,87.98521271461507,89.3364211894222,6518400
2000-05-22,87.76982879638672,88.65105197707334,85.85072053622477,88.5139728156332,10839400
2000-05-23,86.47738647460938,88.23983320982559,86.20322809357575,88.00484031179677,7979200
2000-05-24,87.88732147216797,88.16147978335566,85.5373930905592,86.47736444320272,11081500
2000-05-25,86.37946319580078,88.86647109103241,86.30113223847066,88.16149247506124,8278900
2000-05-26,86.47738647460938,87.53485451573911,86.05635753230771,86.98653775367184,4814000
2000-05-30,89.29730224609375,89.57146063018263,87.39777629919219,87.73068290844299,5362700
2000-05-31,89.49311065673828,90.23725468408097,89.04270769282034,89.33644875624509,6056500
2000-06-01,91.0597152709961,91.13804620886361,89.6105929204469,90.04141307871828,8961600
2000-06-02,92.64591979980469,93.42922920415728,92.4207183460533,93.33131552861322,8962200
2000-06-05,92.19551849365234,92.88091423436556,92.03885661006076,92.41092858359079,6998100
2000-06-06,91.78427124023438,92.60674604119231,91.43178203982383,91.88218490701509,4858900
2000-06-07,92.42070770263672,92.74382279472137,91.49052789209,91.8821825491623,4919500
2000-06-08,92.05844116210938,92.58717502966456,91.52970729455417,92.43051314298154,5723100
2000-06-09,91.86260223388672,92.72424250212185,91.25553749944832,92.43050150158714,3085300
2000-06-12,90.78558349609375,92.09762708846611,90.78558349609375,92.09762708846611,3678900
2000-06-13,92.48926544189453,92.58717912540278,90.62890545523776,90.74640187544765,6558700
2000-06-14,92.64591979980469,93.29215005839558,92.23468236251956,92.90049535621928,6420500
2000-06-15,92.84178924560547,93.21386138137144,92.01931399812278,92.82220650161779,5881200
2000-06-16,92.07887268066406,93.15845869589248,91.62740943793217,93.15845869589248,5567900
2000-06-19,93.25663757324219,93.68847213998842,91.86298965328845,92.00039156088953,5106900
2000-06-20,92.92294311523438,93.51180840747287,92.3340778229959,93.07997385983131,6480000
2000-06-21,92.88371276855469,93.23703204789408,92.26540402971077,92.29484730298904,3115000
2000-06-22,91.47039794921875,92.76590143948665,91.07782113398605,92.6873860764401,7490500
2000-06-23,90.68528747558594,91.78450308135062,90.3712258739389,91.5882145803212,4863300
2000-06-26,91.85319519042969,91.86300961453381,90.99934029337152,91.31340186470327,5201300
2000-06-27,91.17601013183594,92.15745265209252,91.08768030501284,91.69617466757192,4159500
2000-06-28,91.43114471435547,92.32425701244546,91.27411398062536,91.47040239778799,5347700
2000-06-29,90.56742095947266,91.5488624523148,90.14540111755053,90.92073989689582,6345700
2000-06-30,91.25447845458984,91.4507668573745,90.3809950621981,90.41043832261579,7420200
2000-07-03,92.51070404052734,92.6088482204982,91.1955720289179,91.35260271687127,1436600
2000-07-05,90.84229278564453,92.11816768431932,90.68526202888457,91.94150808296435,2748200
2000-07-06,91.54890441894531,92.00036771260649,90.58709131505846,91.03855460871964,5963200
2000-07-07,93.0210952758789,93.45292986040505,91.86299343555883,92.13779726207547,3034800
2000-07-10,92.86405181884766,93.53143244912472,92.66776339817793,92.88368066091464,2816100
2000-07-11,93.06037902832031,93.668873386025,92.43225582036709,92.62854432285248,5431600
2000-07-12,93.66881561279297,94.29693843333139,93.3940118788074,93.76695980350209,5883000
2000-07-13,94.08104705810547,94.45399508525006,93.7080990309609,94.208634541076,5356000
2000-07-14,95.00362396240234,95.00362396240233,94.01236714213347,94.49327391632332,5341900
2000-07-17,94.84656524658203,95.46487377416219,94.650276825128,94.83675082550933,4208300
2000-07-18,94.07125854492188,94.61105189077172,93.80626908423196,94.61105189077172,4262100
2000-07-19,93.31551361083984,94.15955380546882,93.11922519348428,93.88475002117102,8506800
2000-07-20,94.61101531982422,94.61101531982422,93.4725425213699,93.59031556948587,4538900
2000-07-21,92.76591491699219,94.06141859547748,92.76591491699219,94.06141859547748,5656900
2000-07-24,92.23594665527344,93.5020072126825,92.05928704261171,93.04072933517688,5628500
2000-07-25,92.53033447265625,92.86402469031327,92.19664425499924,92.80513818131497,4757100
2000-07-26,91.62742614746094,92.43220859648534,91.48020984581012,92.31443555516469,12062500
2000-07-27,91.31340026855469,92.09855418315964,90.88156561552198,91.66671953012691,7652600
2000-07-28,89.25235748291016,91.64707655326755,88.88922385338876,91.52930348423358,6229500
2000-07-31,89.82160949707031,90.5282480333235,89.23274405019266,89.7823518006118,5265500
2000-08-01,90.37118530273438,90.90116401758533,89.90009311175574,90.21415457240816,3946600
2000-08-02,90.8226318359375,91.33298161500262,90.2141378685906,90.37116856984142,7439800
2000-08-03,91.45075225830078,91.58815411831539,89.58601272953096,89.74304342669052,4607100
2000-08-04,91.94151306152344,92.15743036376016,91.33301884612906,91.90225537020767,3686600
2000-08-07,93.04070281982422,93.23699122239769,91.94148776541279,92.15740500824361,4159800
2000-08-08,93.39401245117188,93.47252780422036,92.64811659721127,92.64811659721127,3658700
2000-08-09,92.60888671875,93.72773083553014,92.56962903044192,93.67865872514506,5383800
2000-08-10,92.15744018554688,92.8738931284164,91.88263631704896,92.66779022704297,4193400
2000-08-11,92.58926391601562,92.96221197927709,91.43116203536162,92.09854278014528,5089400
2000-08-14,93.76700592041016,93.94366555057212,92.37335772691024,92.82482122621303,2966700
2000-08-15,93.6884765625,94.10068230476115,93.315528509978,93.80624963171746,5564600
2000-08-16,93.35478210449219,94.17919355284978,92.86406100427935,93.7866166726795,5191600
2000-08-17,94.33619689941406,94.49322760586335,93.17809543935051,93.39401266071829,5652200
2000-08-18,94.02216339111328,94.45399796201191,93.72773072913692,94.45399796201191,4626400
2000-08-21,94.53251647949219,94.66991839297981,93.845506912054,94.23808380773296,2380600
2000-08-22,94.37548065185547,95.04286133866144,94.27733643320754,94.57176908915135,3075300
2000-08-23,94.74842834472656,95.0232321559605,93.76698616174825,94.10067650396088,5483200
2000-08-24,95.04286193847656,95.16063500159734,94.53251199828647,94.94471771920924,4529000
2000-08-25,95.00362396240234,95.23917013751573,94.80733548314117,94.94473741862399,2822200
2000-08-28,95.32746124267578,96.04391390104244,95.00358538341415,95.00358538341415,5518700
2000-08-29,95.34712982177734,95.39620194211793,94.78770764989454,95.1213980682106,3561900
2000-08-30,94.434326171875,95.16059307446477,94.43432617187501,95.042820063234,3964800
2000-08-31,95.69061279296875,96.16170504056491,94.78768598507612,94.88583020332533,4863100
2000-09-01,95.7887191772461,96.47572843364027,95.47465780289446,96.25981123877352,3191200
2000-09-05,95.023193359375,95.60224401091428,94.72876082469404,95.39614123663759,3470800
2000-09-06,93.94367218017578,95.44527914252085,93.9240433309948,94.96437233758681,4322200
2000-09-07,94.74842834472656,94.89564467217332,94.11049092579066,94.3754803151948,4265500
2000-09-08,94.10065460205078,94.53248906205184,93.79640759614092,94.39508718841513,3518200
2000-09-11,93.96328735351562,94.96435851604524,93.39405081011643,94.06143158513618,3937500
2000-09-12,93.2762451171875,94.375460126986,93.23698743826613,94.061398695615,4769100
2000-09-13,93.52165985107422,93.80627818832694,92.74632024269613,92.96223760199129,7691600
2000-09-14,93.99272155761719,94.17919557971123,93.06035144714693,94.13993789084934,3397100
2000-09-15,91.93633270263672,93.3531597477116,91.93633270263672,93.31380344090397,4085700
2000-09-18,91.09021759033203,92.54640166933065,90.80488422350123,92.17251656796614,5109300
2000-09-19,91.91665649414062,92.1331161861628,91.11969126442264,91.38534634099531,6588200
2000-09-20,91.23778533935547,91.95603815179729,90.14564750125902,91.7395784001025,6508100
2000-09-21,89.85047912597656,91.66086985738038,89.81112280572866,90.97213425304197,5972300
2000-09-22,91.4837417602539,91.50341991507435,89.68319059418309,89.81109860051599,7791300
2000-09-25,90.83435821533203,91.97569113918152,90.49982959972097,91.89697852374363,9726300
2000-09-26,89.6733627319336,91.30664978630061,89.6733627319336,90.91308664067,5302400
2000-09-27,90.1456069946289,90.65723890509831,89.4962280313408,90.4014229498636,7186200
2000-09-28,91.30667877197266,92.14300072193146,89.9784027338028,90.16534528732299,7036400
2000-09-29,90.4407958984375,91.91665745030495,90.4407958984375,91.60180698590656,9333600
2000-10-02,90.57858276367188,91.24764029440506,90.13582410362785,90.8540770410326,5517800
2000-10-03,89.73241424560547,91.77894299155787,89.59466711847405,91.01149471182572,9347200
2000-10-04,90.48014831542969,90.83435507264538,89.26010281835343,89.9685163327848,6148900
2000-10-05,90.79496765136719,91.20820872650344,90.2439795511855,90.30301399049068,4566900
2000-10-06,88.82723999023438,91.08038996340271,88.00075703064425,90.5982749036418,10014900
2000-10-09,88.15813446044922,88.98461697101592,87.76457136017936,88.98461697101592,4508000
2000-10-10,86.70198059082031,88.94529102825871,86.70198059082033,88.21719904417782,6104700
2000-10-11,85.9738540649414,87.29229037127034,85.08833714278019,86.66258944884459,10346000
2000-10-12,83.82894897460938,86.64292543079931,83.61248924721015,86.44614386043638,12336900
2000-10-13,86.62325286865234,86.68228734357419,83.67152912256014,83.7108854391747,11778800
2000-10-16,87.01679992675781,87.04631715875468,86.07224850285813,86.52484606014339,5659000
2000-10-17,84.85218811035156,87.25292256059805,84.63572844680475,87.17420995567194,7831700
2000-10-18,84.5373764038086,85.71806601838692,81.95953741197923,83.51411207117404,10897300
2000-10-19,87.72525024414062,87.8138019772269,85.91485925659892,86.17067537440373,8767300
2000-10-20,88.09911346435547,88.9059179432562,87.13488372127898,87.13488372127898,7373500
2000-10-23,88.49263763427734,88.80748802390342,87.48905201734424,88.11875279659638,5290000
2000-10-24,87.90230560302734,89.37816701342068,87.52842071239436,88.76814429712476,5750700
2000-10-25,85.83612060546875,87.88264892802005,85.7180516637831,87.37101684738222,9137600
2000-10-26,86.07225036621094,86.68227317401902,84.39960718351136,86.3477445374791,9345800
2000-10-27,87.70559692382812,87.70559692382812,86.03295260286663,86.82007934214262,9762900
2000-10-30,88.49263763427734,88.84684432260667,86.99709828355351,87.17420162771818,10154100
2000-10-31,90.0177230834961,90.48015974159253,88.19749368460586,88.79767743234804,7752400
2000-11-01,89.71273803710938,90.20469207328567,88.9256115792273,89.57499090698,6753600
2000-11-02,89.86030578613281,90.61791484619327,89.7422368417078,90.14563906849324,11395100
2000-11-03,89.90949249267578,90.51951531326517,89.6536764711383,90.34241191373923,5187100
2000-11-06,90.53921508789062,90.86390473121821,90.06693924305051,90.1456518838572,4042500
2000-11-07,90.51950073242188,90.67692595108696,89.77173094376273,90.13577676192574,5231300
2000-11-08,88.51232147216797,90.71627434119483,88.51232147216797,90.71627434119483,6123300
2000-11-09,88.17780303955078,88.9255728488574,86.42644743354319,88.1581248866743,10635300
2000-11-10,86.03287506103516,87.82358677891122,85.97384060879747,87.52841451772287,8569500
2000-11-13,85.36385345458984,86.25920968607528,83.76008350148955,85.40320977245733,17285300
2000-11-14,87.60716247558594,87.92201301458175,86.26904768485372,86.5642200651623,7668900
2000-11-15,87.88265228271484,88.22702004244334,86.74131913618608,87.56780175953449,8837700
2000-11-16,86.5051498413086,88.07940188573642,86.46579354019791,87.26275863768949,6684100
2000-11-17,86.04275512695312,87.52845621605204,85.48192756351844,86.46583556954421,6551100
2000-11-20,84.81285858154297,85.87547908349269,84.5767206922208,85.48191593462242,5458500
2000-11-21,85.24578857421875,85.75742073094305,84.07493806171505,84.93093801623456,7684300
2000-11-22,83.20909881591797,84.93093780052075,83.19925973600596,84.59640908351221,5736900
2000-11-24,84.9112548828125,84.98996751769806,84.14380669267815,84.14380669267815,3411600
2000-11-27,85.65904235839844,86.0722837757029,85.20644461563639,85.93453663660141,5992000
2000-11-28,84.18315124511719,86.01321975044581,84.15363401116026,85.08834641979587,5336100
2000-11-29,84.02571105957031,85.58028510493473,83.917481220969,84.61605563375933,6914100
2000-11-30,83.29762268066406,84.06507065716913,81.7036922679228,83.43536975337011,11201600
2000-12-01,83.25828552246094,84.41929683085733,82.49083736945313,83.86830841331329,7587200
2000-12-04,83.96668243408203,84.30121104935726,82.8056713575386,83.04180920361523,6996600
2000-12-05,86.72163391113281,87.05616256474961,84.63574936505155,84.93092170647814,8883400
2000-12-06,85.33431243896484,87.11518532625328,85.02930106047899,86.76097856414067,12888000
2000-12-07,84.1634750366211,85.56062414291057,84.1634750366211,84.93092313725897,6529100
2000-12-08,84.36023712158203,87.82359185295559,84.30120266593362,86.30837415797966,10276300
2000-12-11,87.2923355102539,87.8826804302962,86.0919675061679,86.50520895019751,6405600
2000-12-12,86.91838836669922,87.41034211566175,86.5051472175707,87.01677911649173,5022900
2000-12-13,85.7279052734375,87.78427302302416,85.65903171244656,87.68588222160852,6070500
2000-12-14,84.63577270507812,85.95420952703586,84.39963476681703,85.56064629660071,7678400
2000-12-15,82.72413635253906,84.08609421661093,82.46753559554001,84.08609421661093,9065300
2000-12-18,83.82945251464844,84.30317675772626,83.22742795573701,83.41494380195533,7235400
2000-12-19,82.12210083007812,85.25065580702017,82.12210083007812,83.67157443064563,9616600
2000-12-20,79.74359893798828,81.44111119260883,79.64490636504523,81.24372604672271,9994300
2000-12-21,80.29625701904297,81.39174430138242,79.28959302986617,79.5856706737417,14331500
2000-12-22,82.70437622070312,82.81293805106442,81.38189574175632,81.48058831481205,10182900
2000-12-26,83.59261322021484,83.59261322021484,82.28987119600372,82.64516447533403,4665300
2000-12-27,84.20453643798828,84.47100649000723,82.90179396145119,83.21761031939957,4854100
2000-12-28,84.46109008789062,84.55978264466545,83.75050367911193,83.88867325859667,8358700
2000-12-29,82.86226654052734,84.81637906732873,82.86226654052734,84.6782094947266,8774600
2001-01-02,81.36212158203125,83.47414172013832,80.57258134348656,83.37544919032024,8737500
2001-01-03,85.2703628540039,85.90199517144097,80.63181302282545,81.04632173114352,19431600
2001-01-04,84.35255432128906,85.56647314444555,84.00713026591933,85.23091834780068,9219000
2001-01-05,81.59902954101562,84.40189896405003,81.59902954101562,84.30320637873191,12911400
2001-01-08,82.23063659667969,82.23063659667969,80.65155572108334,82.03325148723015,6625300
2001-01-09,82.01351165771484,83.05965272097812,81.74704176424213,82.77344431687779,5702400
2001-01-10,83.45445251464844,83.45445251464844,81.362169646495,81.48060075223954,8746100
2001-01-11,83.53340911865234,84.31308058845073,82.80308394441082,82.80308394441082,7245100
2001-01-12,83.3754653930664,84.46108343203862,82.92147966767803,83.80971260865529,7244000
2001-01-16,83.90843963623047,84.12556333324258,83.06955262504727,83.37549965265525,8542200
2001-01-17,84.29330444335938,85.29996842336436,83.78010319865095,85.17166811218726,7851400
2001-01-18,85.1322021484375,85.7144882517018,83.96762994190891,84.28344613350988,8107000
2001-01-19,84.64860534667969,86.02043187614085,84.55978204621097,86.02043187614085,7782500
2001-01-22,85.21118927001953,85.76386781983666,84.36243292565752,84.79668035765668,7050900
2001-01-23,85.88225555419922,86.31650276683824,84.73742199360544,84.93480709025954,8463100
2001-01-24,86.13888549804688,86.73104098955498,85.8033307195256,86.05993143251246,6199900
2001-01-25,85.92176818847656,86.69157038451392,85.68490597431123,86.05993781340635,10818300
2001-01-26,85.82308197021484,85.98099012471386,84.9249793415017,85.36909602603018,7136800
2001-01-29,86.2809829711914,86.47046496606839,85.50406824041656,85.58618353015979,6705900
2001-01-30,87.03894805908203,87.11474086416858,85.76936074620824,86.09149944371745,7069100
2001-01-31,86.5462875366211,87.60742550658104,86.28100304413111,86.78630133195182,9706900
2001-02-01,87.12104034423828,87.13367568912824,86.05990268414428,86.59679400560837,8239100
2001-02-02,85.1440200805664,87.15892828367573,85.11243654387077,86.78625797137482,8276600
2001-02-05,85.76934051513672,85.86409113709105,85.11244720412651,85.14403074477796,4352900
2001-02-06,85.51670837402344,86.34414525779603,85.40933202493302,85.45986377237769,7106700
2001-02-07,85.07460021972656,85.52305398842013,84.43664509706669,85.09354842753339,5748700
2001-02-08,84.08287811279297,85.52299880456562,84.0702524077012,85.14402525501339,5943300
2001-02-09,83.2744369506836,84.2282083138152,82.90808889809674,84.2282083138152,9913000
2001-02-12,84.22819519042969,84.32293620739411,83.18599581408706,83.18599581408706,5804400
2001-02-13,83.53972625732422,84.74614686605075,83.37550524695392,84.44927876572645,6587600
2001-02-14,83.41339111328125,83.78605199619577,82.52910941857772,83.78605199619577,8400100
2001-02-15,84.22189331054688,84.33559219667865,83.36919503532977,83.90607699277406,5929800
2001-02-16,82.3648452758789,82.92699761832618,81.67005555217149,82.74382849822382,6434900
2001-02-20,81.0953369140625,82.83232715920501,80.91216763800087,82.7691600223827,5760000
2001-02-21,79.34567260742188,81.3795251126585,79.2698749761999,80.78579386782627,10910800
2001-02-22,79.4656982421875,79.92679217433587,77.70344265716957,79.80678043467236,21281600
2001-02-23,78.92880249023438,79.29515052402671,76.93284614769735,79.00460013070055,20173000
2001-02-26,80.60893249511719,80.60893249511719,78.63823757761887,79.45936166465309,11503700
2001-02-27,79.86361694335938,80.74789861144683,79.2761985101449,80.09100503486006,11415000
2001-02-28,78.29081726074219,80.11623411971236,77.8613071281038,80.05938952901121,14825800
2001-03-01,78.70137786865234,78.70137786865234,76.90122690891157,78.35398302040575,14672000
2001-03-02,78.07608795166016,79.36461873489553,77.24865097976308,77.37497554285602,12564300
2001-03-05,78.7898178100586,78.81508368227767,78.20239953313893,78.41715703751495,5293200
2001-03-06,79.63621520996094,80.6910401754664,79.26354958312814,79.8067538398859,6917000
2001-03-07,80.20466613769531,80.24256253105547,79.43407401289417,80.1541344005673,6371700
2001-03-08,80.29314422607422,80.36893705995237,79.67414210854618,79.96469254935332,6055000
2001-03-09,77.91818237304688,79.64885400238082,77.76027425455723,79.64885400238082,10020300
2001-03-12,74.58316802978516,77.3749825708914,74.37472814467316,77.27391905605882,13972900
2001-03-13,75.80854034423828,76.07382969100397,74.2357765649323,75.41693122768149,12888000
2001-03-14,74.31155395507812,75.34743072133,73.11145141301378,73.93257547310328,19883400
2001-03-15,74.33051300048828,75.07583954533017,74.12839079268235,74.81686790649913,10370300
2001-03-16,72.8396224975586,74.35328783168475,72.71295301088573,74.18228523266309,58514600
2001-03-19,74.32164001464844,74.53697578617546,72.71930800819453,73.3146426820036,10067800
2001-03-20,72.32665252685547,75.02465342444258,72.26965485581127,74.66998836385896,15083900
2001-03-21,71.09796905517578,72.99796819206061,70.86996877219379,72.31396734311464,19004600
2001-03-22,70.37596130371094,71.31329139259226,68.42529459816741,70.94595711064957,28624800
2001-03-23,72.50399780273438,72.61799798921469,70.61666245588256,71.72499572312736,12861700
2001-03-26,73.42866516113281,73.63766148016485,72.68766151964766,73.27666168844631,9943800
2001-03-27,74.9296646118164,75.14500045630196,73.01066539795465,73.2260012424402,12880700
2001-03-28,72.85868072509766,74.068345102934,72.77001442858403,74.03668132957957,10953300
2001-03-29,73.13731384277344,73.78331152578306,71.02197862203909,72.64330992994438,12060300
2001-03-30,73.90362548828125,73.90362548828125,72.51662474389975,73.181626292234,9183600
2001-04-02,72.32665252685547,74.34065238021783,72.07332310183806,73.65665616794215,10561000
2001-04-03,69.91365814208984,72.29499255117939,69.70465700674981,72.18732705671307,12836000
2001-04-04,70.20496368408203,70.99662995212975,69.22330041087132,70.02763121315093,14884300
2001-04-05,72.86498260498047,73.14364591200439,71.24998110058772,71.75664956563799,21522800
2001-04-06,71.7566146850586,72.45327986189537,70.97127846278434,72.1936110709951,14937800
2001-04-09,72.55464935302734,72.82698282045577,71.42731703779535,72.19998430965965,9034300
2001-04-10,73.87830352783203,74.5749689379327,72.94096845886082,73.11830094521942,17873600
2001-04-11,73.9289779663086,75.36030735288423,73.55530890914183,75.22730797618199,12722300
2001-04-12,75.2716293334961,75.3286318185698,73.44129727102649,73.65663301293631,9233200
2001-04-16,74.47998809814453,75.29698855802307,74.04299144803213,74.91698958020609,7350000
2001-04-17,75.53129577636719,75.78462994558552,74.11262636152351,74.29629351340812,10924700
2001-04-18,78.5333023071289,79.79996847337293,76.4369713482184,76.67130149652685,32481600
2001-04-19,79.57830047607422,79.69863047253706,78.2673012265742,78.69163321988316,13809900
2001-04-20,78.84998321533203,79.41998406038684,78.31798564791342,79.10331746112848,7626700
2001-04-23,77.41864013671875,78.46364076326832,77.20964387696748,78.31164216564513,8451800
2001-04-24,77.00067138671875,78.31167125405922,76.69666924660424,77.59600146185325,10044700
2001-04-25,78.00763702392578,78.3243035749674,76.60163676418928,76.8993040952801,8249000
2001-04-26,78.3559799194336,79.30597966660044,78.21664585007068,78.36231460402698,10590400
2001-04-27,79.66062927246094,79.69862770876857,78.65996190614695,79.11596246962915,7938700
2001-04-30,80.21795654296875,80.6042852104498,78.95762044984215,80.08495236675168,10766900
2001-05-01,80.46495819091797,80.528290523433,78.91328946858991,79.21095674655253,10578000
2001-05-02,80.31929016113281,80.87029160579341,79.79995729897294,80.69295914046282,9572900
2001-05-03,79.29966735839844,79.89500224750188,78.6726687012905,79.88233287474014,9926200
2001-05-04,80.64865112304688,80.65498580828745,78.17865539362191,78.31165479197948,12145300
2001-05-07,79.9520034790039,80.67400313608242,79.94567362429193,80.34467190890369,7185200
2001-05-08,79.91390228271484,80.49656707583227,79.52123435764321,80.34456861500684,6952600
2001-05-09,79.57830047607422,80.14830120019333,79.20463145561645,79.32496628402708,9507400
2001-05-10,79.81266021728516,80.74999562590249,79.65432689252849,80.59799698708197,6872400
2001-05-11,79.26162719726562,80.1102911116454,78.78662743958958,79.79995928957565,7734400
2001-05-14,79.42000579833984,79.44533971304848,78.82467088256209,79.10333911240703,7914000
2001-05-15,79.78730773925781,80.11663883211524,79.07163822878496,79.51497430726202,9782200
2001-05-16,81.6683120727539,81.82664536861573,78.92598306070799,79.06531230222947,14909000
2001-05-17,81.79500579833984,82.38401089315737,81.42134140686149,81.70000965267616,11824600
2001-05-18,82.16863250732422,82.16863250732422,81.1299667029871,81.75696023088922,6683100
2001-05-21,83.3783187866211,83.49865365076292,81.79498565612013,82.23198714636216,11531500
2001-05-22,83.27062225341797,83.65695577980627,83.01096306136935,83.49229267461753,8342700
2001-05-23,81.8582992553711,82.99830071356352,81.8582992553711,82.99830071356352,12330800
2001-05-24,82.09893798828125,82.33326804334376,81.41493737102336,81.99760241597073,7902800
2001-05-25,81.12997436523438,82.14330153176378,81.00330484545712,82.11163294383245,7425000
2001-05-29,80.48400115966797,81.28833719889323,80.37000096638997,81.20600077311198,9003900
2001-05-30,79.35660552978516,80.49026704334418,79.16660374801151,80.17360062835213,10041800
2001-05-31,79.768310546875,80.28131369848747,79.3313139468441,79.43897942569602,9874200
2001-06-01,80.26231384277344,80.49664402054798,79.24264706417216,79.92664320767325,8848300
2001-06-04,80.64865112304688,80.70565362631388,79.85065473290146,80.30665543124117,5623500
2001-06-05,81.57333374023438,81.84566242980176,80.6043296995223,80.74366380336129,9115400
2001-06-06,80.89564514160156,81.59231063819708,80.66131013727784,81.59231063819708,12064900
2001-06-07,81.18693542480469,81.28827099494279,80.43326782572674,80.4649363993814,7355300
2001-06-08,80.43331146240234,80.98431305207933,79.88864455728215,80.87664274240781,8170600
2001-06-11,79.86327362060547,80.4269394860912,79.42627722777998,80.24960705631317,7012200
2001-06-12,79.72396850585938,80.26863535580107,78.55863792678753,79.07797087301704,9364400
2001-06-13,79.0400161743164,80.16734893766208,78.94501519080902,79.90767990487197,7629400
2001-06-14,77.26663970947266,78.72330780070921,77.10830643137948,78.64730608772314,12603000
2001-06-15,77.39112854003906,77.74045441126623,76.47018556417264,76.79410547697502,16821100
2001-06-18,77.01638793945312,77.76584662056045,76.79409189965227,77.26408993318695,11368300
2001-06-19,77.35301208496094,78.05165889194424,76.78139020808715,77.72773902076734,7732300
2001-06-20,77.75951385498047,78.03262187266091,76.91478384149313,76.97194846391956,8787200
2001-06-21,78.642333984375,78.95354845497077,77.58166079685131,77.62612000693642,12259100
2001-06-22,78.02622985839844,78.49622777561753,77.58799058715849,78.43271532934831,12212000
2001-06-25,77.30854797363281,78.40097974780221,77.1688176519567,78.29935593360499,8406800
2001-06-26,77.2005844116211,77.73409495510634,76.57815059853095,76.78774610305331,8005800
2001-06-27,77.15611267089844,77.6388112235681,76.79408633355125,77.23232568148319,10105100
2001-06-28,77.58170318603516,78.7185948601769,77.44197277922433,77.48643201360113,10269300
2001-06-29,77.86746978759766,78.76301154066611,77.65152643606343,77.99449956410942,9824200
2001-07-02,78.83922576904297,78.9599028471558,77.88017638155758,77.99450075932485,8522200
2001-07-03,78.82015991210938,78.82015991210938,78.15327185316299,78.74394690290968,3303100
2001-07-05,77.28314971923828,78.53436519347267,77.27044916404344,78.16598609884404,5517900
2001-07-06,75.61278533935547,77.16251065830042,75.61278533935547,77.04818622245512,11665900
2001-07-09,76.0256118774414,76.5591274766101,75.70804456826966,75.89223418907238,8339300
2001-07-10,75.11099243164062,76.62261049742482,75.07923377466196,76.40031443564637,8630700
2001-07-11,75.18721008300781,75.51112999050245,74.36788610857491,75.00937322263931,15328600
2001-07-12,76.97197723388672,77.14981417778789,75.77792087507606,75.89859802087756,12002800
2001-07-13,77.63884735107422,77.6896592789015,76.6099324638785,76.74965799686531,10433800
2001-07-16,76.66707611083984,77.66423696752125,76.40032081443387,77.34031705291906,6915300
2001-07-17,77.38478088378906,77.45464606258908,76.10816409813387,76.34316074892351,7469800
2001-07-18,76.85759735107422,77.25773018621763,76.25421690300611,76.57178402966623,7709300
2001-07-19,77.5308609008789,78.10883556723982,76.69883633505817,77.60072607693772,10082900
2001-07-20,77.06719970703125,77.44828419360327,76.80044444298326,76.9465274755946,6705800
2001-07-23,75.54926300048828,77.41020767746505,75.54926300048828,77.35940058932056,8065200
2001-07-24,74.81884002685547,75.7080243788594,74.15194691716123,75.58099942734206,12269000
2001-07-25,75.64449310302734,75.88584723489387,74.60287325324887,74.89503444568038,12088500
2001-07-26,76.43843078613281,76.75599801403175,75.30153952877171,75.61910675667063,12898200
2001-07-27,76.7305908203125,77.0735640024105,76.15897369584043,76.74329622281128,8478800
2001-07-30,76.7560043334961,77.07357158754093,76.40668326146184,76.97195258600628,8547700
2001-07-31,77.07355499267578,77.9182848695205,76.72423399585453,76.85125893184576,11918100
2001-08-01,77.55623626708984,77.93096311296199,77.20056267159231,77.46731786821546,11940800
2001-08-02,77.87385559082031,78.28034135706773,77.41655789236881,78.26764079686299,11070100
2001-08-03,77.44828796386719,77.7150432409011,76.78774762619456,77.7150432409011,10816300
2001-08-06,76.40668487548828,77.17519706502792,76.2796550637719,77.07357321565482,8550100
2001-08-07,76.70519256591797,76.97830059877974,76.15898134588615,76.38762531122714,8865100
2001-08-08,75.28247833251953,76.95288487638035,75.21896586277487,76.29234453051592,15183800
2001-08-09,75.50479888916016,75.56196352245507,74.85696373453634,75.39047446826274,14118500
2001-08-10,75.76518249511719,76.11450350464875,74.52666751853018,75.4539679986314,11173300
2001-08-13,75.78422546386719,76.12084587191728,75.46030560987795,75.96206229486043,7431600
2001-08-14,75.7524642944336,76.43841048750453,75.45395524986002,76.30503286868907,13178100
2001-08-15,75.09827423095703,75.96840991954627,74.99665526818838,75.72706064299206,8520600
2001-08-16,75.35868072509766,75.42219318179698,74.31070822964419,74.81881757461855,10734700
2001-08-17,74.15192413330078,74.86327624202575,73.6819261422683,74.72354593087533,11604600
2001-08-20,74.837890625,74.88234984101996,74.02491933452595,74.18370294112451,10417400
2001-08-21,73.56128692626953,75.28885376069499,73.548586366763,74.81885552787675,14480800
2001-08-22,74.32344055175781,74.58384803493128,73.53587509152891,74.15195636080087,11752300
2001-08-23,74.0566635131836,74.64098594647633,73.98679834771485,74.28531226459215,8744100
2001-08-24,75.59371185302734,75.66357704103865,74.14560585732394,74.44411987051916,11687700
2001-08-27,75.14277648925781,75.70804592203595,75.11102266518839,75.5619676707927,7425100
2001-08-28,74.0439682006836,75.25707236339169,74.0439682006836,75.12369472324205,12046600
2001-08-29,73.38343048095703,74.42505052808743,73.14842900427003,74.3932918692383,16180000
2001-08-30,71.9734115600586,73.5104352509971,71.16044051181639,72.9451661675884,17692600
2001-08-31,72.50059509277344,72.89437533236911,71.85275527006591,72.02424427724364,15985400
2001-09-04,72.03693389892578,73.78355329074557,72.00518009012508,72.31004185220158,24473400
2001-09-05,72.21476745605469,72.52598674972926,71.10328243899156,72.21476745605469,21477100
2001-09-06,70.35382080078125,71.96071457072021,70.35382080078125,71.54787632699187,21653000
2001-09-07,69.05181121826172,70.6587004394621,68.99464660376495,69.87748301261173,33133900
2001-09-10,69.89654541015625,70.0870828302433,68.40397563483991,68.40397563483991,23408700
2001-09-17,66.2445068359375,67.57828784460477,63.513427514536446,64.1485617896818,32388700
2001-09-18,66.08574676513672,66.8796648913604,65.6475024088399,66.26358365010016,22029200
2001-09-19,64.75193786621094,66.3715322174486,62.59883304604651,66.11747753647347,42771800
2001-09-20,62.694129943847656,64.6630460512823,62.59885879358475,63.767508868471815,36210900
2001-09-21,62.01771926879883,63.10787392033546,59.799160461280955,60.105166224585666,49782100
2001-09-24,64.19805145263672,64.49131397081318,63.152522471607476,63.57328662595799,25549600
2001-09-25,64.86741638183594,65.02679578326551,63.68800978403177,64.22989877611765,25466200
2001-09-26,64.63790130615234,65.28179536664815,64.0258850673745,65.24991754493018,18587500
2001-09-27,65.19892883300781,65.21168190995459,63.75176588746676,64.54866296106009,20536800
2001-09-28,66.58233642578125,69.88467762592016,65.3455507861695,65.6515613592235,21687200
2001-10-01,66.47396087646484,66.50583870338787,65.55593880033827,66.23808246717901,20457400
2001-10-02,67.30911254882812,67.30911254882812,66.07870332826171,66.30183352600721,19833100
2001-10-03,68.4374771118164,68.77536048250099,66.52492532556795,66.68430464108866,32045800
2001-10-04,68.49488067626953,69.47028165766778,68.0549920517674,69.0367695699494,32674100
2001-10-05,68.36102294921875,68.60965445524596,67.27086343648537,68.37377116271101,29796100
2001-10-08,67.91474914550781,68.40564042124598,67.4939900587484,67.74899320763372,12970300
2001-10-09,67.55133056640625,68.05496980247312,67.32182395594866,67.96571777216971,15976300
2001-10-10,69.055908203125,69.20253939540312,67.27085692676411,67.44936594549894,19987400
2001-10-11,70.12690734863281,70.31816449604125,69.45751219657461,69.45751219657461,23006300
2001-10-12,69.80814361572266,70.05677497099775,68.40560751602365,69.58501353584386,31360500
2001-10-15,69.68065643310547,69.77628015566879,68.89013132485444,69.25351606221088,16873000
2001-10-16,70.12055969238281,70.5158223566752,69.45754080254075,69.9994346554189,15877100
2001-10-17,68.62879943847656,70.86011197568004,68.62879943847656,70.80910937892817,28542300
2001-10-18,68.48213195800781,68.9538984325595,68.05499637990833,68.73713994297874,16510000
2001-10-19,68.4374771118164,68.79449008601487,67.58320631528338,68.21434704286156,21912500
2001-10-22,69.7890625,69.8528132964056,68.34827115463831,68.40565027611515,17540600
2001-10-23,69.43204498291016,70.30544099250027,69.09415656520648,70.10143555260987,22062500
2001-10-24,69.24715423583984,69.77629007678901,68.9921462570449,69.47666093036804,16065200
2001-10-25,70.49034118652344,70.50946594182463,68.04864690632809,68.50128394933009,27467900
2001-10-26,70.33092498779297,71.26807641882299,69.91653767193908,70.09504177996915,18623300
2001-10-29,68.50126647949219,70.47757499709284,68.50126647949219,70.22894351383636,18727500
2001-10-30,67.67884826660156,68.66062076423165,67.29633394258066,68.4374906511339,26178600
2001-10-31,67.44934844970703,68.7626328459954,67.44934844970703,68.15061667499096,28124200
2001-11-01,69.17704010009766,69.49579891835502,67.38561223405725,67.95937907969521,29806800
2001-11-02,69.6487808227539,69.7316563395582,68.76900850019729,69.13239324906547,17575900
2001-11-05,70.56041717529297,70.8217967472916,70.09502739156896,70.20340903251586,15929500
2001-11-06,71.65696716308594,71.70796972983904,70.03129561090621,70.3500543573044,23245800
2001-11-07,71.56134033203125,72.1159823154429,71.17245426272065,71.25532978783488,19716000
2001-11-08,71.78447723388672,72.72800537528623,71.33821688152597,71.95660970113518,22563500
2001-11-09,71.86099243164062,72.01399531032392,71.04497059349795,71.5613583489752,15895800
2001-11-12,71.42108917236328,71.8163517978497,70.12692934539072,70.76444688489428,26068800
2001-11-13,73.0276107788086,73.0276107788086,72.15421030148093,72.31996616617278,15296200
2001-11-14,73.09773254394531,73.56949396206213,72.49208821886528,73.42286284979663,17571300
2001-11-15,73.23164367675781,73.42927256340184,72.63237561548502,72.91288489759108,19470200
2001-11-16,72.90647888183594,73.37824032237089,72.29446285695711,73.36549211646282,18134900
2001-11-19,73.80537414550781,73.85637669577584,72.96385152156903,73.26348542455504,13625400
2001-11-20,73.18700408935547,73.82452152963253,73.08499896425255,73.55038883575851,16209700
2001-11-21,72.70248413085938,73.10411833772888,72.36460069055892,72.99574154817434,11470200
2001-11-23,73.748046875,73.79267291892734,72.67701695687012,72.70251824823916,6717100
2001-11-26,73.90740966796875,74.16878933390794,73.35914418658655,73.79265631456613,13726000
2001-11-27,73.58866119384766,74.5258129004999,72.73438502919154,73.70979110158119,19261400
2001-11-28,72.2562484741211,73.42290694672755,72.19887421999637,73.14877416131522,20195500
2001-11-29,73.23164367675781,73.2635166363507,72.03948409168,72.4602480148391,16354700
2001-11-30,72.70890045166016,73.25716609912394,72.68977083373753,72.93203068868044,13680300
2001-12-03,72.27535247802734,72.72798926770834,72.04584581510854,72.45385657943709,15220400
2001-12-04,73.49939727783203,73.50577381507371,72.26261170207897,72.62599650288944,17239900
2001-12-05,74.84455108642578,75.22706059123388,73.67151642595908,73.70339424463985,25204000
2001-12-06,74.80633544921875,75.18885001587955,74.54495568346695,74.80633544921875,17972900
2001-12-07,74.30903625488281,74.64691974262068,73.76077083044582,74.52579472829558,18857800
2001-12-10,72.91925811767578,74.20066979898695,72.90013336873984,73.85640972652098,13862700
2001-12-11,72.77263641357422,73.77353887028565,72.61325701050632,73.2507746227779,20833300
2001-12-12,72.8554916381836,73.17425035544122,72.10959740713002,73.02762406927104,16171500
2001-12-13,71.44023132324219,72.48575995361003,71.42748310945069,72.32638052990916,19026700
2001-12-14,72.12232971191406,72.35183632684047,71.40193692076065,71.61231879508834,16721900
2001-12-17,72.86829376220703,72.90654327758669,71.97576778030405,72.03314205337357,13925900
2001-12-18,73.30174255371094,73.41011932924422,72.89372699993832,73.07860760377982,13663700
2001-12-19,73.81817626953125,73.90105182088705,72.67701898427121,72.73439324354659,20143400
2001-12-20,73.0914077758789,73.82455412871106,73.02765697647486,73.63329686662468,14867900
2001-12-21,73.53472137451172,73.61148839294026,73.05493849069211,73.58589938679741,14037700
2001-12-24,73.39398193359375,73.59229061091598,73.31721492272544,73.45795200234897,5728800
2001-12-26,73.79700469970703,74.34075765617008,73.34281082404478,73.34281082404478,10304800
2001-12-27,74.24482727050781,74.25762421850693,73.72666313047357,73.7586506198657,9407300
2001-12-28,74.20639038085938,74.68617307728734,74.15521238856257,74.39190694248376,10593800
2001-12-31,73.11893463134766,74.45592764560664,73.07415507777452,74.30239844487092,14619500
2002-01-02,73.9057388305664,74.04647589393946,72.80543620485288,73.63706164445576,18651900
2002-01-03,74.7437744140625,74.81414296133418,73.91215367087591,73.9825222181476,15743000
2002-01-04,75.24275207519531,75.47304824964756,74.55826202351885,74.95487941682805,20140700
2002-01-07,74.71176147460938,75.4794118305005,74.5646259680859,75.29389527036305,13106500
2002-01-08,74.53907012939453,74.88451440739027,74.18723226002035,74.71179470869446,12683700
2002-01-09,73.93132781982422,75.34508716244864,73.78419228615614,74.64140672629479,16610300
2002-01-10,74.25756072998047,74.430280335452,73.75858755794997,74.00807414396522,12823400
2002-01-11,73.5283203125,74.38552996847008,73.37478629124293,74.34075043242095,13708400
2002-01-14,73.0677261352539,73.46434347848363,72.9014000567945,73.34280181552771,12301100
2002-01-15,73.66266632080078,73.81619547687802,72.8630281820179,73.27884099030577,20219900
2002-01-16,72.17211151123047,73.18285489580131,72.08895093424755,73.11888484576814,17067000
2002-01-17,72.71587371826172,73.0805084195545,72.54315407263991,72.77345018720405,17283400
2002-01-18,72.38322448730469,72.83101976403258,72.07616138283237,72.28726696211943,17028000
2002-01-22,71.8843002319336,72.88224746092793,71.66039756028493,72.76709932830505,11689300
2002-01-23,72.43435668945312,72.63906366947808,71.66030338811564,72.05052683138187,12438900
2002-01-24,72.65829467773438,73.08689939342351,72.49196863858556,72.69667573269098,12142800
2002-01-25,72.63912200927734,73.04213782721332,72.31286832012728,72.36404632638676,12810700
2002-01-28,72.83740997314453,73.04851552848943,72.23608077207795,72.86299896899864,10589200
2002-01-29,70.54729461669922,73.0101798146872,70.4001638900862,72.83106160110339,27720800
2002-01-30,71.56439208984375,72.53674958576751,69.3445965967376,70.61761871065818,34711800
2002-01-31,72.40241241455078,72.47917940806097,71.40446590192975,71.74351158221242,19909200
2002-02-01,72.06336212158203,72.47917476875925,71.75629904779828,72.34483131856499,15838500
2002-02-04,70.27218627929688,71.79470015088366,70.00990755389937,71.79470015088366,24243400
2002-02-05,69.837158203125,70.68157543369833,69.4277440840956,69.98429368993304,33614000
2002-02-06,69.5365219116211,70.20182134566899,69.12710762614597,70.14424974955683,29486000
2002-02-07,69.10150909423828,70.27857866311565,69.08871703484512,69.54930926264049,23445400
2002-02-08,70.42572784423828,70.84793912437361,69.28065032397664,69.49175108344045,19277800
2002-02-11,71.289306640625,71.4172467290858,70.25297435392693,70.40010984819823,18792400
2002-02-12,71.06546020507812,71.46208260103401,70.38736841642955,70.98229957006069,13942500
2002-02-13,71.8203125,71.99303710857134,71.23177987357491,71.3149453816296,16781100
2002-02-14,71.68595886230469,72.2680977745638,71.38529413888328,71.9738315228716,20453800
2002-02-15,70.93748474121094,71.80109279140237,70.82233667581188,71.74352119900432,18366800
2002-02-19,69.57490539550781,70.55366153962306,69.47894785811154,70.4641024728807,15988100
2002-02-20,70.74553680419922,70.74553680419922,68.97354199500488,69.76038755643674,29242800
2002-02-21,69.2806625366211,70.77118458139293,69.25507352598662,70.32338909680135,26288600
2002-02-22,70.13789367675781,70.32980887435019,69.0056076766602,69.31266613608054,26572900
2002-02-25,71.29570007324219,71.52599613645094,70.17620721954461,70.20179621330131,17458700
2002-02-26,71.14859771728516,71.67316009612898,70.73278494464718,71.39168593361649,22346500
2002-02-27,71.42367553710938,72.19772462648214,70.7839650618654,71.62198422264184,28597900
2002-02-28,71.10379791259766,72.12733337460917,71.02703092272102,71.5388010940278,23755400
2002-03-01,72.76063537597656,72.83100388706544,71.33408439066886,71.46842294440178,26273600
2002-03-04,74.04647064208984,74.19999975460627,72.70307992621562,72.86300750859596,27184600
2002-03-05,73.80976867675781,74.46227588070833,73.54749000581448,73.77778609184385,22718900
2002-03-06,74.68614959716797,74.94203459760384,73.61143649981767,73.6306270207453,20143200
2002-03-07,74.52626037597656,75.16597076546992,73.93132951852361,75.07641170138908,19330800
2002-03-08,74.8397445678711,75.42188357865557,74.51349566352404,75.08923132089166,19930100
2002-03-11,74.99966430664062,75.42187561678475,74.48150031746758,74.77576658789945,15621800
2002-03-12,74.95487213134766,75.00605013860793,74.16803101228524,74.27038214620241,17153600
2002-03-13,74.23197174072266,74.68616539427907,73.97608668616371,74.60939841373094,17175300
2002-03-14,74.12964630126953,74.48148900629015,73.96971868636987,74.23200231749497,11168100
2002-03-15,74.83599090576172,75.02845086637961,74.35483366234008,74.39974147594272,21220100
2002-03-18,74.84880828857422,75.41978107282232,74.48312903467841,75.12467192885236,17548900
2002-03-19,75.34920501708984,75.5352530290693,74.94503478770352,75.25297750622414,17912000
2002-03-20,73.931396484375,74.79106644647537,73.89932227870283,74.7397418438997,17114500
2002-03-21,73.96348571777344,74.35482730050643,73.21288165695802,73.96990251762038,25846800
2002-03-22,73.8031005859375,74.38049021227027,73.5849734406188,74.0982097517111,15235400
2002-03-25,72.88568115234375,74.00838110244814,72.68680444173478,73.83516179775107,17499600
2002-03-26,73.30911254882812,73.79026977318128,72.7958811129354,72.82795532447498,19947600
2002-03-27,73.50155639648438,73.7838367870557,72.98190830891716,73.15512270657857,19020300
2002-03-28,73.469482421875,74.27141095592464,73.45665371894687,73.75817963088286,17532900
2002-04-01,73.50155639648438,73.84157328808185,72.8151058149811,73.28343419983052,17711000
2002-04-02,73.09740447998047,73.74535932820605,72.98833845980393,73.12306678504646,15669500
2002-04-03,72.58417510986328,73.27062592863292,71.95546570666063,73.14231928561577,25658500
2002-04-04,72.28260040283203,72.75092863394494,72.0003249995053,72.23769261858132,23549000
2002-04-05,72.29546356201172,72.8985104979243,71.96827534604225,72.61623497915495,19404900
2002-04-08,72.44944763183594,72.51360094977201,71.35882654316931,71.41656306093645,16470100
2002-04-09,71.94261932373047,72.60982451696522,71.80789590412304,72.60982451696522,15122700
2002-04-10,72.75737762451172,72.8407764337143,71.91053635606907,71.91695315511036,17199300
2002-04-11,70.94819641113281,72.52639557279021,70.89045992439455,72.42374640359093,25453700
2002-04-12,71.480712890625,71.6282699198032,70.59538539930833,71.22409473681918,14950600
2002-04-15,70.93537902832031,71.76296973233019,70.69800645761617,71.60900084855099,17394900
2002-04-16,72.62266540527344,72.69965232707278,71.6411054016088,71.66035090841248,15040900
2002-04-17,72.4686279296875,72.92412244013443,72.23767227726651,72.74449135371367,12920100
2002-04-18,72.15435028076172,72.78947655322844,71.30751361927769,72.43021399823074,25204800
2002-04-19,72.41735076904297,72.64830657265067,72.21205726523425,72.62264427285169,10499200
2002-04-22,71.2112808227539,72.12868760931693,71.10863158207697,72.0966084979591,13922900
2002-04-23,70.9033203125,71.51920581379355,70.67878127274922,71.26899957568956,16967000
2002-04-24,70.19120788574219,71.73090686091906,70.18479108654691,70.92897827193791,18902700
2002-04-25,70.22972869873047,70.40294319384948,69.74857134112841,70.06292611094442,25451500
2002-04-26,68.89527893066406,70.57612278065736,68.83112563141488,70.43498258555937,19769800
2002-04-29,68.55524444580078,69.45340508853828,68.40768749027134,69.24169485022368,17724400
2002-04-30,69.19679260253906,69.69719510073875,68.41410976398792,68.657894215921,19473500
2002-05-01,70.04365539550781,70.08856320360778,68.51678502552522,69.2673890585891,24575600
2002-05-02,69.77420806884766,70.51198339222123,69.1454938651719,69.99233030824327,15666800
2002-05-03,69.01719665527344,69.77421758601756,68.77340718436209,69.67156835730023,18185500
2002-05-06,67.66352844238281,69.28021434889025,67.56087923202234,69.05567531945641,23630400
2002-05-07,67.42610931396484,68.20879187214351,67.29780278408455,68.06765175252698,21910000
2002-05-08,69.9345932006836,70.15913223773387,68.5103671734162,68.67716969861809,27917400
2002-05-09,69.12625885009766,69.99234092869935,69.0171977138512,69.70364853402701,18085600
2002-05-10,67.82389831542969,69.31869405360143,67.7469114256475,69.26736946041329,18958900
2002-05-13,69.20326232910156,69.25458206194055,67.86885138357064,68.14471513774689,14677700
2002-05-14,70.71085357666016,70.80708598289522,69.92817051800418,70.32592884630344,34201200
2002-05-15,70.43500518798828,71.15353509606946,70.11423369422457,70.24895713425518,29535300
2002-05-16,70.80066680908203,70.87765371040443,70.13987848012728,70.37724619368385,28092000
2002-05-17,71.14707946777344,71.37161841195085,70.63384340001205,70.99311060527778,27823700
2002-05-20,70.37726593017578,71.01239703138826,70.24254248601746,70.98031792319522,13833800
2002-05-21,69.73570251464844,70.87765284469101,69.49191800531348,70.64028023945043,16877200
2002-05-22,69.88968658447266,70.00516450472156,69.28663467933012,69.42777490347702,15844200
2002-05-23,70.6338882446289,70.80069080673961,69.59459164471876,70.09499443646587,13879800
2002-05-24,69.72929382324219,70.69802000112048,69.67796922062277,70.55688468579231,11877000
2002-05-28,69.35078430175781,70.01157268457348,68.93378045112563,69.96025297409214,24236900
2002-05-29,68.83753967285156,69.29944634569664,68.72847368445463,69.04283315897698,14773300
2002-05-30,68.64509582519531,68.97228410101395,67.93939955731109,68.35640345479221,18217900
2002-05-31,68.78620147705078,69.6458662506682,68.54882894222806,68.9016793460751,19826300
2002-06-03,66.95782470703125,69.03000523819544,66.80385090884114,68.70281703527044,26056300
2002-06-04,67.12464141845703,67.49032072771894,66.43177870772918,66.81670352359679,25856200
2002-06-05,67.75334167480469,67.79183268004627,66.94499630264644,67.32992103881298,19695900
2002-06-06,66.3740234375,67.74692476073304,66.175146717978,67.7084337555568,22998500
2002-06-07,66.2970199584961,66.66911589745538,65.25772392189012,65.29621491744372,24011600
2002-06-10,66.55364227294922,67.01555382746544,66.09173071843301,66.23287090393326,18759900
2002-06-11,65.41173553466797,67.06691794901941,65.2641833589228,66.80388292199942,19990700
2002-06-12,65.80946350097656,65.95701560827513,64.65468446976348,65.25131948679302,31266000
2002-06-13,65.1486587524414,66.0788936469196,65.0139304872883,65.52074977348346,21043900
2002-06-14,65.05245971679688,65.15510404930582,63.19198407969602,64.35317531732997,39267500
2002-06-17,66.79744720458984,66.93858252838109,65.34114210908426,65.38604991542324,17647200
2002-06-18,67.3427505493164,67.38124155222162,66.48308062596138,66.55365072767647,21628500
2002-06-19,65.7710189819336,66.99636907196069,65.59138763555178,66.39973358885705,21540700
2002-06-20,64.9305419921875,66.11098321286062,64.77015630258288,65.60416384636007,25691000
2002-06-21,63.91532516479492,64.97757723314356,63.529053024954536,64.68143509554204,31190700
2002-06-24,64.25004577636719,64.82301671601932,62.608384375612054,63.48393646778643,37169700
2002-06-25,62.80793380737305,64.95174827864443,62.79506021301559,64.57191584871258,33355000
2002-06-26,62.91098403930664,63.18781316331282,61.282200670134,61.28863501573554,37913600
2002-06-27,64.01188659667969,64.05051233242335,62.17065121325056,63.413163134072086,31616400
2002-06-28,63.709312438964844,64.70074736612035,63.65780817767234,63.8895724417719,28184200
2002-07-01,62.466758728027344,64.25005452046574,62.37662878671783,63.85090412915688,20270200
2002-07-02,61.14057159423828,62.57621665775256,61.01181099572302,62.35733100784853,34213900
2002-07-03,61.48823547363281,61.70068192659877,60.33585357299193,60.91526415316277,30565800
2002-07-05,63.93459701538086,64.07623118851885,62.22856241634682,62.30581384772129,19013500
2002-07-08,63.13630676269531,64.18567973031426,62.8079734148532,63.72215636547803,19118600
2002-07-09,61.546165466308594,63.31014417543526,61.16633269626768,62.91743779950963,28620400
2002-07-10,59.30575942993164,61.84872036975975,59.25425520495311,61.80365540083183,50522500
2002-07-11,59.78862762451172,60.09764329121197,58.146965318126924,59.07402214165862,59476500
2002-07-12,59.13196563720703,60.445294608800005,58.919514278923785,60.08477466387028,39018600
2002-07-15,59.44741439819336,59.48604503949562,56.58255818047335,58.996764513961686,77317200
2002-07-16,58.301483154296875,59.47317799097093,57.857272443237335,58.66200804292326,53282400
2002-07-17,58.417354583740234,60.06545613017676,57.78000548073721,59.52467135208677,48880600
2002-07-18,56.524593353271484,58.64909099374175,56.492401985745374,58.391574788672095,32656700
2002-07-19,54.53532028198242,56.36368207671636,54.271369565418844,55.855088599948864,77572600
2002-07-22,52.91938781738281,55.30784635004983,52.4365466697362,54.14258637376372,78134000
2002-07-23,51.47087860107422,53.58894294359267,51.34212289079917,53.1447323049429,74484100
2002-07-24,54.541744232177734,54.79926052824263,50.00947412126611,50.299176884517344,107022800
2002-07-25,54.07823944091797,55.26924730340432,52.53314590311978,54.25206019225117,87176600
2002-07-26,55.10828399658203,55.32073533944803,53.94946786695171,54.49668700414232,41206800
2002-07-29,57.79287338256836,58.15983251616462,56.20272041146119,56.3314761064471,53492900
2002-07-30,58.54609680175781,58.84223876574784,57.116886301669595,57.50315821506033,47532200
2002-07-31,58.68775939941406,58.93883651027556,57.45812106164745,58.256417390752816,44669900
2002-08-01,57.155521392822266,58.81005703775096,56.865818638197325,58.5074757672631,66571900
2002-08-02,55.8744010925293,57.239234397405966,55.12116977233606,56.975278770900076,51772900
2002-08-05,53.930152893066406,55.964526624348075,53.78852356884285,55.681258152469425,47191300
2002-08-06,55.74563980102539,56.58900601462475,54.79283564091774,54.870092023514076,64730000
2002-08-07,56.7177619934082,56.97527835816119,55.21773371205943,56.56969339908361,43289400
2002-08-08,58.552555084228516,58.64912432998386,56.524625481945556,56.923771160551055,48339800
2002-08-09,58.77144241333008,59.189905847043015,57.52249137133885,58.005332661380955,41879200
2002-08-12,58.340087890625,58.7585462872255,57.651234719724584,57.934498185032204,25841700
2002-08-13,57.277854919433594,59.009647292792984,57.07184282723482,58.037525430363274,49690500
2002-08-14,59.370147705078125,59.63409830905309,56.666234358346166,57.31002254875176,57423600
2002-08-15,60.1942138671875,60.50966879987422,59.357287003813106,59.76931117638388,45551500
2002-08-16,60.01396179199219,60.56762026758623,59.22853907490688,59.756445422366745,36517300
2002-08-19,61.417415618896484,61.642740581236694,59.93670030343372,60.16846452518816,33669900
2002-08-20,60.76715087890625,61.41737815507111,60.27143626413744,61.043979924266516,30508300
2002-08-21,61.64271545410156,61.66202831275606,60.23925708854746,61.19850005819304,39628900
2002-08-22,62.24140930175781,62.54399037600035,61.2049104741962,61.47530019137449,38399800
2002-08-23,60.90239334106445,61.900267517181156,60.61269047017465,61.810137516828036,33716400
2002-08-26,61.32727813720703,61.5719159361692,60.19420929288425,61.10195320241093,33830100
2002-08-27,60.619110107421875,61.964625328357265,60.19420746183277,61.610539790366346,35335700
2002-08-28,59.292903900146484,60.187769281222955,59.099770349187,60.052574322036776,38970600
2002-08-29,59.318660736083984,59.90451051749091,58.46242101481949,58.75856307919428,42965700
2002-08-30,59.08689498901367,60.123394643201394,58.84225718004166,59.02251713525424,30366700
2002-09-03,56.833614349365234,58.58471881860881,56.74992366212696,58.410898187663605,76586400
2002-09-04,57.64480209350586,58.101891174280034,56.69199329591999,57.04607880792835,51099500
2002-09-05,57.155521392822266,57.57398474750303,56.33147319932365,56.96882220652732,67250900
2002-09-06,57.94097137451172,58.30793066341494,57.516068560141136,57.78002423180474,38622200
2002-09-09,58.3658561706543,58.810066807424924,57.16840940564296,57.361542970238524,33998400
2002-09-10,59.03538513183594,59.08688937463577,58.30146686294069,58.67486525566703,41416600
2002-09-11,58.668434143066406,60.08477154641998,58.64912127726376,59.531113138737815,27711200
2002-09-12,57.58686447143555,58.48172986213398,57.290722427407985,58.4237912697377,43601700
2002-09-13,57.728485107421875,57.876558550452195,56.81430706769359,57.09757543955296,41131000
2002-09-16,57.8701286315918,57.8701286315918,56.94951118620701,57.49673024692612,28167600
2002-09-17,56.5439338684082,58.70706319037931,56.49242961985759,58.513924714172234,47609700
2002-09-18,55.97738265991211,56.97525634591036,55.54604573983359,56.01601329231569,54719400
2002-09-19,54.528865814208984,55.88082514305758,54.528865814208984,55.35935329186476,48510500
2002-09-20,54.54697036743164,55.09664247672599,54.352971058480435,54.915574481545065,46325600
2002-09-23,54.100791931152344,54.359457788433836,53.47351686640128,54.09432380459982,46893800
2002-09-24,53.22777557373047,54.09432195392916,52.930305901045784,53.3118464148322,69507000
2002-09-25,54.54697036743164,54.818572360203035,53.053154473456125,53.91323238429838,59294400
2002-09-26,55.43939208984375,55.59459254650123,54.61164480895884,54.98024897710385,53638000
2002-09-27,53.512290954589844,55.37471090592908,53.51229095458984,54.967307929185935,64648300
2002-09-30,52.891475677490234,53.54461790544814,52.31593611833081,53.02727664758867,73096400
2002-10-01,55.43291091918945,55.465241667611814,52.68454568293634,53.305352297195036,67198100
2002-10-02,53.770973205566406,55.31005638288937,53.415300339464956,54.7668522969167,56749100
2002-10-03,53.22777557373047,54.70866074455745,52.99497236315379,53.76451658332307,55547000
2002-10-04,52.25128173828125,53.62222800026329,51.46233835837603,53.54463024731066,68483700
2002-10-07,51.17134475708008,52.509960600723694,50.796277345473705,51.772752161252384,53188000
2002-10-08,51.973209381103516,52.58107979932262,50.5699225593904,51.6110684591778,79531000
2002-10-09,50.505271911621094,51.539950011140405,50.298336291717234,51.14547821480267,79956400
2002-10-10,52.1413459777832,52.425884242820295,49.83918709516175,50.40179550092145,76749000
2002-10-11,54.42407989501953,54.792683834912374,52.910860345012225,53.09192825461145,82308300
2002-10-14,54.72808074951172,54.8703499798365,53.699870294642636,53.80333568613733,40631900
2002-10-15,57.3599967956543,57.37293304191965,56.16365057019195,56.25418455911997,82320300
2002-10-16,55.96964645385742,56.77798909511052,55.56223860507742,56.52578658573811,62977800
2002-10-17,57.08194351196289,57.748022246231216,56.810341465212986,57.469952074444265,68534100
2002-10-18,57.32121276855469,57.62515049597925,56.21540024565278,56.68100655713435,47448700
2002-10-21,58.31064224243164,58.52404602529435,56.629289420717186,56.98496239215505,45859100
2002-10-22,57.89026641845703,58.207140297026065,57.24359228318783,57.58633371921548,40966800
2002-10-23,58.33003234863281,58.3752993619547,56.700414935310114,57.40528770471313,54905800
2002-10-24,57.14015579223633,58.78270951590225,56.97201905086126,58.6857073599653,54987400
2002-10-25,58.33003234863281,58.45290207067842,56.868551670677626,57.04315159813796,43672100
2002-10-28,57.94847869873047,59.034891612861095,57.45700489778895,58.94435761449461,39416100
2002-10-29,57.27594757080078,57.870886794819135,56.26066902821567,57.60575287413579,59508200
2002-10-30,57.83209991455078,58.17483660530659,57.05609249901819,57.347094046409204,41688600
2002-10-31,57.24359893798828,58.394683176920644,57.030200198177376,57.98081207693273,41620600
2002-11-01,58.37528610229492,58.73095893598793,56.939673320006705,57.13367264714837,51878900
2002-11-04,58.93144226074219,60.101926398154745,58.782709896579,59.36471790223516,49080600
2002-11-05,59.39702606201172,59.53929517966946,58.74388371900699,58.74388371900699,37270800
2002-11-06,60.166542053222656,60.18594148140785,58.71152573456785,59.80440623715121,65013100
2002-11-07,58.69216537475586,59.63630933350368,58.34296063378331,59.506971503291396,51572000
2002-11-08,57.97434997558594,59.215963404524786,57.89027916190579,58.54342156374961,37905400
2002-11-11,57.07549285888672,57.91616675022829,56.77802318037494,57.88383598540837,33505100
2002-11-12,57.528160095214844,58.15543511872485,57.14662452719474,57.33416071500848,37724500
2002-11-13,57.58634948730469,58.03255140788002,56.55166664057509,57.1142750684543,63891500
2002-11-14,58.672752380371094,58.84735224365828,58.03900949305858,58.2459450398628,31896800
2002-11-15,59.106014251708984,59.2030163543169,58.16833383814168,58.20066951692161,39152100
2002-11-18,58.5111083984375,59.59105358260027,58.42703755948582,59.59105358260027,28934800
2002-11-19,58.433475494384766,58.91201297497792,58.04547199839755,58.21360372196166,32806600
2002-11-20,59.73329544067383,59.76562618924921,58.16834018439907,58.187744554023205,36688400
2002-11-21,60.84558868408203,60.91026006762165,59.77211180285166,59.882045260894834,55128200
2002-11-22,60.41230773925781,60.96197986945458,60.31530561422708,60.45111154950992,32513800
2002-11-25,60.45111846923828,60.95552365665678,59.99197535378442,60.41878277928228,33846400
2002-11-26,59.30002975463867,60.431709749450356,59.248299561655976,60.1859752981495,42284700
2002-11-27,60.96844482421875,61.207716062359125,59.77209850098238,59.83029681273577,37764000
2002-11-29,60.77444839477539,61.40171827509614,60.638642460123485,61.30472108424907,19385700
2002-12-02,60.871437072753906,62.1130552130192,60.28296615106963,61.737983015087686,49911900
2002-12-03,60.05663299560547,60.399369522309435,59.72035965842736,60.3023674083645,34407700
2002-12-04,59.78504180908203,60.23124869031033,59.125436141544924,59.3453030528127,64040800
2002-12-05,59.125423431396484,60.01136887844307,58.91201975722915,59.96610188092873,36724900
2002-12-06,59.513427734375,59.60396173056335,58.187748542341126,58.278282538529474,49824100
2002-12-09,57.87733840942383,59.144819194833715,57.86440709682263,58.892616662385095,36789600
2002-12-10,58.65337371826172,58.91204449857761,58.045503058314374,58.213634871845144,33319900
2002-12-11,58.705101013183594,59.248310072602486,58.30416604434029,58.472297835394656,39201000
2002-12-12,58.69862747192383,59.16423378454245,58.33002329672303,58.976697634530304,34465600
2002-12-13,57.773887634277344,58.51110097791101,57.72862062432681,58.14249677296121,36862200
2002-12-16,59.26772689819336,59.35826094569421,57.9808458512293,58.08431121962932,37098400
2002-12-17,58.75035858154297,59.325898308096676,58.679224014554684,59.08663197707546,32353900
2002-12-18,58.07136535644531,58.45936902481839,57.76742758720386,58.40763388670616,35612600
2002-12-19,57.65748596191406,58.65336009414426,57.29534498009673,57.78035073038039,39264200
2002-12-20,58.48017883300781,58.499673599311826,57.90181096209509,57.96679516910088,31176900
2002-12-23,58.499671936035156,58.79210829621236,58.0382776340422,58.220235391675814,22599300
2002-12-24,58.06426239013672,58.395688225204786,57.99927819607809,58.220225447472664,10937000
2002-12-26,58.09029769897461,58.88311831188048,57.73287694463846,58.291750328884255,17485600
2002-12-27,56.78406524658203,58.02528493048614,56.78406524658203,57.810832583323034,22205700
2002-12-30,57.25848388671875,57.492431100476935,56.68011576325527,57.05053135870918,29968000
2002-12-31,57.336448669433594,57.466417096506426,56.608612587083734,57.18048060737297,34036600
2003-01-02,59.18201446533203,59.3314825892228,57.53788989241705,57.73934240211719,44516300
2003-01-03,59.363983154296875,59.38347792231631,58.811609909176376,59.07805162671572,32222600
2003-01-06,60.41025161743164,60.754672442835925,59.2470157442882,59.29250519371937,40984500
2003-01-07,60.26081085205078,60.676715961172604,59.91638494038991,60.37128456210314,38640400
2003-01-08,59.38999938964844,60.04635157976635,59.16905199458702,59.91637814916015,38702200
2003-01-09,60.31276321411133,60.55321024169674,59.40297437022568,59.66941111508438,34804900
2003-01-10,60.4752197265625,60.852135040285305,59.65640985492901,59.753883679187645,37768900
2003-01-13,60.45574188232422,60.995120331410746,60.07233151165818,60.787167851494985,31649900
2003-01-14,60.65070343017578,60.97562951096578,60.052840631437036,60.234798443402866,30733000
2003-01-15,60.04633331298828,60.80665905831199,59.72790718133592,60.78716428914645,33511800
2003-01-16,59.79938507080078,60.390752832064635,59.428969590638935,60.11131624471603,44812100
2003-01-17,58.91559982299805,59.981356979931306,58.58417382968997,59.13004726998227,35618300
2003-01-21,57.999305725097656,59.08455765071124,57.8043480924101,59.05206801724901,36826200
2003-01-22,57.297447204589844,58.35670909248527,57.18697355921949,57.687357396352745,42286500
2003-01-23,57.648380279541016,58.0837800048096,57.15449128602454,57.67437495898695,55919800
2003-01-24,56.13423538208008,57.6288975352647,55.99776700499474,57.57040825481145,68633900
2003-01-27,55.3674201965332,56.407187959719664,54.91252551862423,55.7118461189273,57884400
2003-01-28,55.77679443359375,56.14720984926625,55.321895090747745,55.64682106793334,46929100
2003-01-29,56.19919204711914,56.654086374126656,55.08794098347334,55.51034569168107,53712200
2003-01-30,54.86701202392578,56.459147657372476,54.84751725454955,56.40066334924378,49845900
2003-01-31,55.92629623413086,56.023775086209184,54.685080722139965,54.685080722139965,55317000
2003-02-03,56.0367546081543,56.413665097396084,55.835297064720756,55.97826533490631,39696000
2003-02-04,55.48439025878906,55.724837406230954,54.78255350908428,55.438900793919494,43633400
2003-02-05,55.13996124267578,56.238213108261725,54.89951908842023,55.724829246774185,55270600
2003-02-06,54.8799934387207,55.16592987412633,54.36011487013755,54.82800905244611,53638000
2003-02-07,54.21064376831055,55.23091104283269,53.918212399412894,55.17892665941246,43165000
2003-02-10,54.594078063964844,54.672057145365244,53.710278782920035,54.23665741428561,45455900
2003-02-11,54.217166900634766,55.15945056671047,53.827256589085465,54.82802952878179,46861000
2003-02-12,53.35285568237305,54.340633637213834,53.346355773228865,54.04170227029512,35873600
2003-02-13,53.51533508300781,53.71679266430792,52.63803548321677,53.385366608216366,57934100
2003-02-14,54.685062408447266,54.71755204293922,53.170905626122824,53.52832631138523,59580900
2003-02-18,55.646827697753906,55.757306311222024,54.841012566561524,54.93199145437466,39492700
2003-02-19,55.35441589355469,55.54287364455374,54.769547865967844,55.44539481362605,31432000
2003-02-20,54.80202865600586,55.51036506353605,54.620070861703724,55.37389671780945,29280100
2003-02-21,55.35441589355469,55.718331573840146,54.236669209273,54.8345321005932,60955800
2003-02-24,54.457618713378906,55.237439404127926,54.32114538241775,55.19194994646721,30628600
2003-02-25,54.89299011230469,54.905984968635465,53.430823355257054,53.90521245996568,56770600
2003-02-26,54.09368896484375,54.93199879280774,53.98971520401484,54.60057282408286,37787200
2003-02-27,54.80849838256836,55.074940000155586,54.041678018919086,54.39259362758282,51126000
2003-02-28,55.17245101928711,55.386903428390895,54.691561794794495,54.893014383843024,43666800
2003-03-03,54.64606857299805,55.74432036659464,54.40562643450324,55.40639940747657,42923100
2003-03-04,53.77526092529297,54.59407595420197,53.71027670731117,54.555081457030475,31440500
2003-03-05,54.23015213012695,54.28864139335864,53.52181576839225,53.684278782512436,43974700
2003-03-06,53.77526092529297,54.27564485752856,53.59330313175275,53.85324496165793,41217700
2003-03-07,54.14567565917969,54.58107536730296,52.91745561209886,53.03442918601027,63538000
2003-03-10,52.84597396850586,53.84674682387779,52.703005709455844,53.67778388518429,41014100
2003-03-11,52.32609939575195,53.287882877987386,52.30010966956474,52.9499618997841,48102700
2003-03-12,52.6770133972168,52.703008078028525,51.58526159301642,52.2351137393743,62459800
2003-03-13,54.4965934753418,54.529088061131674,52.98243700432318,53.40484182970309,72117800
2003-03-14,54.67205810546875,55.08796307350204,54.16517423555182,54.717547556410565,63951800
2003-03-17,56.394168853759766,56.50464252948213,54.08069678343975,54.23665991139948,88217500
2003-03-18,56.725589752197266,56.76457929119631,56.0692377505047,56.63461085588083,50792300
2003-03-19,57.16100311279297,57.29097653712061,56.329193029012785,56.71910338603735,49630800
2003-03-20,57.284446716308594,57.57037818457678,56.114711298013205,56.751568349746606,67321600
2003-03-21,58.50722122192383,58.644239880812336,57.37192020686822,57.939573203381656,71165300
2003-03-24,56.5628662109375,57.50894973937118,56.341022879859764,57.43065121464277,65398900
2003-03-25,57.1043815612793,57.587214715528866,56.39971516112975,56.59545389196101,61040100
2003-03-26,56.81731033325195,57.31971200188701,56.634618817384656,57.130494366747186,45740800
2003-03-27,56.862979888916016,57.19574226078087,56.106109392591264,56.37362550945541,53120200
2003-03-28,56.57585906982422,56.947767993186126,56.27572248061702,56.41926714892642,32583000
2003-03-31,55.29047775268555,56.49754999784106,55.068639654620476,55.688486084358956,61119500
2003-04-01,56.13871765136719,56.367081962246075,55.40142573968145,55.62326393368705,53574000
2003-04-02,57.495845794677734,57.91994869611797,57.091311282663774,57.11741076517764,50431200
2003-04-03,57.22183609008789,58.063526209962504,57.18921545196615,57.985232696094236,48755500
2003-04-04,57.56111145019531,57.80252303352977,57.16962903621948,57.6981300461884,36250100
2003-04-07,57.4501838684082,59.277103190045416,57.39798489345531,58.944340947181004,69776200
2003-04-08,57.541561126708984,57.841697930254256,57.22837208328685,57.61333351211883,39712700
2003-04-09,56.784690856933594,58.135308970150234,56.61504658329146,57.65248062913754,55647300
2003-04-10,57.09783935546875,57.17613282772746,55.92338749191349,56.82379726866088,41812400
2003-04-11,56.862979888916016,57.87430928635249,56.67376226483483,57.521978513754604,47730100
2003-04-14,58.03742218017578,58.07004779371969,56.7651028994788,57.07176574610056,36711700
2003-04-15,58.578983306884766,58.57898330688476,57.69162026239441,57.96565753196544,49709800
2003-04-16,57.580665588378906,58.76163855310604,57.437120923015264,58.66377171578292,51788000
2003-04-17,58.435420989990234,58.539818953480406,57.541537072957894,57.61330942836516,37403100
2003-04-21,58.494178771972656,58.826941244064095,58.10921728897046,58.63119744213462,32052700
2003-04-22,59.59683609008789,59.740380837356774,57.99828044743745,58.13529907583862,59763600
2003-04-23,60.144893646240234,60.255812736687425,59.53156812358442,59.77951077042911,44227100
2003-04-24,59.609886169433594,60.07966715149615,59.34889618184663,59.72080529631782,49692400
2003-04-25,58.872596740722656,59.68166125892154,58.73557313307145,59.57074212698504,43917200
2003-04-28,59.890445709228516,60.15143568014382,58.9182631699879,59.009608913112814,46432900
2003-04-29,60.0992317199707,60.549439258116784,59.635976924444265,60.118805095025884,52017100
2003-04-30,59.968772888183594,60.3994023149703,59.642536512931954,59.968772888183594,48709100
2003-05-01,59.96219253540039,60.503745623235986,59.048730515261404,59.97523978830247,50240400
2003-05-02,60.81697082519531,60.98661509607752,59.69471714977147,59.740390032935416,50201500
2003-05-05,60.69950866699219,61.188862983853426,60.353699079552044,60.98659812583436,35437800
2003-05-06,61.273685455322266,61.5803433017374,60.679933182072396,60.70603267542101,44401000
2003-05-07,60.93440628051758,61.42376065474465,60.66036902566324,60.953979659011445,41413100
2003-05-08,60.32105255126953,60.89523126986078,60.210133472620875,60.36672540588767,40570700
2003-05-09,61.1562385559082,61.20191142352999,60.42546769599043,60.56901241650724,33608100
2003-05-12,61.90659713745117,62.06319414215384,60.862641995953915,61.00618676127931,35662300
2003-05-13,61.79567337036133,62.10233625916926,61.50206271995438,61.678228114604465,39253600
2003-05-14,61.66515350341797,62.14145545641813,61.27367115052201,62.04358362370209,32195100
2003-05-15,62.05667495727539,62.20021973864186,61.49554807264538,61.913130175908925,43879200
2003-05-16,61.90005111694336,62.27848128128303,61.50204260140667,61.91309837310592,38905000
2003-05-19,60.45155334472656,61.6064270060986,60.24276242941763,61.43026169360621,41606000
2003-05-20,60.327613830566406,60.699523000081754,59.75996089689742,60.56250435636249,55404600
2003-05-21,60.45155334472656,60.60161917055932,59.96872528644367,60.09921774177372,49333800
2003-05-22,61.05185317993164,61.365042178210594,60.47115303838776,60.647318427565125,38421800
2003-05-23,61.175804138183594,61.319348840415365,60.77126952080028,61.02573331913167,26155900
2003-05-27,62.24583435058594,62.53291866657695,60.72557328462516,60.87564404591214,43719200
2003-05-28,62.42201232910156,62.94399206481724,62.26542039957394,62.539457520739205,37727100
2003-05-29,62.258888244628906,63.17235020453882,62.03705011414774,62.55902482126255,50844200
2003-05-30,63.2571907043457,63.34853643274434,62.350254559552866,62.57209774135589,52529500
2003-06-02,63.518184661865234,64.23590327822009,63.074503248087275,63.63562988839379,50305500
2003-06-03,63.779170989990234,63.83789111093958,63.1919448906523,63.3876885830879,38254500
2003-06-04,64.69915771484375,64.82312407076721,63.661724136309914,63.720449233721034,49360700
2003-06-05,65.01883697509766,65.01883697509766,64.11842241286483,64.32069212155129,46262400
2003-06-06,64.76446533203125,66.16075702353491,64.67964066404113,65.50828408440336,60356800
2003-06-09,64.10541534423828,64.6600159063299,63.792226391944574,64.44469881275107,37808500
2003-06-10,64.75789642333984,64.76442254225194,64.06627715776395,64.24244254462887,29965900
2003-06-11,65.44302368164062,65.50174384407968,64.40558934346568,64.69920508957817,37610200
2003-06-12,65.6452407836914,65.83445835462665,64.99929457806337,65.73658651062996,36442000
2003-06-13,64.96017456054688,65.73661859647338,64.56216585120399,65.64527282494923,48628300
2003-06-16,66.33037567138672,66.35647019822089,65.11677607676451,65.22116911801582,36326300
2003-06-17,66.33037567138672,66.66965927791792,66.04981221718973,66.59788688419509,36801800
2003-06-18,66.27164459228516,66.64355379093239,65.89973539363793,66.08895305301579,35521000
2003-06-19,65.26028442382812,66.37601655999157,65.1428391978093,66.31729145799758,43551700
2003-06-20,65.11622619628906,65.81034364498458,65.1031268127565,65.73831202340851,41545000
2003-06-23,64.44829559326172,65.26028748563631,64.12088095806415,65.12276894241658,34237500
2003-06-24,64.51378631591797,64.88703885108862,64.18637163608577,64.31734050558957,36213600
2003-06-25,63.86549758911133,65.11622388670597,63.86549758911132,64.52032685588527,47743400
2003-06-26,64.6971206665039,64.81499011087897,63.492232457786635,64.02919214972862,33477300
2003-06-27,63.950618743896484,64.95250656843487,63.898231211593156,64.66438013671662,54208800
2003-06-30,63.930999755859375,64.61202300841657,63.826229637901875,64.31735174346166,33349000
2003-07-01,64.52037048339844,64.72991579061883,63.14522909251745,63.68218925451685,51322800
2003-07-02,65.33228302001953,65.34538239692644,64.54649026785383,64.67745406123196,34662100
2003-07-03,64.65785217285156,65.3847131909661,64.10779788668474,64.87394706925355,30792800
2003-07-07,65.94132995605469,66.07229885621705,65.25376196502495,65.25376196502495,31391100
2003-07-08,66.2359848022461,66.32766050471957,65.59424988898071,65.8103447573615,30952500
2003-07-09,65.86270904541016,66.39966868285627,65.50255105860818,66.08534853110642,36528500
2003-07-10,65.0245590209961,65.50913136026392,64.58581954224854,65.3781624875215,49777700
2003-07-11,65.64012908935547,65.77764272969058,65.0835248320121,65.0835248320121,39976300
2003-07-14,65.96097564697266,66.72712493871188,65.77761919617176,66.2687413056383,42114900
2003-07-15,65.81690979003906,66.43899577267113,65.45020189872072,66.38660821734676,42573600
2003-07-16,65.4305419921875,66.05263282033914,64.97871317564379,66.01333966537152,39894200
2003-07-17,64.50068664550781,65.40434928930857,64.2780470795088,64.92632669362779,52253500
2003-07-18,65.16206359863281,65.35196469094093,64.47449085048099,64.84119365165478,35698100
2003-07-21,64.35661315917969,65.14895589391294,64.07503640254305,65.1227621263246,34786000
2003-07-22,64.9394302368164,65.0965928895093,64.12089348886032,64.6251149233343,49968300
2003-07-23,64.9852523803711,65.1227659212605,64.35661690946934,64.9656083025227,37275400
2003-07-24,64.494140625,65.70557391095697,64.41556430121017,65.47638463998426,40896200
2003-07-25,65.6335678100586,65.6728559842431,64.19948950088843,64.60548561928923,43241100
2003-07-28,65.39122772216797,66.12463803864665,65.26680860702852,65.72519192830859,34382800
2003-07-29,65.09004211425781,65.6531957871629,64.61856415592315,65.57461446212321,53472100
2003-07-30,64.93286895751953,65.31921580583361,64.78225603613997,65.22099042197307,28363300
2003-07-31,65.08348846435547,66.07883187053308,64.93942520851782,65.46984037737025,54937200
2003-08-01,64.50723266601562,65.17515632194903,64.33042596571356,64.9525167686215,49321000
2003-08-04,64.50723266601562,64.82809760884976,63.51843907129723,64.37626381468986,55214100
2003-08-05,63.13864517211914,64.67094845979287,63.08625762472228,64.44175918487093,61415600
2003-08-06,63.50534439086914,64.21255620095891,63.138636604801334,63.315443304286894,50096900
2003-08-07,64.17325592041016,64.21909376051532,63.36126918314032,63.62974653348484,43427400
2003-08-08,64.35661315917969,64.53341984141333,64.01610417243207,64.38280692676803,27357300
2003-08-11,64.59890747070312,64.8542904823184,64.0684923730823,64.34352445908786,34631400
2003-08-12,65.1882553100586,65.21444408421422,64.44829504341656,64.6381961297251,43285600
2003-08-13,64.85431671142578,65.38472702761031,64.52035225503603,65.3650829412261,36152000
2003-08-14,65.03108978271484,65.31921624505638,64.46793624047491,64.89357624276565,35525100
2003-08-15,65.23408508300781,65.34540484521605,64.90667049113637,65.06382809636861,12567000
2003-08-18,65.7972640991211,65.8758404342367,65.31268671813162,65.43710591000082,22873800
2003-08-19,66.04605865478516,66.0984461780288,65.48290526978904,65.93473891485432,37437700
2003-08-20,65.77762603759766,66.06575263715706,65.58772986529128,65.67285590790975,21295300
2003-08-21,65.98714447021484,66.47826643112906,65.74486083357243,66.17050086555494,46494200
2003-08-22,65.33228302001953,66.67468438391346,65.30609425810269,66.62884655663628,52040300
2003-08-25,65.43708038330078,66.02642764652681,65.01144041564031,65.29301716385108,23473000
2003-08-26,65.55493927001953,65.73829061214897,64.71675885117105,65.15549313354497,45065800
2003-08-27,65.57460021972656,65.71866345303381,65.2013477497717,65.51566798571032,18919500
2003-08-28,65.98059844970703,66.13775607517786,65.26028725401903,65.74485951352538,27402400
2003-08-29,66.4258804321289,66.45207420152998,65.79724495435507,65.88237095794555,28706600
2003-09-02,67.31646728515625,67.36884984254145,66.1705157846518,66.55686274962203,49419100
2003-09-03,67.68316650390625,67.90580609961332,67.30336425669232,67.46707160504815,44912400
2003-09-04,67.71587371826172,67.80754938458355,67.29023384122513,67.51287331773555,28381000
2003-09-05,67.33613586425781,67.80761402390378,67.0545589075778,67.40816752731227,31637300
2003-09-08,67.89271545410156,68.02367934162788,67.40159338194978,67.47362501887487,32632800
2003-09-09,67.44743347167969,67.74865441970884,67.23788824713974,67.68972216715959,35053200
2003-09-10,66.76641082763672,67.31647016934131,66.49793334819637,67.13966341824073,45904900
2003-09-11,66.96282958984375,67.29024416147966,66.68779755274767,66.85805452886432,38396300
2003-09-12,67.0872802734375,67.21169947713643,66.36696882266217,66.73367673989256,42524800
2003-09-15,66.85152435302734,67.20513279312908,66.75984864588446,67.13310116666662,21312800
2003-09-16,67.82723236083984,67.86652052724149,66.90392048278527,66.9432136451389,37892600
2003-09-17,67.6962661743164,67.96474864462024,67.48017625455364,67.76175311552859,31885800
2003-09-18,68.49513244628906,68.56061436626295,67.55872650240674,67.70933941470192,30243600
2003-09-19,68.1467514038086,68.75808062847973,67.9692709905754,68.54115622276076,34331600
2003-09-22,67.41050720214844,67.68001514650439,67.06868613232182,67.60770703616136,36677400
2003-09-23,67.66690063476562,67.8969697178138,67.28564043135442,67.43682653658756,32489200
2003-09-24,66.46393585205078,67.85092966441,66.43764153628,67.78519638254701,41694700
2003-09-25,65.91836547851562,66.97011343888713,65.8657768267146,66.66116639359821,52673100
2003-09-26,65.70143127441406,66.16814922078552,65.6356979770092,66.02353295741736,42914700
2003-09-29,66.34564971923828,66.38508870660016,65.59627886857871,65.93152530654662,36771600
2003-09-30,65.70143127441406,66.23388251819038,65.24129317745094,66.04982727940514,70764500
2003-10-01,67.10159301757812,67.16732633255158,65.86578462950297,65.89207895851845,65797600
2003-10-02,67.34480285644531,67.41711100323772,66.80578168089389,67.00298662944229,44591500
2003-10-03,67.96270751953125,68.54774251874119,67.7589327489456,68.14676279814154,48806900
2003-10-06,68.27167510986328,68.35712793287858,67.83782612732861,68.02188646288145,20226500
2003-10-07,68.5345687866211,68.56743292092732,67.64715691830372,67.87722591895962,42602900
2003-10-08,68.3636703491211,68.62003371171997,67.97584039574856,68.58059473751368,30920800
2003-10-09,68.54769897460938,69.16560274468218,68.25189675262352,68.94210360896619,40066500
2003-10-10,68.73834991455078,68.75806940000871,68.30450618909063,68.54114502971436,22682800
2003-10-13,68.95528411865234,69.21164749642288,68.6989207408818,68.83038733943567,23825600
2003-10-14,69.19851684570312,69.30369416555611,68.6003371382139,68.88956975267895,38484400
2003-10-15,69.01445770263672,69.60606755599316,68.78438859720099,69.58634806340301,39021700
2003-10-16,69.29053497314453,69.50088455359506,68.79095283890094,68.81067232845417,32772200
2003-10-17,68.5345687866211,69.43512530563534,68.35051358609637,69.32995305467611,32790300
2003-10-20,69.04730987548828,69.04730987548828,68.32423357271594,68.6594748945112,27657000
2003-10-21,68.92900085449219,69.20508376482604,68.5740349632929,68.90270652753705,26729100
2003-10-22,68.06130981445312,68.48858386159945,67.831240716799,68.38340655116889,33914500
2003-10-23,67.93641662597656,68.33082153081115,67.60117020005846,67.63403936509903,45830500
2003-10-24,68.08760070800781,68.08760070800781,67.16731934867629,67.5945933742727,51723600
2003-10-27,68.1204833984375,68.48202421431475,67.88383941261445,68.19279156161295,32460200
2003-10-28,69.04730987548828,69.11961800727843,68.24535060663692,68.35052789474227,34956200
2003-10-29,69.13936614990234,69.30370196932927,68.27824806094723,68.86985299877921,30955400
2003-10-30,69.283935546875,69.65862076078596,68.88953085040995,69.54029885033367,39123100
2003-10-31,69.21824645996094,69.50747408062836,69.16565779615559,69.28397978215213,25761600
2003-11-03,69.67179870605469,70.07935326240617,69.48774342742182,69.51403775510225,37589300
2003-11-04,69.52058410644531,69.85582536297103,69.40226218792796,69.67177015975028,31421600
2003-11-05,69.57318878173828,69.65864659133217,68.955289700363,69.34311970808102,33558800
2003-11-06,69.94132232666016,69.96761665829679,69.08677410142803,69.41544572418947,28392300
2003-11-07,69.42198944091797,70.15164051757638,69.39569512106836,70.09905187787716,31723200
2003-11-10,69.13936614990234,69.57321010532121,69.02761899632353,69.50747678057668,25530800
2003-11-11,69.11962127685547,69.23794322400643,68.88955221715344,69.08017728438557,26558600
2003-11-12,69.89530944824219,69.98733710265331,69.12621904417878,69.17223287138434,28000000
2003-11-13,69.91500854492188,70.0333304968045,69.53374836495237,69.68493947601945,29714800
2003-11-14,69.32341766357422,70.30285768940992,69.21167051612356,69.94132191557587,49158500
2003-11-17,68.97499084472656,69.1130322522056,68.38995606368897,68.96184619335499,44382100
2003-11-18,68.25851440429688,69.31683734081751,68.1664867589586,69.17879587281011,41155000
2003-11-19,68.83695983886719,69.02758991089439,68.31108343223154,68.38339156352218,29827000
2003-11-20,68.21905517578125,69.17877534606227,68.1993356883643,68.36367143701095,53578700
2003-11-21,68.501708984375,68.58059194470421,68.11387904679607,68.52142847067512,30016000
2003-11-24,69.40885925292969,69.53375605348529,68.81067960764105,68.81725444323085,28906400
2003-11-25,69.67179870605469,69.95445645970665,69.31683280506407,69.50089309882715,37580000
2003-11-26,69.92153930664062,69.9741229070097,69.27734130463696,69.95440342998049,33053600
2003-11-28,69.97415924072266,70.11220568185978,69.8098234933136,69.86241213611545,10507500
2003-12-01,70.73009490966797,70.78268354520412,70.20422359969147,70.23708773555533,38699000
2003-12-02,70.55261993408203,70.84184742141306,70.3817093630714,70.58548407246145,35352000
2003-12-03,70.4408950805664,71.04564958111058,70.38173158859455,70.76299182311902,39078600
2003-12-04,70.73009490966797,70.80897786297218,70.29625120431558,70.4474372625716,36089500
2003-12-05,70.23713684082031,70.8616160403688,70.08595067686471,70.41462235605913,28824400
2003-12-08,70.71038818359375,70.7564019942082,70.12535329929757,70.1647922755016,32482900
2003-12-09,70.16481018066406,70.9470501758565,70.03334354968254,70.92733068272233,43596100
2003-12-10,70.15823364257812,70.32256942313636,69.65207662998596,70.18452295415302,36915400
2003-12-11,70.94703674316406,71.05878385985388,70.11878308243169,70.12535791727507,45304000
2003-12-12,71.08509063720703,71.12452962291741,70.59208325530567,70.97334350094069,34142200
2003-12-15,70.73009490966797,71.80156704442157,70.65121697149208,71.7621230602053,38693400
2003-12-16,71.09820556640625,71.32169972972645,70.67750152551132,70.78267878951705,32894200
2003-12-17,71.3217544555664,71.3217544555664,70.8616161102929,71.03252177274773,23198800
2003-12-18,72.12366485595703,72.1302396892901,71.24939758241003,71.3545748552255,29353100
2003-12-19,71.92289733886719,72.23330917607676,71.71155385974114,72.18707794748124,41465100
2003-12-22,72.4248275756836,72.4248275756836,71.84362932860131,71.85023522836137,27611300
2003-12-23,72.47106170654297,72.61635623532293,72.23990055508435,72.305949477687,24741200
2003-12-24,72.39844512939453,72.57015829820935,72.27295816548337,72.3323961764975,8055800
2003-12-26,72.45126342773438,72.70223730771966,72.40503219281499,72.45786932953048,8308400
2003-12-29,73.4155044555664,73.48814920113585,72.50408172000421,72.7154251731095,22483700
2003-12-30,73.42869567871094,73.48813365036978,73.21074637164655,73.36925266822777,19559500
2003-12-31,73.49478149414062,73.65328788118495,73.2041822522034,73.45515615708635,31501800
2004-01-02,73.46177673339844,74.09580744704942,73.13155208844513,73.79860224329451,38072300
2004-01-05,74.26091766357422,74.31374977575905,73.69953175201127,73.76558071019141,27959800
2004-01-06,74.33352661132812,74.45240761632178,73.97027769639607,74.07595194031276,20472800
2004-01-07,74.58452606201172,74.67038264139134,73.89765831049263,74.22788290032908,30170400
2004-01-08,74.88170623779297,74.90152394052107,74.4788319423639,74.79584968127527,36438400
2004-01-09,74.22785186767578,74.96095055373017,74.14859618527184,74.51845099766498,54084300
2004-01-12,74.77604675292969,74.7958594194113,74.20806013259889,74.33354707208468,31564100
2004-01-13,74.34014892578125,74.78265365135032,73.81179267019878,74.69018614182598,54239700
2004-01-14,74.96094512939453,75.06661936495297,74.41277136979112,74.47221438699896,30112800
2004-01-15,75.14591979980469,75.33084479575147,74.3533826632247,75.0072260528446,38408700
2004-01-16,75.44308471679688,75.49591680254795,75.04681132129778,75.3175978056338,31922700
2004-01-20,75.42325592041016,75.7204609233125,75.17228717382966,75.64120524810691,29863000
2004-01-21,76.01766967773438,76.14976248501831,75.10625198218945,75.3770334191771,30725000
2004-01-22,75.81952667236328,76.20258315906705,75.67422712551978,76.04407685288533,29888500
2004-01-23,75.57515716552734,76.19598065635839,75.2581395211728,75.95161278385957,44245300
2004-01-26,76.52623748779297,76.56586282056934,75.54216472068195,75.54877062242024,30460600
2004-01-27,75.74029541015625,76.9423124503163,75.72048274535119,76.44697567488507,35322800
2004-01-28,74.87511444091797,76.13656957072773,74.59112113334405,75.93843786889288,52621300
2004-01-29,74.94773864746094,75.192101500153,74.34012186839507,75.00057072661131,60117100
2004-01-30,74.94773864746094,75.10624496256186,74.6901589570377,74.97415216762367,30984400
2004-02-02,75.27136993408203,75.74028809822866,74.70998931722062,75.0930458903994,38832400
2004-02-03,75.14591979980469,75.38368194854432,74.92136945867738,75.11950122340826,25093500
2004-02-04,74.53168487548828,75.11288334692391,74.49205953928205,74.7562402045867,39332600
2004-02-05,74.74961853027344,74.98738057499764,74.48543792071032,74.74301262935721,37226800
2004-02-06,75.58839416503906,75.75350643279916,74.76283282623861,74.90813242807972,37216000
2004-02-09,75.60820770263672,75.8657824230401,75.48272077363077,75.7336895928164,24851300
2004-02-10,75.85256958007812,76.04410040215541,75.46290707362259,75.47611383705066,27908100
2004-02-11,76.65831756591797,76.86966105080923,75.40346341988966,75.85256895513686,42965700
2004-02-12,76.38094329833984,76.79041853626752,76.33471206054715,76.59228681951036,27814700
2004-02-13,76.03751373291016,76.74419416746555,75.78654485369063,76.49322528824602,44739900
2004-02-17,76.724365234375,76.89608339892945,76.46018460555888,76.51302173908738,23984300
2004-02-18,76.38754272460938,77.00836143107618,76.18280008417608,76.74418079230283,28618000
2004-02-19,76.10356140136719,76.86967983171733,75.99128121100333,76.83005449325208,51146200
2004-02-20,75.87239074707031,76.32149633634546,75.50254086372374,76.26866423788648,46728800
2004-02-23,75.68087768554688,76.12338251575254,75.40349020786185,76.09696394090236,36357000
2004-02-24,75.54875946044922,75.94502784614616,74.65054843216231,75.46950376777946,43953000
2004-02-25,75.86576843261719,75.99125029965674,75.50251951502166,75.5949819597141,31213600
2004-02-26,75.9120101928711,76.14316633669068,75.51573675909349,75.69406081205861,29683000
2004-02-27,75.9648666381836,76.44039088010975,75.70729184694487,76.07714683445835,39312000
2004-03-01,76.7177505493164,76.83662652009768,76.11673960107515,76.2356206106819,33130800
2004-03-02,76.26863098144531,77.25269829986868,76.10351877854359,76.57243683012553,38556400
2004-03-03,76.40733337402344,76.52621437527468,75.89878490912784,76.11673425122595,31346200
2004-03-04,76.60546112060547,76.67811089760974,76.29504935319171,76.4271421472108,21060000
2004-03-05,76.863037109375,77.23949276094378,76.1365443655015,76.22900680351314,55905600
2004-03-08,75.92520904541016,77.02155669733725,75.89218962191958,76.83662676272296,39281600
2004-03-09,75.6214370727539,76.09035542286885,75.44971886154225,76.01770560423422,39746100
2004-03-10,74.35334014892578,75.79971984810406,74.3401283488678,75.76670042560977,67671800
2004-03-11,73.3891372680664,74.80909941074599,73.3759254586595,74.23451167226804,89134800
2004-03-12,74.35334014892578,74.43919669400132,73.69289123313605,73.79195957826958,54012200
2004-03-15,73.44195556640625,74.20147322182677,73.24382381205392,74.14863607180163,57677200
2004-03-16,73.83161926269531,74.00993833586669,73.20418947738837,73.82501335959186,59832600
2004-03-17,74.65713500976562,74.80243455597335,74.03631150826885,74.08914862303978,41607300
2004-03-18,74.67698669433594,74.8090745114678,73.92407505126441,74.43261868993204,60014300
2004-03-19,73.60662078857422,74.60739655910145,73.59336772396419,74.50135687274629,48636200
2004-03-22,72.67213439941406,73.28187657588845,72.3076118719064,73.26199444829571,62752100
2004-03-23,72.54619598388672,73.16919618405083,72.47992055028216,73.06978050539826,54080200
2004-03-24,72.60587310791016,72.99690184410088,72.1419347955138,72.62575523937839,51584300
2004-03-25,73.56683349609375,73.76566479840895,72.76488934133856,72.95709158517924,49873600
2004-03-26,73.58673095703125,74.09043331981998,73.4342979757671,73.54033765101724,37409500
2004-03-29,74.62063598632812,74.72005165045526,73.95124763128621,73.98438281500144,44113600
2004-03-30,74.87249755859375,74.93877298949215,74.37542424211888,74.4284466094341,39059900
2004-03-31,74.95863342285156,75.15746471450358,74.48144236807855,74.8857289530118,48517600
2004-04-01,75.40933227539062,75.46898370049105,74.9255170972556,74.93877016033844,45103800
2004-04-02,75.97930145263672,76.11185229441101,75.4888572702833,76.09197017379391,50987700
2004-04-05,76.39684295654297,76.4697474381851,75.84675239936686,75.86000546126061,30251800
2004-04-06,76.151611328125,76.33718450419292,75.9660381520571,76.10521803410802,28420900
2004-04-07,75.97265625,76.20462775854858,75.62802110072488,76.18474058566686,45890500
2004-04-08,75.80033874511719,76.48961407780105,75.38279408846383,76.48961407780105,46929700
2004-04-12,76.09857177734375,76.27089185467162,75.93288075666007,75.93950981330424,23085200
2004-04-13,75.03157806396484,76.41675867604437,74.90565117473238,76.39024748586424,56210300
2004-04-14,75.15084838867188,75.31653947429051,74.59412876810875,74.63389301058021,62322300
2004-04-15,74.86585998535156,75.40932654730534,74.46820238868867,75.19061309936902,61602500
2004-04-16,75.4425048828125,75.58831392173137,74.87915591502947,75.14425774234391,47059200
2004-04-19,75.4425048828125,75.54854460243962,75.07135322288447,75.2569315810951,28277600
2004-04-20,74.17656707763672,75.76720214807388,74.08378049537275,75.608140157977,53299400
2004-04-21,74.67366790771484,74.85924114104736,74.14345939197783,74.36216781326752,50177300
2004-04-22,75.72083282470703,75.99919265960762,74.52123087680852,74.54774205963112,62071500
2004-04-23,75.7937240600586,75.93290395317189,75.41594861975386,75.83348829909376,29395700
2004-04-26,75.68769073486328,76.17814002037497,75.2900331152116,75.88652207293461,35515200
2004-04-27,75.75398254394531,76.29744921856671,75.52863999000917,75.70758923232489,43485500
2004-04-28,74.77310180664062,75.56179329699792,74.56101733736294,75.48225972483405,50165800
2004-04-29,74.116943359375,75.10446089014847,73.67289242916375,74.70680326523555,69687600
2004-04-30,73.54031372070312,74.4814376544512,73.50054948748516,74.34225778169883,48681400
2004-05-03,74.3290023803711,74.4217889592819,73.79878902388987,73.81204713887102,33758000
2004-05-04,74.26935577392578,75.06467586002734,74.00425413504824,74.39528259193537,51185100
2004-05-05,74.7465591430664,74.86585692283425,74.33564850113638,74.50133958100893,34405000
2004-05-06,74.10369110107422,74.62064655999855,73.56685351780533,74.24287102797757,54997000
2004-05-07,72.87755584716797,74.38203351647473,72.87755584716797,73.71264021253019,60950000
2004-05-10,72.128662109375,72.73840423886713,71.81716198377805,72.53294886091675,75279400
2004-05-11,72.73835754394531,72.93718878989552,72.45999784480594,72.54615535459043,48300600
2004-05-12,73.20230102539062,73.26195243044928,71.6182950534074,72.61907037237027,90830500
2004-05-13,72.89745330810547,73.44091990167833,72.65885772492801,72.74502033115324,57393700
2004-05-14,72.93059539794922,73.39452845672155,72.42026397680856,72.87094397239785,54123100
2004-05-17,72.3075942993164,72.57270106794043,71.8502903063433,72.16841438349928,55020400
2004-05-18,72.67213439941406,72.86433672696425,72.46004994427113,72.56608964359647,30193100
2004-05-19,72.42021942138672,73.68610107742309,72.34069097823503,73.23542135910752,54804100
2004-05-20,72.65222930908203,72.81792039530887,72.267824775478,72.53955552751486,38082900
2004-05-21,72.77816772460938,73.26861709257233,72.55283022297111,72.88421247113925,47480400
2004-05-24,73.08303833007812,73.40779657193039,72.69200970679597,73.25535851386792,40961500
2004-05-25,74.13020324707031,74.21636586233608,72.63898322399181,72.83781458299889,48668000
2004-05-26,74.38865661621094,74.42179685068857,73.90484155437251,74.00425720131557,35977000
2004-05-27,74.80624389648438,74.91228360548136,74.26940112005498,74.5875303600314,45306900
2004-05-28,74.79959869384766,74.81285175842768,74.46821645793888,74.71344113284836,23367200
2004-06-01,74.70018768310547,74.79960337139333,74.1434679190806,74.5344965547897,41044700
2004-06-02,74.97856903076172,75.21054072200863,74.53451789330593,74.91229357175976,39774200
2004-06-03,74.28926849365234,75.01831347035474,74.2760154288449,74.76645973058783,38688300
2004-06-04,74.87908935546875,75.27674679945838,74.70014021895574,74.87908935546875,32739500
2004-06-07,76.0190658569336,76.09197033701297,75.17072833218133,75.17735739123141,31643800
2004-06-08,76.1251220703125,76.16488631763619,75.66781300012492,75.80036891868936,32846500
2004-06-09,75.41598510742188,76.01909826937695,75.36959178727147,75.89317643267884,36737600
2004-06-10,75.78709411621094,75.78709411621094,75.50873433323552,75.5816388082753,21711000
2004-06-14,75.03816223144531,75.45570184986654,74.80619577676686,75.43581973324974,34633000
2004-06-15,75.56837463378906,75.85336345251258,75.23036852005097,75.48884616302233,37445000
2004-06-16,75.55509948730469,75.68765027082746,75.35626825553227,75.55509948730469,26633400
2004-06-17,75.4425048828125,75.6015669904998,75.11112254217622,75.45575795158092,28402400
2004-06-18,75.58480834960938,75.97726930068465,75.28547776866306,75.34534185487313,31799800
2004-06-21,75.29875946044922,75.92403348550106,75.2521968250696,75.66461236339373,25284000
2004-06-22,75.6779556274414,75.75112624847337,74.94625449207126,75.25223841868244,37334000
2004-06-23,76.3298568725586,76.3897209909921,75.44516101718042,75.57154758936322,35580000
2004-06-24,76.09034729003906,76.44954702269622,76.00387525391612,76.20342727764933,35272100
2004-06-25,75.7245101928711,76.45621632496419,75.61808343953412,76.10366977492782,32837900
2004-06-28,75.46505737304688,76.23667258035239,75.43845450205758,76.17680343325955,40824500
2004-06-29,75.7777099609375,75.94400585098957,75.44511818083338,75.5182887784521,28418100
2004-06-30,76.18347930908203,76.35642847154558,75.59811954952237,75.87749545238391,52230600
2004-07-01,75.12584686279297,76.0970144320235,74.88638033065955,75.99723586447645,57734700
2004-07-02,75.0859603881836,75.35868823617459,74.89970969928761,75.27221615203021,34615100
2004-07-06,74.42740631103516,74.79990757168402,74.25445712218429,74.74669673084064,38698200
2004-07-07,74.64689636230469,74.87970958223417,74.33425929199328,74.37416867971045,29839800
2004-07-08,74.1280746459961,74.71343448681212,73.96842690081529,74.37418937198913,45291100
2004-07-09,74.32096099853516,74.46064893640231,74.08814269380878,74.31430774198496,27412900
2004-07-12,74.354248046875,74.52719726445522,73.83540546908424,74.18129882929478,35691300
2004-07-13,74.40744018554688,74.51386692584008,74.23449102325363,74.44734957878829,26752000
2004-07-14,74.18125915527344,74.7599706075035,73.91518982431207,74.00831510513798,54089400
2004-07-15,73.70234680175781,74.4407010227056,73.63582438009182,74.32761595084239,38403500
2004-07-16,73.6424789428711,74.2810546175896,73.46288159605427,74.21453726969257,40871200
2004-07-19,73.3298568725586,73.80878999561139,73.16356093121802,73.66910201387923,39592800
2004-07-20,74.26114654541016,74.43409581848692,73.33654112676946,73.52279184779758,46679800
2004-07-21,72.89082336425781,74.54047592402748,72.80434624442543,74.38083327387682,56241100
2004-07-22,73.09039306640625,73.4296382205158,72.3520386530235,72.74449972835602,72477100
2004-07-23,72.47843170166016,72.97731958926103,72.29883429510186,72.91745547872493,49610500
2004-07-26,72.33871459960938,72.79103963872438,71.97951485605203,72.63139699990379,49679100
2004-07-27,73.0172119140625,73.2433770091714,72.48506800341887,72.53828391696788,51295100
2004-07-28,73.23673248291016,73.41633494381404,72.23230356345175,72.87088445227724,65862300
2004-07-29,73.54937744140625,73.7489346246224,73.17022285325557,73.52942273807463,52200500
2004-07-30,73.72893524169922,73.76884970187177,73.23670088244737,73.38304206153644,41581700
2004-08-02,73.88195037841797,74.07485425263744,73.20346526473973,73.2965905729907,38263100
2004-08-03,73.30989837646484,73.87530353276293,73.27664223488797,73.7888314747241,40948800
2004-08-04,73.30320739746094,73.6690602911881,72.93070632380892,73.09700217096736,40763200
2004-08-05,72.10590362548828,73.42296431828474,72.01942650907715,73.36310022995224,50772000
2004-08-06,71.07488250732422,71.81323687410415,70.92189308715137,71.5937250191265,74729000
2004-08-09,71.17462921142578,71.493919500678,71.08815718983206,71.18793064746059,37476300
2004-08-10,72.09259796142578,72.11255773272009,71.34759556478093,71.38085170037503,55870600
2004-08-11,71.94624328613281,72.05932325291374,71.2411453889673,71.62695300204601,52933200
2004-08-12,71.16134643554688,71.80657028884093,70.928528106838,71.62697294306801,50015900
2004-08-13,71.30103302001953,71.40745975900491,70.90191879271678,71.24116385594483,41634700
2004-08-16,72.03938293457031,72.26554291325424,71.24115960257008,71.26776755446488,45731900
2004-08-17,72.44514465332031,72.69125932492413,72.19237165011916,72.33871284672028,40701600
2004-08-18,73.1901626586914,73.28328797191658,72.16577913826563,72.18573383753547,43165400
2004-08-19,72.977294921875,73.18350022173229,72.62474841246157,73.04381226941462,39881600
2004-08-20,73.48948669433594,73.58926017483003,72.84425778741739,72.9107751327295,44870900
2004-08-23,73.30320739746094,73.68236172598431,73.20343394912308,73.53602564343996,33745100
2004-08-24,73.40300750732422,73.65578051730706,73.07041571519774,73.59591135575133,30453100
2004-08-25,73.90193176269531,74.01501180998358,73.10371309660691,73.38974238236284,38551400
2004-08-26,73.90193176269531,74.04161977551325,73.73563578434768,73.80880642081668,26629500
2004-08-27,74.1347427368164,74.25447604037991,73.8686732399645,73.9684467638088,24902900
2004-08-30,73.52275085449219,74.06154800776231,73.46953494245474,73.98172921465485,26726500
2004-08-31,73.9085464477539,73.94180765604362,73.2367096248949,73.60921587293788,44125300
2004-09-01,74.04825592041016,74.2611145204978,73.4895039982861,73.80213610236065,52778300
2004-09-02,74.8863754272461,74.96619421609834,73.99502671045796,73.99502671045796,42736600
2004-09-03,74.58037567138672,75.04600209031149,74.5072050805632,74.72006359706414,30480500
2004-09-07,75.07263946533203,75.25223684732882,74.71343962638913,74.85978086539727,37338800
2004-09-08,74.8863754272461,75.20566073255196,74.70677300243166,74.91298338184632,32963100
2004-09-09,74.81986999511719,75.08593943360069,74.5205342643994,74.8797340962912,34314800
2004-09-10,75.20564270019531,75.34533062214166,74.55376573111236,74.84644301164163,27900600
2004-09-13,75.45175170898438,75.65795693474897,75.17237590473303,75.37192787564977,44398100
2004-09-14,75.60477447509766,75.62472917217835,75.29213735430433,75.36530796023249,28048900
2004-09-15,75.03269958496094,75.40520071479686,74.9528757393044,75.36529132944224,38295000
2004-09-16,75.25886535644531,75.4118598037175,75.03270538867943,75.06596152073153,23911700
2004-09-17,75.57882690429688,75.71909631871478,75.27156936375196,75.44523334575136,33683000
2004-09-20,75.1246109008789,75.47194392351727,74.9976983079569,75.25819934895382,37149400
2004-09-21,75.451904296875,75.79256145592196,75.17136550522339,75.3116349010492,40920800
2004-09-22,74.5101089477539,75.15801864017669,74.45667152072721,75.14466183145679,49042100
2004-09-23,74.10932922363281,74.61029360800907,74.10932922363281,74.54349937597355,44068700
2004-09-24,74.44998168945312,74.63033171014132,74.22955615131107,74.25627486163795,34981100
2004-09-27,73.97574615478516,74.27632276890337,73.86219544243593,74.2095285319964,39355100
2004-09-28,74.3297348022461,74.48336608111057,73.74861953401133,74.08259570051752,41662900
2004-09-29,74.70381164550781,74.71049259798886,74.14273394286631,74.28300336852669,33325700
2004-09-30,74.65040588378906,74.79735631423374,74.31642948589676,74.51013640820334,43536700
2004-10-01,75.91280364990234,75.91280364990234,74.95095040641637,74.98435007028812,62824300
2004-10-04,76.03971862792969,76.44049424945158,76.01300500949702,76.21338772418426,33082400
2004-10-05,76.07981872558594,76.25348786630308,75.83935532953916,76.0464190498836,36910600
2004-10-06,76.60081481933594,76.60081481933594,75.93286212823467,75.99297542431798,42297800
2004-10-07,75.77921295166016,76.41377091666943,75.71909966970921,76.40040901218696,39388800
2004-10-08,75.15135955810547,75.99297628929895,75.04448468019696,75.57884887759016,51872600
2004-10-11,75.45857238769531,75.49196694515913,75.23814690493317,75.33165981954652,20229100
2004-10-12,75.16466522216797,75.36505293385035,74.77057584421613,74.94423975853158,41754700
2004-10-13,74.50340270996094,75.52536894865617,74.35645238354718,75.47861248989469,54212600
2004-10-14,73.90229034423828,74.76394998568395,73.86221481080008,74.59696180159158,64082200
2004-10-15,74.31639862060547,74.63701297562142,73.85550975218759,74.1560863470242,63482200
2004-10-18,74.59693908691406,74.74388945954114,73.94234336232256,74.06925597433201,43535100
2004-10-19,73.96903991699219,74.96429256216538,73.86884604784478,74.82401808771588,55851900
2004-10-20,73.82210540771484,74.02249318895073,73.30778424344976,73.72859246875755,57118500
2004-10-21,74.30303955078125,74.35647697734674,73.61504924598928,74.00246294447892,53218300
2004-10-22,73.46810150146484,74.30972316374815,73.38126950224203,74.26964764042587,48752400
2004-10-25,73.38126373291016,73.55493281377534,73.0406065232328,73.30778854854694,43990900
2004-10-26,74.50340270996094,74.54347821859314,73.39459940780024,73.5615874885301,54337400
2004-10-27,75.39847564697266,75.54542601094414,74.22288292734707,74.39654690651963,73896000
2004-10-28,75.62557220458984,75.85267357646072,75.13796470605469,75.33167151527701,54413300
2004-10-29,75.61222076416016,75.90612149413623,75.4118380723272,75.55878843731524,48820200
2004-11-01,75.81926727294922,76.03968765972859,75.6121985938748,75.85266183042651,36720900
2004-11-02,75.84600830078125,76.52731760749718,75.62558275305108,75.9261593391754,56210000
2004-11-03,76.80119323730469,77.0550133941784,76.30690463739282,76.83458781011561,76960200
2004-11-04,77.8498764038086,77.93002745312225,76.60080322590791,76.6675974656939,55350300
2004-11-05,78.33747863769531,78.5779419768538,77.80979548210162,78.18385239638917,63287200
2004-11-08,78.2238998413086,78.30405595761285,77.96339883340976,78.13706787069964,33863800
2004-11-09,78.07032775878906,78.4844603629511,77.99017667777927,78.20392138726514,44658100
2004-11-10,78.1303939819336,78.51780760164488,77.99012458777725,78.19050725254097,45265400
2004-11-11,78.724853515625,78.89852252956098,78.21720837277363,78.2706457764572,37863200
2004-11-12,79.3460922241211,79.48636166258501,78.60466440933038,78.79837128037313,55583700
2004-11-15,79.5409927368164,79.56778550689869,79.20602688788227,79.38690619739049,35297900
2004-11-16,78.97160339355469,79.32667174169215,78.8711176556805,79.29317308828283,40028700
2004-11-17,79.4405288696289,79.81568911194168,79.09886215685121,79.29984377876161,54494000
2004-11-18,79.54773712158203,79.58793652368661,79.20607542633945,79.40705199215691,31854300
2004-11-19,78.66343688964844,79.53435078517724,78.47585669336273,79.52094927905569,54276500
2004-11-22,79.03855895996094,79.13234900656408,78.40212065952619,78.49591070612934,37560200
2004-11-23,79.15919494628906,79.22618714721959,78.62994786993653,79.00510828408929,41968800
2004-11-24,79.34674835205078,79.4472340639164,79.08547527884905,79.2328560266438,29724800
2004-11-26,79.28643798828125,79.70849834922286,79.2529444605583,79.39362954381394,15487700
2004-11-29,78.92469787597656,79.72861945056671,78.70362417080227,79.58123357299971,61460800
2004-11-30,78.97828674316406,79.21276193183077,78.81080373537702,79.05197967548443,53685200
2004-12-01,79.8759994506836,80.05687885273055,79.11897297364331,79.1591723716794,49898300
2004-12-02,79.94298553466797,80.30474942234332,79.72860750247243,79.78889892816393,60163500
2004-12-03,79.88935852050781,80.48559734920934,79.7821669907229,79.92955278859043,49067900
2004-12-06,79.86260223388672,80.1506732312564,79.61472552553454,79.86260223388672,33030500
2004-12-07,79.11898040771484,80.13728006737853,79.07878611707791,80.05018562276341,52047200
2004-12-08,79.58119201660156,79.60128915101599,79.05864607713247,79.19263038067763,43895100
2004-12-09,79.86260223388672,80.03008525302779,78.87110562283021,79.14577511641,60922800
2004-12-10,79.94298553466797,80.09706702999654,79.62141593078694,79.66831096560549,47828600
2004-12-13,80.63975524902344,80.65985240084757,79.956421419935,80.23109612467277,38541000
2004-12-14,80.92111206054688,81.03499930928471,80.51245300455612,80.51245300455612,41500700
2004-12-15,80.98139190673828,81.13547854150761,80.59953080711804,80.86080392205945,46699200
2004-12-16,80.9344711303711,81.22254205155807,80.4186258167536,80.8741797127894,51641800
2004-12-17,80.39469146728516,80.75143198527462,80.20622516610744,80.40815114508861,70761900
2004-12-20,80.41484832763672,80.96678731160127,80.2129173017856,80.60331454626082,47187400
2004-12-21,81.03412628173828,81.0947076663036,80.4081460296099,80.50237917420374,33094200
2004-12-22,81.22932434082031,81.49856409554583,80.97354939825773,81.02739324094587,31500700
2004-12-23,81.28987121582031,81.63315190743526,81.21583531696153,81.35718498166902,25646100
2004-12-27,81.12158203125,81.68698572056896,81.03408134131706,81.57928782343453,29944100
2004-12-28,81.56584930419922,81.66681482511378,81.17545202883342,81.20237651009862,23422900
2004-12-29,81.68700408935547,81.71392856969352,81.41103201738002,81.4985378623086,22650600
2004-12-30,81.5322036743164,81.82836787379937,81.47162743459695,81.71394266411565,21076900
2004-12-31,81.35718536376953,81.88893227749186,81.31006880864574,81.64661709819259,28648800
2005-01-03,80.97352600097656,81.95624645674484,80.70428632404779,81.8216240506206,55748000
2005-01-04,79.98406219482422,81.13505664923825,79.72155495795711,81.08120769415807,69167600
2005-01-05,79.43216705322266,80.26680577602242,79.42543464629473,79.92352491720341,65667300
2005-01-06,79.83598327636719,80.19945603447711,79.6004005077735,79.72155809381015,47814700
2005-01-07,79.72156524658203,80.25331219215668,79.51290180254661,80.07830563321978,55847700
2005-01-10,80.09849548339844,80.40811930348248,79.65424926198253,79.65424926198253,56563300
2005-01-11,79.54657745361328,79.92351000610509,79.41868742245175,79.85620135534882,63099700
2005-01-12,79.8091049194336,79.99083883585294,79.10235106990042,79.69467967075022,72720500
2005-01-13,79.16963195800781,79.91676967049396,79.08885850911307,79.85618829999291,55537500
2005-01-14,79.58697509765625,79.78217381263732,79.26389146517305,79.40524119629967,42032500
2005-01-18,80.41484832763672,80.51581384056229,79.39173866179263,79.45905242728922,57391700
2005-01-19,79.57350158691406,80.44852431349385,79.56676918127214,80.38794806867901,54378900
2005-01-20,79.08882904052734,79.55999447855643,78.94747940911863,79.35133623247471,72049300
2005-01-21,78.60420989990234,79.42538846671773,78.51670920200125,79.28403881534574,63160400
2005-01-24,78.4494400024414,78.9811819954063,78.32828236390374,78.81290778273296,58441900
2005-01-25,78.67155456542969,79.06868436006388,78.56386174447003,78.69175178372326,68245000
2005-01-26,78.90711212158203,79.15615456259826,78.77922213166393,78.9676883471311,57195100
2005-01-27,79.04171752929688,79.25710819115521,78.7388261763243,78.88017581673273,55878800
2005-01-28,79.04171752929688,79.12249095323817,78.48977863732748,79.08210167360829,60738900
2005-01-31,79.53314971923828,79.59372598865095,79.2302529662061,79.39179481996283,52532700
2005-02-01,80.03793334960938,80.15235855940303,79.49272151500826,79.59368704995812,49841200
2005-02-02,80.2802505493164,80.49564131312329,80.0312080277615,80.13890084200449,52468900
2005-02-03,80.07159423828125,80.20621667867782,79.80908689865919,80.13890289081903,48837100
2005-02-04,80.92642211914062,81.06103941103189,80.085051206519,80.09851088157991,50024600
2005-02-07,80.81871032714844,81.12160174965632,80.74466928870079,80.93986792321552,45412000
2005-02-08,80.91292572021484,81.20908980913725,80.81869262561561,80.88600124528385,39263500
2005-02-09,80.30715942382812,81.10141367382406,80.26677526825338,81.05429711388022,55279400
2005-02-10,80.59659576416016,80.78506201463665,80.27351223057764,80.54275193210985,45858600
2005-02-11,81.28987121582031,81.47161016710089,80.408116344651,80.56965808498538,53133000
2005-02-14,81.22932434082031,81.35048197368073,81.09470703111815,81.23605674690178,32432100
2005-02-15,81.5322036743164,81.73413474402214,81.22931220507824,81.31008566002463,43852700
2005-02-16,81.58605194091797,81.75432611911522,81.22257909977345,81.39758568298829,55523000
2005-02-17,80.92642211914062,81.66682749518357,80.91968971394991,81.59951884923794,58124000
2005-02-18,81.03412628173828,81.0947076663036,80.70431027565982,80.93316073101025,47723300
2005-02-22,79.82926177978516,81.08795436584272,79.81580210630622,80.70428948019394,80697600
2005-02-23,80.40137481689453,80.48214824555505,79.84270862511185,80.05136689666976,68292600
2005-02-24,80.93314361572266,80.9869925827661,80.08504549372908,80.26004693364006,68563600
2005-02-25,81.734130859375,81.89567262626959,80.89276000112372,80.95333623796412,60899900
2005-02-28,81.1956787109375,81.64665754518369,80.79855399749364,81.54569198123836,69381300
2005-03-01,81.59951782226562,81.7947113524552,81.29662121634165,81.32354570144514,47294400
2005-03-02,81.55909729003906,82.0706520404405,81.20908938838659,81.28313041023358,64226500
2005-03-03,81.59278869628906,82.05049469080231,81.24277551119741,81.88895290900959,61230800
2005-03-04,82.60913848876953,82.67644711397432,81.97642611414281,82.15143264793042,56168500
2005-03-07,82.64955139160156,82.95917528352064,82.38704406725016,82.56205066192467,43442400
2005-03-08,82.33987426757812,82.79084757064939,82.19179225515057,82.56872455200806,44362000
2005-03-09,81.42449951171875,82.31298685091114,81.41776710758222,82.09759613641964,73263600
2005-03-10,81.6062240600586,81.78123060046747,81.04082542456409,81.57929958189422,65149000
2005-03-11,81.03412628173828,81.92934629070105,80.87931688790036,81.65337412773249,57976500
2005-03-14,81.53894805908203,81.55241287121156,80.96008438522084,81.18220756746736,36336400
2005-03-15,80.8658218383789,81.75430910898537,80.82543768731658,81.72738462983737,62438500
2005-03-16,80.17925262451172,80.87927356317127,80.0311705808101,80.56964467071234,74874200
2005-03-17,80.3407974243164,80.59657224169692,80.08502260693591,80.30714054570272,62584200
2005-03-18,80.1022720336914,80.7712536228931,79.83873367565769,80.48744387662455,60232000
2005-03-21,79.80494689941406,80.26445061615654,79.5751976187881,80.21714899041056,61244300
2005-03-22,78.99407958984375,80.36583222496724,78.99407958984375,79.9874191271378,92472400
2005-03-23,79.06163787841797,79.54817185947138,78.89270275474614,79.02784879148727,70817300
2005-03-24,79.15621948242188,79.73059771468947,79.10215902031707,79.37245617535164,51932500
2005-03-28,79.27111053466797,79.69683031765463,79.27111053466797,79.34544239660244,46765500
2005-03-29,78.74405670166016,79.66982324322346,78.55485014554316,79.15625890841162,71160300
2005-03-30,79.85904693603516,79.87255948344655,78.90624994549866,78.9130087969509,62002100
2005-03-31,79.7103500366211,80.04822029202666,79.64953586528375,79.86577262252368,64575400
2005-04-01,79.35221099853516,80.40636458028622,79.00082818978184,80.16309757596042,95255300
2005-04-04,79.48733520507812,79.64275775338854,78.8859267083586,79.30488757970387,71581200
2005-04-05,79.86576080322266,79.99414797554294,79.51437290252768,79.58870476015584,46853900
2005-04-06,80.14279174804688,80.37929980187911,79.85898208344818,80.04142968055051,53268200
2005-04-07,80.57527923583984,80.5887969301398,79.95359934077709,80.01441865414726,46734600
2005-04-08,79.73739624023438,80.5550418033608,79.73739624023438,80.5280115588576,63772900
2005-04-11,79.79820251464844,80.02119814307879,79.62251367602889,79.93335372376903,44945000
2005-04-12,80.21038818359375,80.45365515448694,79.108933122126,79.66304007682928,86144800
2005-04-13,79.26435089111328,80.27796148994854,79.14947110507279,80.11578008218201,65949000
2005-04-14,78.2304916381836,79.39952521400627,78.2304916381836,79.33195218109275,96119800
2005-04-15,77.13578033447266,78.52104528823824,77.10199124673822,78.21020527194707,128677300
2005-04-18,77.37230682373047,77.68314691370823,77.00740624275862,77.1155272247468,100035200
2005-04-19,77.98724365234375,78.06832924409706,77.59531277389324,77.77776051083103,64930100
2005-04-20,76.89927673339844,78.13587802303088,76.73034159572006,77.9669428853525,107735900
2005-04-21,78.3926773071289,78.5278233802024,77.2912167051602,77.56827285710077,86952200
2005-04-22,78.09534454345703,78.72378353670794,77.216879660679,78.21021921344577,88845800
2005-04-25,78.60891723632812,78.72379191854773,78.196714994959,78.29131828096249,52284100
2005-04-26,77.8453140258789,78.90622654759568,77.81153008962173,78.3588783186087,72626000
2005-04-27,78.14940643310547,78.43321626598923,77.33176087332586,77.61557070620964,84131900
2005-04-28,77.16958618164062,78.16968468999494,77.16958618164062,77.89262852726775,72481500
2005-04-29,78.21697235107422,78.29806307687517,77.01415494023007,77.75746854918518,103993800
2005-05-02,78.65621948242188,78.66297833304321,78.06156435956336,78.43322381134993,56026400
2005-05-03,78.79130554199219,78.96024059039075,78.17638464667546,78.4331640642654,86000300
2005-05-04,79.3995361328125,79.5684713160738,78.57513161361851,78.8251575408226,81055700
2005-05-05,79.37247467041016,79.73737514141109,78.8859407090756,79.51437954988431,96906700
2005-05-06,79.12248229980469,79.73065000864685,79.10221090209208,79.69010721322164,67415400
2005-05-09,79.61572265625,79.7914165793681,79.09540488898293,79.20352065710141,43750500
2005-05-10,78.79130554199219,79.39947274732472,78.64940071999602,79.30486953266062,74613500
2005-05-11,79.22383117675781,79.33195215377579,78.2845520997549,79.01435322815041,91647400
2005-05-12,78.3521499633789,79.4603645515599,78.3521499633789,79.27791678938712,95086800
2005-05-13,78.19673156738281,78.80489936021893,77.57505122603634,78.5886624955987,85267000
2005-05-16,78.92650604248047,78.9535311302985,78.15616215237252,78.18318724019055,49207000
2005-05-17,79.45355224609375,79.53463778924956,78.49400217849156,78.66293726738587,61071800
2005-05-18,80.27123260498047,80.46719801256143,79.74415572172441,79.79821105566685,77944900
2005-05-19,80.60907745361328,80.69016816213568,80.21038791440783,80.4266246483105,61768100
2005-05-20,80.49417877197266,80.67662636728589,80.23739418276806,80.64283729328879,46345500
2005-05-23,80.940185546875,81.11587949714674,80.54150117930513,80.55501371909979,51047900
2005-05-24,80.7509994506836,80.97399507979004,80.54827521413381,80.71045666557023,50654100
2005-05-25,80.690185546875,81.00102559661255,80.29825477114402,80.64963760613253,47608800
2005-05-26,81.1226577758789,81.23077358660345,80.83208912353777,80.94696378352367,43256200
2005-05-27,81.25778198242188,81.25778198242188,80.9537008688001,81.12938965843088,24596100
2005-05-31,80.73745727539062,81.20371459954397,80.68339681141963,81.14290044419381,43377200
2005-06-01,81.42669677734375,81.71050643335826,80.71716748181869,80.76446909115444,69611000
2005-06-02,81.60242462158203,81.65647994367264,81.15643341477093,81.2442829797136,39704500
2005-06-03,81.19022369384766,81.69027023008907,80.9064139156153,81.46052093023174,60999400
2005-06-06,81.11588287353516,81.22399866286325,80.7847715021367,81.05506355320215,36046400
2005-06-07,81.17671203613281,81.93354332321903,81.09562646802843,81.35240602617792,66501300
2005-06-08,81.02799987792969,81.48749820807282,80.86581853795074,81.37938247024148,46881200
2005-06-09,81.4132308959961,81.48080392584362,80.71046004350008,80.91317913304266,56653300
2005-06-10,81.22400665283203,81.5280929734291,80.81856338086018,81.46727364711332,36465300
2005-06-13,81.4808120727539,81.81868241126543,80.96048886437053,81.04833845189856,49383200
2005-06-14,81.66999816894531,81.89974746691608,81.34564045684965,81.39294208616663,33857100
2005-06-15,81.82539367675781,81.92675575684993,81.24426173890807,81.87270044889175,53195600
2005-06-16,82.03486633300781,82.19704254739891,81.7105087487367,81.80511197008893,46564500
2005-06-17,82.33885192871094,82.70522515878146,82.24386685161471,82.46097633873444,51529400
2005-06-20,82.36600494384766,82.6645273030397,82.05391032778816,82.14889542066283,41019400
2005-06-21,82.41351318359375,82.53563763715906,82.11498559125627,82.43386639647125,39879800
2005-06-22,82.48133087158203,82.73236582297494,82.1420969689801,82.55596274425834,46310100
2005-06-23,81.32115173339844,82.50168426781234,81.30079852740315,82.31171411012488,62185600
2005-06-24,80.72410583496094,81.42292688155655,80.62911557521991,81.33472274957535,58572500
2005-06-27,80.83944702148438,81.01585011546764,80.56805884065605,80.71732259892657,48183800
2005-06-28,81.51787567138672,81.57893526514351,80.98867182030844,81.00902501822738,41174200
2005-06-29,81.3008041381836,81.68753060767881,81.25331159548415,81.66717740027889,42316500
2005-06-30,80.85977935791016,81.63323210903522,80.70372951191581,81.56538637541503,62288800
2005-07-01,81.09724426269531,81.28043344247742,80.88013480331128,81.04296560377485,49737500
2005-07-05,81.7485580444336,81.85711534289133,80.86655328780044,80.90725968657365,51549000
2005-07-06,81.06330871582031,81.85711454191174,81.01581619228399,81.68071152179247,52363600
2005-07-07,81.38223266601562,81.38223266601562,80.23562529215431,80.25597850348026,103268800
2005-07-08,82.31170654296875,82.31170654296875,81.22615918719612,81.39577612329491,64491200
2005-07-11,82.73237609863281,82.84092826927275,82.30493801543396,82.31851027195096,49688300
2005-07-12,82.94950866699219,83.20053854302385,82.52885659515712,82.76631938720085,51871100
2005-07-13,83.06481170654297,83.12587132299751,82.76628422263603,82.9562543755592,41182300
2005-07-14,83.39046478271484,83.75005182382615,83.10550442398538,83.43795731312017,63638800
2005-07-15,83.3429946899414,83.47869137627221,83.01733299534607,83.30907440058319,56075900
2005-07-18,83.01053619384766,83.200506353986,82.80699895497025,83.11230740143567,56598400
2005-07-19,83.46508026123047,83.52614503572465,83.05121979542272,83.2547569657106,59165700
2005-07-20,83.75007629394531,83.94683259919779,82.97662332918676,83.17337445814015,69477000
2005-07-21,83.26156616210938,83.86540206765326,83.0919492183881,83.82469565757562,101110900
2005-07-22,83.81793212890625,83.83149921049055,83.200523802676,83.3701407921283,52607100
2005-07-25,83.5804443359375,84.09607610243927,83.3497626077251,83.72970807013998,57301600
2005-07-26,83.68221282958984,83.81112336317169,83.41761081161538,83.60758613658273,42758800
2005-07-27,83.98750305175781,84.05534877506585,83.48543848772208,83.79074683075669,43181600
2005-07-28,84.5167236328125,84.56421616613781,83.88574844646321,84.10285790970717,47880700
2005-07-29,83.95362854003906,84.55746464355724,83.79079767004428,84.40820603223705,62358100
2005-08-01,83.89253997802734,84.15714199164431,83.75684331957105,84.01466438248887,40418200
2005-08-02,84.3946304321289,84.53710808477074,83.95362521606621,84.04182936505865,45147400
2005-08-03,84.6185073852539,84.63207446408997,84.21142772828924,84.29962668147034,36837200
2005-08-04,83.94005584716797,84.3403494542123,83.83828461911104,84.28607595204166,50855600
2005-08-05,83.37010955810547,84.11642817313238,83.22763196149972,83.75683594212042,53595500
2005-08-08,83.21407318115234,83.72971013667876,83.03088398418322,83.55330706678582,47616000
2005-08-09,83.71611785888672,83.85180931016542,83.36331697978383,83.49222230560949,47170000
2005-08-10,83.67543029785156,84.46923633677717,83.32941029000006,84.00787805174123,72863700
2005-08-11,84.00789642333984,84.15037406330798,83.4583390725628,83.63473700225705,58570200
2005-08-12,83.49224090576172,83.91967890747745,83.28191755653539,83.83826091279393,54776900
2005-08-15,84.00789642333984,84.04182188936531,83.33621464169019,83.60081671253094,36208500
2005-08-16,82.91556549072266,83.80435682675063,82.83414747527523,83.75008332608523,71942100
2005-08-17,82.90875244140625,83.36332974301119,82.79341417253093,82.90197149121207,62275100
2005-08-18,82.9019775390625,83.15300729830446,82.66450968119825,82.8069924664361,53388600
2005-08-19,83.0919418334961,83.32940449834145,82.9087526518312,83.20049397615489,39842100
2005-08-22,83.0919418334961,83.6075787459445,82.69164319021574,83.16657369620432,69912000
2005-08-23,82.93592834472656,83.18696337265644,82.19640069620633,83.11233147722594,55168600
2005-08-24,82.19638061523438,83.26836105470963,82.15566902457277,82.732370834972,79104600
2005-08-25,82.49488067626953,82.54915933163193,82.23706482774436,82.33204988647981,35631100
2005-08-26,81.9317855834961,82.42706425497316,81.87750690883307,82.42028330286476,61956800
2005-08-29,82.56275177001953,82.62381139000804,81.67395539411845,81.69431377708004,56179200
2005-08-30,82.12850952148438,82.29812643071809,81.68071839648466,82.26420097835243,74160200
2005-08-31,83.16659545898438,83.22087413266618,81.91821184579892,82.22352550303467,102945200
2005-09-01,83.10553741455078,83.55332874438797,82.18960672096522,83.12589062476162,74578700
2005-09-02,82.95626068115234,83.37012647846409,82.8002159763751,83.34977327143217,47653400
2005-09-06,83.92646026611328,83.99431118349516,83.21407222028783,83.22085834728567,57251300
2005-09-07,84.0689697265625,84.21822833378677,83.76365603036314,83.87899434443183,41749700
2005-09-08,83.79076385498047,84.12999771674153,83.66185333109593,83.89932117536702,39068700
2005-09-09,84.53707122802734,84.63205628837667,83.99430019407372,84.01465339610606,43093900
2005-09-12,84.36749267578125,84.58460222335356,84.31321399481318,84.43533843884136,33017600
2005-09-13,83.89932250976562,84.41495426090891,83.80433226476762,84.21819799680239,58427500
2005-09-14,83.59405517578125,84.07576691251676,83.46514457852074,83.95364244571755,57694600
2005-09-15,83.5533218383789,83.89255578398638,83.38370486557518,83.85184419063002,73156900
2005-09-16,84.1474609375,84.31098491212859,83.71820855472494,84.01119182503176,75424100
2005-09-19,83.86808776855469,84.18151602918144,83.56147972018691,84.12700631443482,53355300
2005-09-20,83.15947723388672,84.22239061541103,83.03683298230067,83.9430322430025,84480300
2005-09-21,82.38275146484375,83.03685256142136,82.29417186327589,82.9823428371232,94469100
2005-09-22,82.67573547363281,82.8937743864828,82.06251922541054,82.41000704651415,84597200
2005-09-23,82.74385070800781,83.05045874124114,82.37591794912846,82.60757642786791,59368100
2005-09-26,82.8392562866211,83.28894850309426,82.49857831722225,83.13904936482544,70415400
2005-09-27,82.81880950927734,83.11860256239271,82.45768652533617,82.79836446622446,66150800
2005-09-28,82.90058135986328,83.20719467178988,82.58034321551786,83.07773537130974,58620500
2005-09-29,83.57511901855469,83.71138812220426,82.49857542539057,82.81881353713347,66607700
2005-09-30,83.83404541015625,83.83404541015625,82.94828050391874,83.54787712906435,47824200
2005-10-03,83.53423309326172,84.0384350085145,83.43202866762498,83.77952163545669,50994800
2005-10-04,82.59394073486328,83.82719291750067,82.55306105536462,83.66366900117448,60776300
2005-10-05,81.51060485839844,82.65528298412882,81.46972516765797,82.61440329338834,106052100
2005-10-06,81.21765899658203,81.93990012155473,80.51586292472346,81.61284685008883,140941800
2005-10-07,81.49696350097656,81.79676170116586,81.16991044637622,81.5582830246524,75661400
2005-10-10,80.80880737304688,81.56511282549118,80.604403725404,81.54467298056018,52677000
2005-10-11,80.69295501708984,81.34705585927665,80.61800547491237,81.07451254211597,75629800
2005-10-12,80.0593032836914,81.16991132167415,79.99798375935431,80.66570950546301,100510400
2005-10-13,80.0116195678711,80.45450192052375,79.63687176216513,80.03205941212182,99052900
2005-10-14,80.85647583007812,80.95186520767986,80.10017062314209,80.48173333188024,88651000
2005-10-17,81.15630340576172,81.26531764896704,80.70660600691537,80.94508473569739,68109300
2005-10-18,80.27734375,81.05408898098491,80.26371892065485,81.04046415163975,74996900
2005-10-19,81.61280059814453,81.62643062582949,79.80039679097958,80.05931013533673,116563800
2005-10-20,80.1751480102539,81.63324922956876,79.92304965259957,81.41521554812915,131966700
2005-10-21,80.48856353759766,80.93144587342812,80.06612624357409,80.59758296723763,96579500
2005-10-24,81.73545837402344,81.82403277529531,80.67935978039732,80.69979962697289,71308400
2005-10-25,81.57191467285156,81.92621739057527,81.04045799709995,81.57191467285156,76594500
2005-10-26,81.33341217041016,82.13059689960443,81.21076796604717,81.42880152954467,80855800
2005-10-27,80.46813201904297,81.33345693675267,80.35230276181665,81.21762248119329,66623100
2005-10-28,81.62641143798828,81.72861062993931,80.46810367867474,80.69295229762946,72322000
2005-10-31,81.85128021240234,82.64847054487217,81.85128021240234,81.96029964869433,77698900
2005-11-01,82.0965576171875,82.37591598606787,81.9125938412979,82.15788234137213,66365100
2005-11-02,82.9551010131836,82.9551010131836,81.85130231516021,81.87855718159298,74012300
2005-11-03,83.30941009521484,83.5751437631752,82.95510720182541,83.22765068815131,84897600
2005-11-04,83.2003173828125,83.43879075915206,82.81875998066921,83.39791109415948,59156000
2005-11-07,83.28215789794922,83.54788635951162,83.02323925454571,83.37754733551857,46765400
2005-11-08,83.28215789794922,83.4116120213165,82.98235955225442,83.07774898982377,42152800
2005-11-09,83.39112854003906,83.77268609068604,83.03001082984363,83.17990992426401,57666800
2005-11-10,84.0384521484375,84.1610964445487,82.95509853140027,83.35709610300505,79048100
2005-11-11,84.3246078491211,84.3791123705235,83.41840325226882,84.04524943422692,34867000
2005-11-14,84.27690887451172,84.50175235994705,84.0656850208208,84.3450434215628,45092200
2005-11-15,83.97030639648438,84.54945791827677,83.71139300511447,84.18153027729498,69592500
2005-11-16,84.140625,84.18150988224079,83.7931372901121,84.05886563218267,51133000
2005-11-17,84.92417907714844,84.93099409008609,83.9021454664334,84.27007819009062,55717500
2005-11-18,85.25804901123047,85.36025342045173,84.71296749260408,85.2103543133715,72437200
2005-11-21,85.68731689453125,85.78952131616226,85.15586014004934,85.27168939200918,50021200
2005-11-22,86.05525970458984,86.20515364897597,85.45566313371167,85.55105255210894,66438800
2005-11-23,86.55265808105469,86.8115767066334,85.99394632875436,86.02120119451708,50854700
2005-11-25,86.62077331542969,86.68209804929369,86.40273963631994,86.51857408954461,15270000
2005-11-28,86.00755310058594,86.71615862544198,85.87809382280804,86.70253379541244,54498500
2005-11-29,85.91215515136719,86.51856662988706,85.91215515136719,86.29371795566051,51738900
2005-11-30,85.44880676269531,86.20510668270244,85.36704222075886,85.95982345355428,56007200
2005-12-01,86.32098388671875,86.55264240624696,85.83722180329237,85.86447146578601,65468200
2005-12-02,86.42999267578125,86.58670681605955,86.19151915651675,86.37548295756855,46699400
2005-12-05,86.24605560302734,86.34826005676686,85.97351212583342,86.32781500735139,59273400
2005-12-06,86.40956115722656,87.03640738207528,86.28010186358027,86.56627531260541,57935200
2005-12-07,85.90534973144531,86.44362149501553,85.63280634252799,86.37548174903662,66816500
2005-12-08,85.85084533691406,86.40955697958606,85.49654254818701,86.00074447002928,62608600
2005-12-09,86.07566833496094,86.38227632599413,85.72817546634685,85.95983911153343,50744500
2005-12-12,86.15743255615234,86.43679090900721,85.82356969399932,86.33458650678392,48389900
2005-12-13,86.74342346191406,87.00915186388494,86.04844268714405,86.13701708835657,88630900
2005-12-14,87.08404541015625,87.2748241197787,86.62753846951253,86.66160832408652,64375000
2005-12-15,86.83197784423828,87.21353539813896,86.6548238949279,87.10451598369202,55900300
2005-12-16,86.55255889892578,87.23752691476034,86.55255889892578,87.18272821927968,46238300
2005-12-19,86.10730743408203,86.90187264516595,86.09361037653126,86.80597756464064,48733000
2005-12-20,86.1894760131836,86.7100476365158,85.949738393769,86.2100242054351,46603200
2005-12-21,86.32650756835938,86.82653645773209,86.16896787061756,86.45665314762569,51806900
2005-12-22,86.77861022949219,86.77861022949219,86.36077927057391,86.51831900701674,32247900
2005-12-23,86.82650756835938,86.89500329353906,86.59361583168183,86.84020462303978,27977300
2005-12-27,85.94293212890625,87.02518277693983,85.8812822940735,86.9635329421071,44499500
2005-12-28,86.13468933105469,86.29908011782133,85.96344740395517,86.12783819072182,30764300
2005-12-29,85.75110626220703,86.27852908091042,85.66205711847945,86.1141382995584,32788900
2005-12-30,85.28533172607422,85.662060834092,85.1825855235643,85.48397299068968,44645600
2006-01-03,86.785400390625,86.99089277888328,85.20312676905719,85.7511029871536,73256700
2006-01-04,87.1963882446289,87.32652855095635,86.78540345360716,86.89500079144995,51899600
2006-01-05,87.2511978149414,87.39504042803102,86.90871390971192,87.09365814503406,47307500
2006-01-06,87.97724914550781,88.07314420116961,87.23748280821232,87.68956397852243,62885900
2006-01-09,88.20331573486328,88.4019518188044,87.9361786830637,87.96357279913892,43527400
2006-01-10,88.29232788085938,88.34712654829936,87.8539489931166,87.94299813417872,44960800
2006-01-11,88.57317352294922,88.66222267043655,88.17589099417678,88.37453748445193,49598900
2006-01-12,88.22386169433594,88.55264333779026,87.9772728488002,88.41565185733262,40509200
2006-01-13,88.1416244506836,88.2923181566023,87.81284293403183,88.0662880495002,44856700
2006-01-17,87.90190887451172,87.96355346096405,87.54572273315723,87.81285972622861,52066600
2006-01-18,87.55258178710938,88.29234302084596,87.10050576793087,87.38819098248895,75067600
2006-01-19,87.88821411132812,88.20330388866637,87.54573022159384,87.76492492787764,81530400
2006-01-20,86.28538513183594,87.8882070994902,86.28538513183594,87.86765890388781,114957800
2006-01-23,86.59364318847656,86.86763140164292,86.39500186457822,86.44980055238959,67017400
2006-01-24,86.68269348144531,87.09367319355407,86.59364430612985,86.73748694407338,53008800
2006-01-25,86.7580337524414,87.11421474885651,86.1963550768146,87.01831966421051,87747700
2006-01-26,87.23748779296875,87.44982611036882,86.82650821295071,87.16214092694507,71294000
2006-01-27,88.04573059082031,88.12793380992127,87.29911841621666,87.44296621081125,65771200
2006-01-30,87.97724914550781,88.23068383866173,87.91560456367749,87.97724914550781,33709600
2006-01-31,87.33341979980469,88.04578191938755,87.32656865657088,87.89509857537261,72937000
2006-02-01,87.9430160522461,87.97041016565898,87.48408887718075,87.55258461249221,63561000
2006-02-02,86.92242431640625,87.77178301750943,86.8539285741365,87.74438890131366,83626900
2006-02-03,86.49088287353516,87.94301650876851,86.401838939757,86.70322644775949,86040400
2006-02-06,86.71696472167969,86.85396148401885,86.42242821501566,86.60737253770048,45511900
2006-02-07,85.94976806640625,86.7580303379624,85.89496938422516,86.56623495032859,71208100
2006-02-08,86.7305908203125,87.74434506749728,86.03192101087619,86.20316289394954,59422200
2006-02-09,86.58673858642578,87.40184630513353,86.5593392610904,86.93606822620612,62023300
2006-02-10,86.74430084228516,87.07993352004696,85.92918768468958,86.60045826610153,64508700
2006-02-13,86.58673858642578,86.84702433828137,86.27164895801246,86.7168788494101,52308700
2006-02-14,87.50463104248047,87.69642117848609,86.44978006856029,86.62102200797806,90964400
2006-02-15,87.81283569335938,87.89503890457615,87.15526748838813,87.45665487537445,85471300
2006-02-16,88.47045135498047,88.50470183835544,87.79917532652738,87.90877269261524,61017900
2006-02-17,88.23072052001953,88.47046348473421,88.07318081703129,88.39511659169088,40342600
2006-02-21,88.01152801513672,88.63484085215373,87.87452607560893,88.43620476268732,46456300
2006-02-22,88.54579162597656,88.80607228627495,88.12110447704251,88.20330772136035,42326700
2006-02-23,88.4156494140625,88.79922972945604,87.8676730555947,88.54579497502382,43423200
2006-02-24,88.64167785644531,88.6896201633826,88.19644255380264,88.43618544382394,36777400
2006-02-27,88.67591094970703,89.07318296397415,88.55261134559473,88.63480411381879,35858600
2006-02-28,87.83341217041016,88.98416343207445,87.76492166607608,88.49783172794369,74394800
2006-03-01,88.61426544189453,88.69646867072619,88.01834690469607,88.08684785342624,48641600
2006-03-02,88.60745239257812,88.6485487963481,88.09372644189105,88.29236254403965,60642300
2006-03-03,88.1964340209961,89.09375045423677,88.12108715871717,88.13478943870714,73402500
2006-03-06,87.79232025146484,88.48413395563203,87.57313076804651,88.45673984285806,57478400
2006-03-07,87.65530395507812,87.71694853019258,87.2648726350225,87.57995710156844,61780800
2006-03-08,87.84027099609375,87.97726246037533,87.11420160291114,87.47038254557687,66692400
2006-03-09,87.2511978149414,88.14165283300424,87.2511978149414,87.8676698895324,56313600
2006-03-10,88.08001708984375,88.25125905966698,87.2923082093691,87.47724723738649,60490800
2006-03-13,88.24435424804688,88.4703947515647,88.03886193105127,88.2512001596298,45479100
2006-03-14,89.1690902709961,89.20334074639075,88.09369641569215,88.16219736648146,69877300
2006-03-15,89.56636047363281,89.6348614150012,88.94304789499583,89.14852981554856,53398900
2006-03-16,89.75132751464844,90.05271501059441,89.62118196396459,89.73762523252937,65526400
2006-03-17,89.8262710571289,90.01882386056624,89.66123179323449,89.86753087310251,47286800
2006-03-20,89.68185424804688,90.01881637938797,89.54431804178479,89.84002036058126,45538500
2006-03-21,89.11795043945312,90.08072495940239,89.02167403679229,89.65434903904078,87102700
2006-03-22,89.66122436523438,89.75061712799116,89.02166579060551,89.06292560316093,51605700
2006-03-23,89.47555541992188,89.66810823044345,89.1660962953937,89.57870496365086,46704200
2006-03-24,89.5443115234375,89.79188087402348,89.22109569091305,89.39301855956056,43209200
2006-03-27,89.41366577148438,89.59246181188395,89.22111296079525,89.42053890995857,32523000
2006-03-28,88.86351776123047,89.7643921631463,88.74661143742037,89.35177296694663,82079900
2006-03-29,89.42053985595703,89.7437557544634,88.91164428327139,88.99417441254067,61505700
2006-03-30,89.26234436035156,90.07381516229198,89.09042151316034,89.47552701193462,70571700
2006-03-31,89.28302764892578,89.56498380531487,88.96668480386953,89.41369076985458,62925600
2006-04-03,89.21426391601562,89.99823223299447,89.04922458192233,89.4480871282232,61624700
2006-04-04,89.7850112915039,89.90191760127493,88.95978349154672,89.21422601908714,54809300
2006-04-05,90.09444427490234,90.28012388637616,89.66120583924707,89.81937191914224,50607200
2006-04-06,89.99821472167969,90.23203788839133,89.53058937494279,89.98446844207675,57906200
2006-04-07,89.08358764648438,90.36269476384213,88.95293502403902,90.12888207945312,80180900
2006-04-10,89.22108459472656,89.45489714860715,88.89098517277273,89.22108459472656,41496500
2006-04-11,88.46460723876953,89.44112761261546,88.1964080550607,89.2967183177995,72799400
2006-04-12,88.62972259521484,88.80164554531831,88.44404287096673,88.55407607743554,43033700
2006-04-13,88.51277160644531,88.88412037430562,88.23768872901283,88.43024149654616,51051800
2006-04-17,88.47842407226562,88.92541951747457,88.03830176703067,88.59533041188422,64167700
2006-04-18,89.88130187988281,90.04635166326156,88.66408464915293,88.66408464915293,92531800
2006-04-19,90.05320739746094,90.13573751987046,89.56495226768155,89.91567118456564,87269000
2006-04-20,90.17696380615234,90.6789755185729,89.81248825549046,90.08756057900779,86005500
2006-04-21,90.19073486328125,90.63085699786559,89.82625921245388,90.56209414475707,72342600
2006-04-24,90.02570343017578,90.13573659670124,89.661227747733,90.01194666102502,52546400
2006-04-25,89.65433502197266,90.17010363273342,89.34487595418405,90.11508705505156,84359800
2006-04-26,89.67498779296875,90.1838833962837,89.60622492333717,89.74376115594225,67262400
2006-04-27,90.10823822021484,90.52085741744338,89.11796054154003,89.33114327921601,124478600
2006-04-28,90.41082763671875,90.60338047111787,89.88818572811294,89.943191829362,55854400
2006-05-01,89.67498779296875,90.63776240788823,89.61998169460026,90.41082290208597,64990300
2006-05-02,90.34891510009766,90.40393168080384,89.90879294778813,90.09446210266414,49063500
2006-05-03,90.01194763183594,90.30766045839492,89.7093616672976,90.19074365936294,60821300
2006-05-04,90.33517456054688,90.51397060995826,90.06697523975895,90.14262174015256,42921400
2006-05-05,91.13291931152344,91.32547217402201,90.67216706959152,90.80970332946994,62588200
2006-05-08,91.0228500366211,91.30480607831461,91.0228500366211,91.1259995673188,30016700
2006-05-09,91.2016830444336,91.30484311031145,90.98850026563441,91.06414678327387,29864000
2006-05-10,91.15354919433594,91.29108545416682,90.69967009288442,91.05727276311991,64378200
2006-05-11,90.05320739746094,91.15351808730422,89.75750506440305,91.1260045487209,80626900
2006-05-12,88.87728118896484,89.89506199091562,88.84289450448253,89.64749255332296,91726500
2006-05-15,89.05606079101562,89.2211105500071,88.44401569643263,88.56779514567056,84029300
2006-05-16,88.92539978027344,89.3999086667469,88.71909020006656,89.23485890391318,62137600
2006-05-17,87.23371124267578,88.78102317170558,87.17869463476833,88.48531021587122,144789500
2006-05-18,86.79354095458984,87.85258646208935,86.72477285600823,87.57750882109332,87906300
2006-05-19,87.4056167602539,87.67381611192647,86.51162067023581,87.24745060243237,124309400
2006-05-22,86.73856353759766,87.45376362841652,86.30531959893084,86.84171835537698,110852800
2006-05-23,86.07837677001953,87.77009787847022,86.07837677001953,87.46063868359296,92006500
2006-05-24,86.76608276367188,87.261221754019,85.79643994646925,86.42911521339165,168405000
2006-05-25,87.83885192871094,87.83885192871094,86.94485073424508,87.28181815513179,78977900
2006-05-26,88.28587341308594,88.28587341308594,87.68757968016476,88.03142032091777,62989700
2006-05-30,86.71790313720703,88.02451812749608,86.68352170781556,88.00388822052717,72419900
2006-05-31,87.68756103515625,87.68756103515625,86.78668143392022,87.07551590541287,86926200
2006-06-01,88.52655029296875,88.6709701681653,87.52252103274243,87.59816754006584,73721700
2006-06-02,88.71221923828125,89.00792159893832,88.24459397212364,88.8841421437818,91702600
2006-06-05,87.41939544677734,88.61597787316897,87.17869908655923,88.60910473183395,86105100
2006-06-06,87.20616912841797,87.59815312610726,86.48409610460637,87.48124681463355,130498600
2006-06-07,86.5528564453125,87.78382491446308,86.50471824804605,87.27493465097922,108599400
2006-06-08,86.47723388671875,86.9930026772956,85.1843753404745,86.36032755338915,204957200
2006-06-09,86.2021255493164,87.30930924646383,86.1608657396514,86.896695409805,94972200
2006-06-12,85.26689910888672,86.60102279057375,85.14999276990862,86.56663610420527,95815900
2006-06-13,84.2766342163086,85.85144385912606,84.2766342163086,85.09498391026055,185688800
2006-06-14,84.9299087524414,85.01930676759004,84.13218401417868,84.47602979860152,163566400
2006-06-15,86.73167419433594,86.89671872394652,85.17748957104583,85.23937930214817,134057000
2006-06-16,86.09966278076172,86.72822556126287,85.96842213950747,86.54173041777803,94253500
2006-06-19,85.4227294921875,86.67295659530235,85.33984511774214,86.61769683243142,95804400
2006-06-20,85.71284484863281,86.21017222990625,85.45727763926736,85.65759034949481,65494700
2006-06-21,86.34830474853516,86.82490567073631,85.62303491451603,85.65066479360692,75008200
2006-06-22,85.96842193603516,86.3828596860243,85.67831603802895,86.3068788170424,74566100
2006-06-23,85.95459747314453,86.54862676307671,85.67139513428474,85.87861661490709,54107000
2006-06-26,86.33451080322266,86.3828617873999,85.82337107479731,86.02368380063501,37899600
2006-06-27,85.58850860595703,86.54171579915865,85.49180138619994,86.34831189936652,69780200
2006-06-28,86.16873168945312,86.18254399703692,85.40892829566276,85.78192383876603,62368100
2006-06-29,87.90935516357422,87.96461492286883,86.45882073618502,86.47954182845533,110634800
2006-06-30,87.916259765625,88.17874097484845,87.6952260088297,88.09585133985254,54227800
2006-07-03,88.27544403076172,88.42049167158359,87.93698196930893,88.01987160535337,23914000
2006-07-05,87.77120971679688,88.03368566471265,87.39130546467874,87.92317141764413,69653400
2006-07-06,88.02681732177734,88.31001447481441,87.7781535791843,87.86103798014017,50100300
2006-07-07,87.4535140991211,88.10970690463971,87.23248023380148,87.85413962684508,81626500
2006-07-10,87.61927795410156,88.01990343506628,87.31535971842352,87.6814465210814,60964100
2006-07-11,88.0060806274414,88.0060806274414,86.99070473674821,87.45349345962441,73640800
2006-07-12,87.06670379638672,87.99919022578896,86.83876114679467,87.82650735849732,82561300
2006-07-13,85.65071105957031,86.81114025891387,85.65071105957031,86.65226968578926,102405700
2006-07-14,85.31912231445312,85.83026723754665,84.84252133192169,85.74046880166902,103242500
2006-07-17,85.19476318359375,85.71972024486853,85.06352787066973,85.31909498047831,81159000
2006-07-18,85.62994384765625,85.68520360593217,84.53858733607937,85.45035226818977,122771000
2006-07-19,86.81802368164062,87.21174033405971,85.45728210068954,85.77501788423285,133565300
2006-07-20,86.22396850585938,87.2393441134719,86.10654547814018,87.11501229886915,112259800
2006-07-21,85.61613464355469,86.47264517098789,85.52634147997298,86.44501528914864,101560000
2006-07-24,87.1771469116211,87.25312773278065,85.95455552817293,85.95455552817293,92884000
2006-07-25,87.488037109375,87.93010476082486,86.83874794074335,87.01833957097676,95480700
2006-07-26,87.60542297363281,88.0336728648151,87.15644672364442,87.43964372234304,84525800
2006-07-27,87.5225601196289,88.19947909480369,87.17028569020829,87.98534881385393,87257100
2006-07-28,88.39978790283203,88.5103021627656,87.62616700385213,87.75049883994066,82137000
2006-07-31,88.30998992919922,88.38597078886515,88.03369637312866,88.17875457420818,49593100
2006-08-01,87.87484741210938,87.98536169309078,87.4465920573836,87.95773180537986,65225600
2006-08-02,88.46883392333984,88.73131509438123,88.10274731095022,88.12346839921987,64770900
2006-08-03,88.70372772216797,88.79352617951089,87.8265011372055,87.95773652354416,63693800
2006-08-04,88.5517349243164,89.4013313222559,88.05441290276826,89.15958173375414,96294200
2006-08-07,88.34452056884766,88.46885239428381,87.99915497262062,88.34452056884766,45377300
2006-08-08,88.0060806274414,88.73135062646847,87.68833958053646,88.47577286926551,90901300
2006-08-09,87.70907592773438,88.82806269845999,87.45350341131058,88.53794623405676,78910600
2006-08-10,87.97843170166016,88.068224857306,87.22553198019958,87.43275344074927,69322300
2006-08-11,87.72977447509766,87.86100982451012,87.30151921789955,87.84028873091137,47482200
2006-08-14,87.79887390136719,88.52414402248013,87.66763324119981,88.15805193200598,57839000
2006-08-15,88.84879302978516,89.0145618384125,88.34455673413757,88.58631169649068,68143000
2006-08-16,89.58782196044922,89.71906255638807,89.13193690288908,89.32535130829173,71737600
2006-08-17,89.8157958984375,90.05064202607633,89.4428056098184,89.50496890130093,70992800
2006-08-18,90.27163696289062,90.27163696289062,89.51182863954128,89.92627145949888,58288400
2006-08-21,89.88484954833984,89.98845500682583,89.65690699994957,89.91937767468777,42133600
2006-08-22,89.8779525756836,90.15425141703481,89.57402912005881,89.78816467450217,60839900
2006-08-23,89.62926483154297,90.09896746590877,89.23555358041014,89.91937063230407,66592100
2006-08-24,89.5533218383789,89.86415940031235,89.38063898829354,89.7881785246858,57983000
2006-08-25,89.66381072998047,89.96773412855515,89.48422442160503,89.54638769684409,41756000
2006-08-28,90.09205627441406,90.36145153338812,89.54638331890294,89.55328683590717,52681500
2006-08-29,90.19567108154297,90.36835386186304,89.66380516703543,90.13350781016067,61817800
2006-08-30,90.25092315673828,90.51339379348175,90.1749423182737,90.39597077762186,50052200
2006-08-31,90.23710632324219,90.47886641298714,90.19566414550755,90.3821644850331,37510300
2006-09-01,90.77588653564453,90.88640604925962,90.37526120358051,90.58248265667858,48794500
2006-09-05,90.94857788085938,91.07291498030578,90.62393336639398,90.83805835684522,52348300
2006-09-06,90.14734649658203,90.59632820689323,90.02301991016378,90.56178953075788,53795600
2006-09-07,89.73286437988281,90.18874935742717,89.34605671640944,89.83646981127092,86269400
2006-09-08,89.98847198486328,90.11280909822614,89.6776450110408,89.85032783424474,45096300
2006-09-11,90.07823181152344,90.27163564742698,89.43584650392205,89.69832765538483,68496600
2006-09-12,90.96240234375,91.06600781803184,90.05063201117896,90.18187263841776,69875600
2006-09-13,91.32845306396484,91.4873182418013,90.84494347508091,90.92782782182714,62898400
2006-09-14,91.33536529541016,91.34227935144449,91.00381733706831,91.14887549743511,57805400
2006-09-15,91.54975891113281,91.84807449008458,91.35549385828172,91.79257170156635,76703100
2006-09-18,91.67463684082031,91.84807909385546,91.3346862138844,91.43181345214109,64154100
2006-09-19,91.44566345214844,91.66767454853527,90.93228131737939,91.66073008547835,92089100
2006-09-20,91.93133544921875,92.1117221821041,91.61914148563177,91.75095930240926,75204100
2006-09-21,91.48731231689453,92.09783240891936,91.1751183920453,92.00070517483128,88932500
2006-09-22,91.20982360839844,91.35550918989313,90.88375128742767,91.34857530994262,65966800
2006-09-25,91.9105224609375,92.16722421266395,90.9184377826086,91.39019566392075,92299100
2006-09-26,92.67367553710938,92.68755388289459,91.85502251299958,91.92440365584955,73962700
2006-09-27,92.78468322753906,92.94424715640767,92.45861090371427,92.61124095257168,82432200
2006-09-28,92.74999237060547,92.95812521714267,92.46554449987383,92.78468294270772,58597500
2006-09-29,92.67367553710938,92.92343283086265,92.60429439425941,92.82630558251839,47966600
2006-10-02,92.32677459716797,92.84710131790084,92.23658124469719,92.6459023910159,51687400
2006-10-03,92.52103424072266,92.87485261964883,92.02845359297069,92.19496196391675,73108100
2006-10-04,93.6032943725586,93.65879715231092,92.32676219647347,92.43082329221357,80890500
2006-10-05,93.78373718261719,93.94331175769983,93.48542143856594,93.60336095966157,60505900
2006-10-06,93.66575622558594,93.72820348590079,93.24255667894974,93.62413177609314,64983600
2006-10-09,93.72124481201172,93.86694094922444,93.40905090206907,93.55474703928179,41176800
2006-10-10,93.84613800048828,93.97101134237434,93.54781181807974,93.72819853779308,56403700
2006-10-11,93.73514556884766,93.95714618092987,93.17319427936346,93.54782494366073,104071800
2006-10-12,94.54679870605469,94.62311368739906,93.93627885529976,93.97096940792363,59158600
2006-10-13,94.7896957397461,94.84519854991433,94.38036383801514,94.46362334630682,53944000
2006-10-16,94.93535614013672,95.08105230139334,94.64397440369927,94.71335554450258,42273000
2006-10-17,94.63702392578125,94.8382122611034,94.12363109767718,94.67864836853245,90500600
2006-10-18,94.7619400024414,95.30307917447024,94.42199984257228,95.0741340499844,86848600
2006-10-19,94.91454315185547,94.96311206724238,94.51215582779885,94.62316141776117,64063200
2006-10-20,94.93535614013672,95.01167116059004,94.58153772862178,94.93535614013672,48094500
2006-10-23,95.37244415283203,95.60138923847342,94.62317221420847,94.74111169722187,66219900
2006-10-24,95.65692138671875,95.69160138536229,95.19903107495816,95.24065554219455,53234900
2006-10-25,95.9829330444336,96.0245574853102,95.40015911394075,95.55973358539902,78105400
2006-10-26,96.28125762939453,96.43388765097988,95.72624033145458,96.1980087398296,66843700
2006-10-27,95.677734375,96.26049809306633,95.48347980231122,96.16337080672194,80238000
2006-10-30,95.60832214355469,95.87889168090224,95.32387425950097,95.50426100845056,49717800
2006-10-31,95.59442901611328,95.92050130379162,95.21979840158669,95.78869408173192,71274100
2006-11-01,94.94923400878906,95.95519702893144,94.85210676379756,95.89276035416744,83005600
2006-11-02,94.89375305175781,95.05331700823413,94.60237124972699,94.70643239828149,60693100
2006-11-03,94.72721099853516,95.31691886053154,94.08894481314492,95.23366997124243,71346400
2006-11-06,95.795654296875,95.93440602239771,95.01169169785842,95.01863616508531,63303300
2006-11-07,96.163330078125,96.42002124344297,95.7401305269902,95.878882222133,63318900
2006-11-08,96.37145233154297,96.46857956608518,94.9492237938305,95.74012001398127,87517800
2006-11-09,95.86502075195312,96.53104382638496,95.67076622734335,96.44085044493127,95916300
2006-11-10,95.9066390991211,95.97600965378938,95.54587622218835,95.83725795837702,48991500
2006-11-13,96.14251708984375,96.46164492753094,95.78869868212735,95.86500311568567,59398200
2006-11-14,96.86402130126953,96.94728077714339,95.82336783447954,96.41307570009033,96704000
2006-11-15,97.14157104492188,97.43988673402812,96.80162030949712,96.82937700704278,76509600
2006-11-16,97.39130401611328,97.59942626522228,96.77384997624654,97.43292846593508,76728800
2006-11-17,97.41902160644531,97.42595548402751,96.94031940145753,97.07907105561,56353800
2006-11-20,97.47455596923828,97.64106435981725,97.08604697729677,97.33580427012718,69174200
2006-11-21,97.57164764404297,97.592459862018,97.32882431957128,97.4675865541678,51367900
2006-11-22,97.76598358154297,97.93249205024183,97.47460170088073,97.64804405266166,45505300
2006-11-24,97.37049102783203,97.7104310894288,97.2664193180177,97.29417600839845,30998000
2006-11-27,96.03153228759766,97.37051236082229,96.00378617721364,97.32194343505279,84545100
2006-11-28,96.44779205322266,96.54491931264876,95.81645957391426,95.9066529526947,106652900
2006-11-29,97.45378875732422,97.49541322767617,96.48944971187368,96.76001935524236,90034900
2006-11-30,97.495361328125,97.85612418926591,96.96115620879186,97.43292465583387,83994300
2006-12-01,97.28030395507812,97.58556405255598,96.41309258091438,97.49537068209852,126080000
2006-12-04,98.0226058959961,98.20299259000178,97.28721253571521,97.30109087819417,87813200
2006-12-05,98.4458236694336,98.48745870461396,98.0018119021897,98.2099447337893,73374400
2006-12-06,98.3625717163086,98.56377066216713,98.1683172358022,98.42500838802665,53253200
2006-12-07,97.93241119384766,98.72330724153423,97.89772063491698,98.53598669216647,62857400
2006-12-08,98.11280059814453,98.4458067197239,97.66878890734746,97.91161226675197,79625500
2006-12-11,98.39727020263672,98.57764635302844,98.05731954135791,98.11282233826523,39779400
2006-12-12,98.3209457397461,98.4250068576582,97.7451161864572,98.30013351616367,77451600
2006-12-13,98.42501068115234,98.75108297804393,98.20994397172927,98.67476795991875,55520200
2006-12-14,99.29220581054688,99.37546528062377,98.40418242760077,98.41806077029254,64755200
2006-12-15,99.30128479003906,99.68498586551432,99.23152773226158,99.5105772534853,70857400
2006-12-18,99.02922058105469,99.67802623709339,98.88969580240862,99.44082240383098,48954600
2006-12-19,99.21757507324219,99.45476823798518,98.49901242148376,98.75016125622845,65023600
2006-12-20,99.16173553466797,99.5245083386928,99.0710396723982,99.25940390747608,41469600
2006-12-21,98.79899597167969,99.36407822198166,98.58971413457365,99.25246479054438,48698400
2006-12-22,98.19207000732422,98.81993688966709,98.13625796188454,98.81296437588433,62069100
2006-12-26,98.7710952758789,98.79202345958969,98.2129855384567,98.23391372216749,32696900
2006-12-27,99.41989135742188,99.48268655430454,98.94550499466912,98.97340569157188,39727100
2006-12-28,99.21060180664062,99.55243588115502,99.05712137296011,99.35012657042552,37288800
2006-12-29,98.79899597167969,99.44081844393982,98.66644371147397,99.10595685951232,45461200
2007-01-03,98.62457275390625,99.66405185300691,98.06647374410943,99.23849443875027,94807600
2007-01-04,98.83390808105469,99.09901267725476,98.09441699171859,98.52694710546743,69620600
2007-01-05,98.04554748535156,98.64551357833398,97.93393405612,98.59668469899347,76645300
2007-01-08,98.4990005493164,98.65248096566444,97.84322252402133,98.24087923321103,71655000
2007-01-09,98.41533660888672,98.78508216470088,97.9479119714767,98.5827621314826,75680100
2007-01-10,98.7431869506836,98.76412578009185,97.87812694405783,98.07346376136417,72428000
2007-01-11,99.17572784423828,99.49663376843856,98.71528649728153,98.77109853737248,54476800
2007-01-12,99.92916870117188,99.92916870117188,99.14083831694059,99.16873901286084,55370600
2007-01-16,99.73389434814453,100.06875613416666,99.5734306496832,99.81063461630212,44871300
2007-01-17,99.77571105957031,100.08267201012112,99.57339104895273,99.65711444595932,50241400
2007-01-18,99.4407958984375,99.9430934837253,99.28034297801527,99.8803089468282,68177300
2007-01-19,99.63616943359375,99.83150625185823,99.38502057510253,99.44082197027106,56973000
2007-01-22,99.3292236328125,99.83152142614367,99.01527952818564,99.81059323850987,60253600
2007-01-23,99.62220001220703,99.81753680351072,99.10594669515771,99.24547145393797,54064400
2007-01-24,100.42448425292969,100.44541243634735,99.69894905598245,99.74080542281779,55834700
2007-01-25,99.24546813964844,100.40354382445847,99.0710595357333,100.36168746272786,73583800
2007-01-26,99.1548080444336,99.51757036811297,98.77110688952361,99.4617689683616,67255600
2007-01-29,99.0990219116211,99.62224799283867,98.88275683459439,99.19669035431257,66114600
2007-01-30,99.61521911621094,99.66405863767388,99.10594894482728,99.30826889794945,70407600
2007-01-31,100.28494262695312,100.55004709909791,99.34313195121676,99.50359552386014,91868600
2007-02-01,100.88493347167969,100.91981732845777,100.3965914119623,100.5640168924034,69312400
2007-02-02,101.02442169189453,101.12209006849076,100.72444405129707,100.9686096702603,49607000
2007-02-05,101.05237579345703,101.11516035247223,100.69657533558586,100.94772421670585,45705300
2007-02-06,101.08023834228516,101.1779067233539,100.68956481801017,101.13605036647517,57081300
2007-02-07,101.30352783203125,101.40816876698472,100.85704210113056,101.24073262599966,55669700
2007-02-08,101.17095184326172,101.24070890186442,100.6477260009849,101.00351574151262,70641000
2007-02-09,100.41751098632812,101.38722250927901,100.03380988478835,101.1988582148763,79084400
2007-02-12,100.07564544677734,100.48724715874492,99.89426434787352,100.41749011073055,65657000
2007-02-13,100.91978454589844,101.08720997195341,100.29190726302703,100.29889041914937,64081800
2007-02-14,101.58255767822266,101.78486699483143,101.00351977888383,101.01747544918501,66039400
2007-02-15,101.71513366699219,101.81977460602376,101.45700160894779,101.62443775645822,38715200
2007-02-16,101.66629028320312,101.68721847021715,101.31747297289016,101.4639809270478,39841800
2007-02-20,101.88252258300781,101.99414664126344,101.15698749445845,101.54766105329703,56911800
2007-02-21,101.8406753540039,101.9034705455633,101.4011728834304,101.58255401056732,63971600
2007-02-22,101.76398468017578,102.14768594847408,101.27564245009714,101.88956447937443,79067400
2007-02-23,101.36627960205078,101.70811364235867,101.17791533500892,101.67324043869496,71966200
2007-02-26,101.27558135986328,101.81973532300754,100.98257619855913,101.73602260407944,69192800
2007-02-27,97.31995391845703,100.59883195730878,96.97113687932278,100.3755945876895,274466500
2007-02-28,98.31761169433594,99.05012994939672,97.52929205446372,97.94089379904949,177536300
2007-03-01,98.02464294433594,98.54089642864396,96.30846762971504,97.20841166371474,212828600
2007-03-02,96.74095153808594,98.12924769094349,96.73397902698599,97.70369032263424,162574000
2007-03-05,95.8200912475586,97.37581301384243,95.80613557862979,96.224709840986,143750400
2007-03-06,97.45953369140625,97.75253889248596,96.07822041629983,96.81771125403299,143333300
2007-03-07,97.36184692382812,97.98972421774242,97.2502228744582,97.38277510245307,115144900
2007-03-08,98.18510437011719,98.4781096454023,97.71769043251521,98.04556892421574,117891600
2007-03-09,98.21297454833984,98.6594601593039,97.724632574638,98.58271994593242,107765100
2007-03-12,98.3594970703125,98.60366277089607,97.78045912798164,97.96184027513442,80366900
2007-03-13,96.447998046875,98.20604048556164,96.30149007487577,97.79442791902135,190605200
2007-03-14,97.16654205322266,97.22235409622697,95.40152744281406,96.57354841072829,231853800
2007-03-15,97.29910278320312,97.66187577173861,96.83168885809955,96.9502854678966,132435900
2007-03-16,97.02657318115234,97.79701874271272,96.73940613663677,97.5728852385229,121531600
2007-03-19,98.19629669189453,98.28735231473284,97.46087291555972,97.53791751474299,96161200
2007-03-20,98.7356185913086,98.79165200415687,98.02821679275044,98.1122615683825,82147400
2007-03-21,100.3605728149414,100.61271789946565,98.63059013926666,98.82670179530956,152368700
2007-03-22,100.28348541259766,100.6336861757716,100.01032924481315,100.49360800795786,118942200
2007-03-23,100.43057250976562,100.72473986271754,100.26247229924498,100.35352791585353,74416800
2007-03-26,100.2974853515625,100.61266386613245,99.5200393157417,100.50760792370178,113787500
2007-03-27,100.0593490600586,100.26947162723393,99.7301595318487,100.24144958506244,99864600
2007-03-28,99.3309555053711,99.78621224966706,98.9387216499693,99.55507844974949,152907900
2007-03-29,99.43598937988281,99.8842458563569,98.88967713315745,99.83521262759255,139432700
2007-03-30,99.45700073242188,100.04533535490651,98.4484209868611,99.62510091910781,128194100
2007-04-02,99.569091796875,99.77921440963755,99.09281316212788,99.569091796875,79416400
2007-04-03,100.64067077636719,100.84378246361871,100.09435858331676,100.13638095397044,82417800
2007-04-04,100.75277709960938,100.82281084909346,100.26949827286283,100.64071027569818,63995200
2007-04-05,101.02591705322266,101.16599521693966,100.5846606845992,100.62668306498642,46822800
2007-04-09,101.16595458984375,101.41809945818738,100.9628322498387,101.31303286213405,50967400
2007-04-10,101.28507995605469,101.45318019436749,101.04694596723876,101.08896835499678,56620000
2007-04-11,100.87186431884766,101.46019923143197,100.53566377970002,101.4321878634777,106365700
2007-04-12,101.320068359375,101.50216887464396,100.3955333881392,100.67570035848814,115534400
2007-04-13,101.7823486328125,101.78234863281249,101.10995850677384,101.48817060516662,84287000
2007-04-16,102.74893188476562,102.86099872676554,102.13258562833055,102.13958579822469,83064600
2007-04-17,103.02202606201172,103.23914875801914,102.71384777582989,102.9379813247897,108424100
2007-04-18,103.14813995361328,103.44930749224157,102.6578610027768,102.67887219443554,88345300
2007-04-19,103.12013244628906,103.2391994449033,102.51078642770992,102.64386445183206,102947700
2007-04-20,104.09366607666016,104.09366607666016,102.98703043942551,103.81350975542951,124114100
2007-04-23,103.70143127441406,104.17069893763532,103.63839771232705,103.91855400200984,77270800
2007-04-24,103.74352264404297,103.93963431470098,103.18320969203975,103.82056727803608,114471000
2007-04-25,104.69599151611328,104.82206931735271,103.67341152304806,104.17069050004818,108418800
2007-04-26,104.81510162353516,104.92016828237728,104.42988926962354,104.70304548296355,88741600
2007-04-27,104.73102569580078,104.8781146995182,104.24774699580063,104.42284735450922,108191100
2007-04-30,103.862548828125,104.87813970055538,103.80652610478786,104.80809526546352,100874100
2007-05-01,104.12873077392578,104.68905433228181,103.42832899780147,103.9536303298947,134342700
2007-05-02,104.7380142211914,105.02518134250178,104.18470185157464,104.28975778021183,87129800
2007-05-03,105.30538177490234,105.34039330406075,104.87112552817057,105.03922575470673,86569700
2007-05-04,105.7046127319336,105.84469092049706,105.21433372832105,105.5855457372906,96409000
2007-05-07,105.72560119628906,105.9007015661694,105.62754541664721,105.67657865010736,63461400
2007-05-08,105.58554077148438,105.70460776052752,105.15129520117644,105.46647378244124,80584000
2007-05-09,105.87271881103516,107.03538814608393,105.31939550785641,105.50850695085383,102070100
2007-05-10,104.76606750488281,105.77464746969628,104.54894472942875,105.57152503071813,153617800
2007-05-11,105.6625747680664,105.71159731756075,104.8641174549487,104.88512864577186,113408900
2007-05-14,105.43144226074219,105.97075443539728,104.91314127716515,105.66257604988009,108027500
2007-05-15,105.45946502685547,106.22290014064714,105.19330902167772,105.55050995972205,180673300
2007-05-16,106.18086242675781,106.20187361494548,105.32637181620005,105.62053913810517,114166500
2007-05-17,105.97074127197266,106.43300879282671,105.83766328682273,106.02677467031356,101132800
2007-05-18,106.89529418945312,106.89529418945312,106.32797057466638,106.46804876430939,99182000
2007-05-21,106.8392333984375,107.32251211305375,106.81122204259917,106.86725544155391,174664600
2007-05-22,106.75525665283203,107.27355790789223,106.72724527914887,106.9513683304689,82148800
2007-05-23,106.76924133300781,107.5116654561601,106.71320791218545,107.12644236755781,133786600
2007-05-24,105.80262756347656,107.30849689744915,105.57850468601661,106.83221841602229,187593000
2007-05-25,106.24394226074219,106.47507611874353,105.88673053142992,106.11086421941272,83309200
2007-05-29,106.62915802001953,106.81125861351295,106.07583469543897,106.41903537381529,82020000
2007-05-30,107.49761962890625,107.53964200909854,105.99876084080138,106.08281628846476,129013600
2007-05-31,107.3855209350586,107.78474407588183,107.2454321402544,107.63065495141684,114866700
2007-06-01,107.91786193847656,108.14198485597441,107.51862796269813,107.7777837791306,107771700
2007-06-04,107.931884765625,108.13499651580018,107.49762853069376,107.5396509143659,78008800
2007-06-05,107.5046615600586,107.79181813680691,107.06340506592836,107.67976198632843,126917900
2007-06-06,106.34898376464844,107.12643002213079,106.28595018121823,107.06339643870058,164096800
2007-06-07,104.42990112304688,106.81126270516725,104.40187906926259,106.15288337590468,232414600
2007-06-08,105.7886734008789,105.89374007354687,104.42289215445427,104.7660928521845,175886000
2007-06-11,105.97074127197266,106.42599793848537,105.55049612805479,105.71158546873619,102015600
2007-06-12,104.81510162353516,106.13886030161068,104.74506787158802,105.52951429199398,233898000
2007-06-13,106.38404083251953,106.51011872796003,104.86417003958236,105.410482649494,193208200
2007-06-14,107.06346130371094,107.24556199526309,106.48212630066034,106.50313750786684,146396500
2007-06-15,107.67255401611328,108.08756943076784,107.57406486686406,107.72178785739555,154030800
2007-06-18,107.54596710205078,107.89767737587964,107.38418338142633,107.89064703440754,88537500
2007-06-19,107.8132553100586,107.89063198884443,107.17314012495244,107.30679172770473,110851700
2007-06-20,106.31492614746094,108.03127311322318,106.1883156663835,108.03127311322318,177119700
2007-06-21,106.90584564208984,106.99729374266478,105.68893117038972,106.272771479166,205262000
2007-06-22,105.89991760253906,106.75809114042362,105.4075255890006,106.58223608320696,204964700
2007-06-25,105.3934555053711,106.39231095493051,104.82368683015363,105.68186037883754,232014400
2007-06-26,104.31019592285156,105.83662748297328,104.30316558356093,105.66077240062532,198445700
2007-06-27,105.79439544677734,105.91398632799356,104.14839472895021,104.19763929572636,213638000
2007-06-28,105.78038024902344,106.50490251922125,105.28094696179382,105.78038024902344,157705000
2007-06-29,105.81550598144531,106.67367956884233,104.91512889521591,106.1461143667544,199701800
2007-07-02,106.77217864990234,106.86362673730589,106.05469756415371,106.12503316471188,103357000
2007-07-03,107.15906524658203,107.27161509087664,106.91287453719949,107.04651540228743,54048400
2007-07-05,107.04645538330078,107.31375843029257,106.65958295213422,107.20120864910257,89279000
2007-07-06,107.60922241210938,107.74287397144492,106.87062903333039,107.18717671947908,81109000
2007-07-09,107.69364929199219,107.87653470101107,107.35599982917654,107.73585279150872,72348100
2007-07-10,106.16020965576172,107.34899189585688,106.05470088494899,107.12389220699781,180362600
2007-07-11,106.91287231445312,106.95507582185022,105.87884344984998,106.04062713932001,175607600
2007-07-12,108.60111236572266,108.85434422588898,107.15909790459071,107.18019966515897,133882500
2007-07-13,108.92466735839844,109.35375428737504,108.60108920976654,108.72771047952509,111794300
2007-07-16,108.91055297851562,109.4029449814526,108.73469792508523,109.02310278871285,98378700
2007-07-17,108.85429382324219,109.36778764821956,108.8050492491531,108.98090432802748,126201300
2007-07-18,108.65734100341797,108.88947100409965,107.83434049191524,108.48851625746512,237887400
2007-07-19,109.07939147949219,109.40295880802645,108.85429183064919,109.17082882016038,145212700
2007-07-20,107.9749984741211,109.02309841451732,107.50370823783749,108.95275210263131,245502500
2007-07-23,108.3056640625,108.83322948045722,107.83437357712639,108.45337636885432,121183900
2007-07-24,106.42747497558594,108.52366409867221,106.04762206916124,107.70769411697631,256732400
2007-07-25,106.64562225341797,107.19428958961045,105.68896958689152,106.93402734210477,265214500
2007-07-26,104.1202621459961,106.07576946467675,102.97368377281018,105.64668270865889,467592500
2007-07-27,102.07331848144531,104.71817490188813,102.03111498147501,104.25392566887304,422987600
2007-07-30,103.67009735107422,103.97256295754462,102.19994062347102,102.65012923000715,283017500
2007-07-31,102.5024185180664,105.13321460033892,102.02408707886087,104.33834613715467,316976700
2007-08-01,103.00182342529297,103.40980846371961,101.2573441874291,102.1225481010997,467670000
2007-08-02,103.82479858398438,103.93733762913085,102.1787875903326,103.23391761361155,294758400
2007-08-03,101.15184783935547,103.81077588693532,100.72979133867756,103.59974763659636,359398200
2007-08-06,102.84708404541016,103.28320118512082,100.25849182904285,101.44024348289406,324980000
2007-08-07,103.94438934326172,104.8095930456189,102.15769631020363,102.65712929503636,232568700
2007-08-08,105.3934555053711,105.92805102203441,103.64193524944913,104.39460005581167,274930600
2007-08-09,102.27030181884766,104.7744769775255,102.19995547843081,103.70527485658798,357622100
2007-08-10,101.79195404052734,103.05107162646705,100.67350763140549,101.56685439759859,411018400
2007-08-13,102.15768432617188,103.3253641105341,102.00997213578312,103.0510307379032,181917200
2007-08-14,100.59611511230469,102.74154878738146,100.39212798473217,102.4883170956783,264134500
2007-08-15,99.21035766601562,101.61606364686995,98.91492253737377,100.39210891392109,323834000
2007-08-16,99.95601654052734,100.54688694332671,96.3685691616128,98.3311068328181,546743700
2007-08-17,101.79195404052734,102.56570991307598,99.45659354517947,102.34765134232734,388218100
2007-08-20,101.7426986694336,102.32653873130046,100.79307709330328,102.1155105217892,187320400
2007-08-21,101.94668579101562,102.67824881942416,101.39098854828849,101.71456656726546,157066400
2007-08-22,103.15657806396484,103.26209754422611,102.22806889104645,102.70638952153803,173156700
2007-08-23,103.06513214111328,103.8599896794839,102.42501717421911,103.64193113178912,203915300
2007-08-24,104.33836364746094,104.33836364746094,102.89634948139673,103.03703143418092,128901900
2007-08-27,103.36759948730469,104.33832282843773,103.21284617978085,104.00068412717698,113024300
2007-08-28,101.09553527832031,102.87518723124326,100.91264992057779,102.81188199971763,219790700
2007-08-29,103.07921600341797,103.21990866369153,101.26440089933094,101.55279509286848,207654200
2007-08-30,102.80486297607422,103.5364260306055,102.21399255511194,102.31247095860566,191817300
2007-08-31,103.81781768798828,104.45793284912688,103.28322203033997,103.86002119604686,185477500
2007-09-04,104.86585235595703,105.49892604733616,103.6841012031556,103.71927434897381,120062000
2007-09-05,103.95845794677734,104.35941257927011,103.40276075789073,104.246862780675,166261800
2007-09-06,104.19763946533203,104.53527816184447,103.48717818168922,104.07101824580195,127878400
2007-09-07,102.7486343383789,103.32543354880269,102.17885473538392,103.03702857691844,235447600
2007-09-10,102.55166625976562,103.20585288242226,101.52467837761773,103.06517093418422,192305900
2007-09-11,103.7474365234375,103.89514873677247,102.79078473864368,102.86816138055124,162081900
2007-09-12,104.01477813720703,104.41573294428747,103.38873436826549,103.60679298965552,149554600
2007-09-13,104.74632263183594,105.1261648827074,104.24688948098964,104.49309088680754,154079000
2007-09-14,104.7392578125,104.87290936059401,103.92329858204268,104.07805187632627,121911000
2007-09-17,104.17656707763672,104.56343971669686,103.84595862606835,104.32427935315403,109870800
2007-09-18,107.24342346191406,107.27155554069866,104.197613416594,104.69000529535911,263759500
2007-09-19,107.87654876708984,108.60107089217233,107.4193298182548,107.91172193238711,193779900
2007-09-20,107.11685180664062,107.92578092914995,106.99727163316882,107.86247567260774,175186800
2007-09-21,107.40592956542969,108.21869631185548,107.24337837299709,107.92893395602242,141457500
2007-09-24,107.2080307006836,108.00667000596859,106.97479946681464,107.72396057812958,139450200
2007-09-25,106.99600219726562,107.18682971457835,106.34578668433338,106.58608161175705,142289900
2007-09-26,107.56140899658203,107.97132957722502,106.99600092727232,107.60381271453443,135547000
2007-09-27,108.19746398925781,108.20453846363013,107.5613867828119,108.07025286167251,102713300
2007-09-28,107.83702850341797,108.26815088129301,107.41296981610269,108.02785599113588,133372100
2007-10-01,109.05261993408203,109.3706584642024,107.78045502934324,107.8511350512621,148162300
2007-10-02,108.90422058105469,109.30000291018276,108.70632941649065,109.27173736564202,112978800
2007-10-03,108.68511199951172,109.13037244815425,108.1409059827551,108.70631385094632,119055900
2007-10-04,108.85478210449219,109.02439698532211,108.55087080256773,108.9183876848034,76864400
2007-10-05,110.14811706542969,110.3248063704533,109.28587239417365,109.56857096850771,134579700
2007-10-08,109.56153106689453,109.8937078952027,109.38484172350772,109.8230278441433,71280400
2007-10-09,110.59336853027344,110.60750669449159,109.56857270177701,109.97142950004816,94054300
2007-10-10,110.4096450805664,110.56513257579954,109.83717329550916,110.28242313707457,101711100
2007-10-11,109.87947845458984,111.32833202369544,109.22218903536516,110.9113373236485,233529100
2007-10-12,110.48735809326172,110.50149625733067,109.7381971614983,109.87248275950483,124546700
2007-10-15,109.554443359375,110.50857001213022,108.7982186688314,110.44496444441597,161151900
2007-10-16,108.68511199951172,109.20811616483377,108.46601901184893,109.13037244815425,166525700
2007-10-17,109.01729583740234,109.61096928485878,107.75926891025276,109.53322556310195,216687300
2007-10-18,108.62151336669922,108.97489195880416,108.19039105296085,108.45188776015569,148367500
2007-10-19,105.7803955078125,110.59341243818052,105.77333181502875,108.19750490430405,297169900
2007-10-22,106.39527130126953,106.5507588169281,105.0665745096378,105.20792385543729,261989800
2007-10-23,107.25753021240234,107.39181588278463,106.19033011158643,107.04551155839371,180085100
2007-10-24,107.05960083007812,107.24336464381497,105.19376184922827,106.8687841094056,326694200
2007-10-25,107.31397247314453,107.63201094312183,105.92873489325291,107.17968692744729,237374500
2007-10-26,108.57212829589844,108.57212829589844,107.35650403383005,108.17634565880977,176484000
2007-10-29,108.93250274658203,109.15159577735577,108.52258223108976,108.7911426635252,106841000
2007-10-30,108.1762466430664,108.66391079749256,108.04196106033942,108.45188149762143,132981600
2007-10-31,109.29998779296875,109.73818455469065,108.02075909030212,108.8264618015222,220954400
2007-11-01,106.74153137207031,108.42361683798924,106.43055650096682,108.33879864679668,333040800
2007-11-02,106.86173248291016,107.42714064314788,105.45529195141874,107.09496375341811,331228200
2007-11-05,106.04901123046875,106.83351282859532,105.28571150383738,105.75923794101023,226841000
2007-11-06,107.47657775878906,107.50484330307695,105.942905070747,106.62139676051149,177800500
2007-11-07,104.5364761352539,106.81223553238351,104.28204307270958,106.3245712638185,306639700
2007-11-08,104.00640106201172,104.88277316326214,102.52928097552481,104.59301088244287,374509900
2007-11-09,102.57879638671875,104.27501029241067,102.4021069888648,102.96751521885044,277745100
2007-11-12,101.5610580444336,103.6177251085495,101.5610580444336,102.62826884966096,243087800
2007-11-13,104.65666198730469,104.81921320838747,102.63533491099534,102.74134423251354,191117400
2007-11-14,104.3668441772461,105.5895312278466,103.73783064186964,105.46232009641004,230558800
2007-11-15,102.8614730834961,104.23965871905325,102.14058825928834,103.58944316829542,263111100
2007-11-16,103.03815460205078,103.51875523254373,102.17592051229869,103.40567146251458,308770600
2007-11-19,101.60344696044922,102.73426319227104,101.20060082243683,102.67772130225366,267746000
2007-11-20,102.22534942626953,102.85436283182744,100.43725477504563,101.7871634627427,414767500
2007-11-21,100.13333129882812,101.70940724770973,100.12626761082765,101.12279761597561,259012400
2007-11-23,101.86492919921875,102.01334218734961,100.8542606911051,101.11576821538829,77688400
2007-11-26,99.61746215820312,102.39502459296682,99.41250723920389,102.07697510750904,214232000
2007-11-27,100.76240539550781,101.22885707282633,99.61745110033223,100.17579547278012,293897900
2007-11-28,103.9852066040039,104.22550150148807,101.87199836207246,101.90733838446972,258596900
2007-11-29,104.0205307006836,104.40218566889261,103.25724233278596,103.62474835162254,199409900
2007-11-30,105.0665512084961,105.92172157069899,104.12656263021303,105.33511167067596,222908000
2007-12-03,104.37390899658203,104.91811511688744,104.09827409122789,104.7343621080714,146430400
2007-12-04,103.44096374511719,104.27493189957181,103.40562373526167,103.65299301999347,136533900
2007-12-05,105.17254638671875,105.44818128740775,104.47992728985461,104.5505965454677,171130000
2007-12-06,106.67796325683594,106.8687907736697,105.0029516764674,105.04535539481668,154457400
2007-12-07,106.65676879882812,107.0737531038809,106.40233568681474,107.01721121407094,148980100
2007-12-10,107.48365020751953,107.60379765298796,106.6214054489715,106.91824221735125,123914300
2007-12-11,104.5364761352539,108.0561245135665,104.47993425643732,107.52605653195421,250346400
2007-12-12,105.5683364868164,107.2645605100988,104.03467441033801,106.76275807234263,322435600
2007-12-13,105.34925079345703,105.58248201733662,104.10536171702736,104.82625724681326,237551300
2007-12-14,104.01349639892578,105.37754393476851,103.9640289834464,104.55062819809342,159152900
2007-12-17,102.52928161621094,103.80143606588005,102.38085784547754,103.61768305930252,177269400
2007-12-18,103.10174560546875,103.52579346239267,101.74477305164558,103.25723305495195,245569300
2007-12-19,103.10174560546875,103.81556650772585,102.43739210026945,103.14414931273521,198917200
2007-12-20,103.75198364257812,103.7943873591204,102.6070293746285,103.78024919218578,214813800
2007-12-21,105.24759674072266,105.45363937510027,104.5086620459629,104.70760350036063,146084400
2007-12-24,106.02916717529297,106.20679427810559,105.49628586685509,105.73786696621872,45601400
2007-12-26,106.25650024414062,106.34885893511304,105.51046448854896,105.61703637870731,67093100
2007-12-27,104.9207534790039,105.88704514650118,104.67208209284018,105.87994396683789,122981700
2007-12-28,104.65789031982422,105.58865459657964,104.37368045266743,105.5389138042655,116398100
2007-12-31,103.88343811035156,104.87814553543858,103.77685534527221,104.51579015376355,108126800
2008-01-02,102.97394561767578,104.43760157951273,102.22792069973997,104.11076304552141,204935600
2008-01-03,102.92422485351562,103.37184851735795,102.36292810995555,102.95975243408168,125133300
2008-01-04,100.40190124511719,101.9152870181732,100.11770233217882,101.84423186919183,232330900
2008-01-07,100.31665802001953,101.05558180374422,99.54220665674666,100.75716965023068,234991000
2008-01-08,98.69668579101562,101.53160625814932,98.3627461064846,100.94899523591006,326365700
2008-01-09,99.73404693603516,100.0324591220559,97.83699106965568,98.82459717630634,301824900
2008-01-10,100.38772583007812,101.4606004394308,99.02355101984935,99.2438068864986,335701200
2008-01-11,99.57774353027344,100.82113317541813,98.76066324292016,100.02536727180467,267076600
2008-01-14,100.380615234375,100.79271136363165,99.75536443943432,100.29535770470005,170365500
2008-01-15,98.17093658447266,100.5298294903504,97.97909629598334,99.32195663241468,239940100
2008-01-16,97.32544708251953,98.84593477305886,96.82809332234291,97.59544377011493,378802600
2008-01-17,94.80313873291016,97.96491005707888,94.44788450246412,97.91516926089704,397892600
2008-01-18,93.82974243164062,95.93285217488332,93.14766040353375,95.73391067989395,348561500
2008-01-22,92.87764739990234,94.0926105420266,89.524047300378,90.3837617072966,435923700
2008-01-23,95.10867309570312,95.34314221364467,90.12090013562819,90.29852726968997,511913000
2008-01-24,95.91151428222656,96.24545403300621,94.71785476334496,95.54914812970208,259949300
2008-01-25,94.52603149414062,97.16912357390457,94.2134169092042,96.99149647629407,269603900
2008-01-28,96.08914184570312,96.28808329296476,93.82971992109492,94.68232767242989,217934600
2008-01-29,96.565185546875,96.94885525818721,95.83336286601383,96.7001838583633,168968300
2008-01-30,95.85466003417969,98.43379732491636,95.63440423561894,96.33069920818063,334939200
2008-01-31,97.6025390625,98.43383262038446,94.63972022547644,94.78181974245273,343680800
2008-02-01,99.17276000976562,99.194074393637,97.70911449594483,98.00752671164153,206843600
2008-02-04,97.92224884033203,98.97379797843196,97.79435172216716,98.9098548400971,124694300
2008-02-05,95.30049133300781,96.80676561122067,94.97365271187806,96.58650975070812,286882500
2008-02-06,94.53313446044922,96.09625060137748,94.07840956778833,95.62021132636504,250792900
2008-02-07,95.15834045410156,95.76937782695262,93.59522487098043,93.64496563971484,297368100
2008-02-08,94.54730987548828,95.36438978306592,93.85811621090862,94.56151223038209,221643500
2008-02-11,95.03050231933594,95.3715433294232,93.81552813624631,94.56867617737397,188576300
2008-02-12,95.91151428222656,96.84937955138751,95.19389399836165,95.85467232023261,256654400
2008-02-13,96.89205169677734,97.38230435218138,96.01812917799221,96.63626817402309,181967800
2008-02-14,96.03938293457031,97.33961411755782,95.76938637503925,97.30408654264683,215207200
2008-02-15,96.01805114746094,96.07489308871293,95.14412933888167,95.56332645893683,154110300
2008-02-19,96.28811645507812,97.26150964595662,95.64155110804957,97.1407245000556,145190000
2008-02-20,96.57230377197266,97.0199275487562,95.03760297285612,95.20102771639503,220085700
2008-02-21,95.76939392089844,97.34672296608258,95.25783799954979,97.09805160509977,201051200
2008-02-22,96.35913848876953,96.52256321435206,94.39813935525207,95.89731240011592,205491000
2008-02-25,97.57411193847656,97.80146897040956,95.7623134975083,96.30229593465896,190107000
2008-02-26,98.3059310913086,98.72512839602776,96.98438518913741,97.1620122682384,212420700
2008-02-27,98.20646667480469,98.86013306694386,97.63095663615482,97.73752855386878,168395800
2008-02-28,97.24727630615234,98.02173866240847,97.01991926726319,97.51017177303629,170831100
2008-02-29,95.08020782470703,96.40174260350142,94.3412732620219,96.34491149082798,252715200
2008-03-03,94.85287475585938,95.0731306330123,93.95763804312544,94.59709128914994,189483500
2008-03-04,94.49050903320312,94.7818092161288,93.06949233825968,93.95051575056654,282513100
2008-03-05,95.08734130859375,95.75522094510264,94.02867988035118,94.79603026007428,270681400
2008-03-06,93.11920928955078,94.65390970787054,92.75685398584841,94.48338382533652,247911700
2008-03-07,92.16004180908203,93.60237287599104,91.35716391336041,92.2026705749616,326434600
2008-03-10,90.94509887695312,92.31637524203688,90.65378775515273,92.25243207134918,235683600
2008-03-11,94.2134017944336,94.29865931832941,91.62004008047798,92.87764276542089,341440600
2008-03-12,93.33235931396484,95.04468670963203,93.19025983963243,94.31286411739991,229161100
2008-03-13,93.5384521484375,94.2418595600765,91.37140960797032,92.08901938562167,351504200
2008-03-14,92.0889892578125,94.3626138485385,90.78875765401514,94.33419828430945,484687800
2008-03-17,91.15821838378906,91.84030029046899,89.57378246662134,89.92903662178692,405311100
2008-03-18,94.94525146484375,94.98788023892001,92.35188901304763,92.80661400569285,334416600
2008-03-19,92.59343719482422,95.66992827217702,92.3944849174147,95.30757297993907,345971600
2008-03-20,94.30852508544922,94.90116778244975,92.29496718273647,92.85905364278804,245320700
2008-03-24,96.19357299804688,96.97185863749483,95.13681768507298,95.18679383407974,208977300
2008-03-25,96.28643035888672,96.78624648315605,95.51528081208217,96.29356669809972,192947200
2008-03-26,95.10821533203125,96.45772338793563,95.0439556377422,96.00789463274542,196934300
2008-03-27,94.80835723876953,95.99364283646356,94.50846767101028,95.82227269981378,225153200
2008-03-28,93.90150451660156,95.22245625974823,93.58019516953422,94.95827026918538,180896100
2008-03-31,94.22997283935547,94.77262845104592,93.60162673464305,93.74442969612289,166692100
2008-04-01,97.54306030273438,97.70728317822284,95.3295760706645,95.40098300531264,254547300
2008-04-02,97.60736083984375,98.29996699403486,97.09326120178079,97.85727432049241,210910800
2008-04-03,97.8501205444336,98.13573748824545,96.90047552987974,97.07898203407252,175884800
2008-04-04,97.74301147460938,98.50702446778159,97.19320844462747,97.90723439181438,204446800
2008-04-07,97.79299926757812,98.94258148713689,97.6359126863834,98.44275460415112,154245500
2008-04-08,97.6930160522461,97.76441209577796,97.07180619202083,97.24317630780179,148937300
2008-04-09,96.986083984375,97.67868958393224,96.31489827798637,97.54302299708803,195610600
2008-04-10,97.12179565429688,97.58590808193982,96.32207932251089,96.6933758017269,192967800
2008-04-11,95.23675537109375,96.47915316861112,94.97255844223167,96.02932436734393,222973300
2008-04-14,94.91542053222656,95.35097659667056,94.64409820506722,95.10107416651942,160522000
2008-04-15,95.13680267333984,95.45811210822063,94.48703657258298,95.37956883345696,172389200
2008-04-16,97.71443939208984,97.75727919874976,96.05075789738949,96.06503056949641,189268900
2008-04-17,97.85722351074219,98.00002647046347,96.8647282322032,97.1217779177685,179665700
2008-04-18,98.87831115722656,99.64946049573108,98.72122457557722,99.20676789026737,218530600
2008-04-21,98.92828369140625,99.23530957720881,98.42846777546612,98.69979018973658,118587400
2008-04-22,98.49271392822266,98.75689996988571,97.75012104519433,98.6712203661395,162166000
2008-04-23,98.33564758300781,99.09251329195942,97.9072276859704,98.59983367891756,193309000
2008-04-24,98.76405334472656,99.7779686677528,97.85009030217701,98.59268323140432,229381300
2008-04-25,99.67800903320312,99.88507172755058,98.47130365171687,99.53519515277658,190788100
2008-04-28,99.69945526123047,100.14214790096857,99.5209487587332,99.87796176372774,105610200
2008-04-29,99.30673217773438,99.77084469531792,98.971139103726,99.52807848289488,125514100
2008-04-30,98.7212142944336,100.38489590306116,98.7212142944336,99.45666007957676,208395900
2008-05-01,100.76333618164062,100.76333618164062,98.72836880962997,98.80691209806926,187279500
2008-05-02,101.04178619384766,101.65584881253798,100.36346386853333,101.63442891032999,181585500
2008-05-05,100.55626678466797,101.11320610386775,100.25637722011197,100.71335335112641,118504500
2008-05-06,101.42740631103516,101.53450586440407,99.7423043352668,99.97793424785169,179339800
2008-05-07,99.62088775634766,101.4202250197553,99.3424181159272,101.31312550235116,199267300
2008-05-08,99.36383819580078,100.19211078242874,99.23530787951799,99.77797448911475,178321200
2008-05-09,99.17816925048828,99.5280457794312,98.85685985195636,98.96397024824564,152588200
2008-05-12,100.29209899902344,100.36349506351844,99.05682614684659,99.42812272580666,147865900
2008-05-13,100.30631256103516,100.59906566990111,99.77079336464591,100.53480598117423,159132200
2008-05-14,100.513427734375,101.53447952890096,100.29208145137541,100.72763768072541,181910800
2008-05-15,101.77005004882812,101.8414569543718,100.55620892073438,100.70614816914635,166927000
2008-05-16,101.86292266845703,102.01286198431687,101.11319340365078,102.00572564861798,204236800
2008-05-19,102.14140319824219,103.03393553850091,101.60588379408695,101.97003306665125,165664400
2008-05-20,101.31311798095703,101.63442740448542,100.6776354694742,101.5844512651302,178552100
2008-05-21,99.59949493408203,101.47737598590726,99.24961825681386,101.25602965964126,252724800
2008-05-22,99.61371612548828,100.08497567697457,99.24956696033995,99.55659276514143,170820400
2008-05-23,98.2785415649414,99.72087718491193,98.19286192846657,99.2853208742107,181376400
2008-05-27,99.00682067871094,99.24958683742952,98.19996803307482,98.39275805096035,168322900
2008-05-28,99.4638442993164,99.9636604223935,98.53560813064502,99.37101741389696,181288100
2008-05-29,99.96358489990234,100.62762348420054,99.30668264940864,99.34238610876325,173927200
2008-05-30,100.21351623535156,100.49198583611158,99.92076306924876,100.29919583707216,117362000
2008-06-02,99.17816925048828,99.86363874316862,98.53555045342443,99.84221884294435,181069900
2008-06-03,98.5998306274414,99.69228934638969,97.98576793811615,99.46380673149925,271965700
2008-06-04,98.54985809326172,99.3638471861361,98.15000533117194,98.3213645748272,246637700
2008-06-05,100.5205078125,100.59905105236435,98.76401120486379,98.94965391037753,237867100
2008-06-06,97.31460571289062,99.82084412522273,97.26462955480233,99.64233761244343,384276300
2008-06-09,97.55017852783203,98.17852457154319,96.6862136128957,97.7215486020714,228263900
2008-06-10,97.06466674804688,97.8929392717118,96.64339415064049,96.87187673586288,260234900
2008-06-11,95.63658142089844,97.29311498829453,95.62943419267872,97.08605237805689,283890100
2008-06-12,96.00074768066406,97.01466280909952,95.33670904742475,96.10785806662219,252791800
2008-06-13,97.21460723876953,97.478804190568,95.97934566905306,96.5148650131414,244726900
2008-06-16,97.27174377441406,97.77155971750831,96.7219516845956,96.78621139974261,185832500
2008-06-17,96.80046844482422,97.9071995530133,96.65765459006793,97.87150698449166,191707700
2008-06-18,95.85795593261719,96.76477167625814,95.47238682553318,96.17212900255063,265893000
2008-06-19,95.97935485839844,96.56486129367423,95.32245237417656,95.78656482542104,304204900
2008-06-20,94.42144012451172,95.50500794584838,94.1631046966194,95.32560864730272,289275700
2008-06-23,94.328125,94.88784979316476,94.23484483424683,94.78738664951112,165096400
2008-06-24,94.14160919189453,95.03860598509473,93.42401175733437,94.04114598904282,267300600
2008-06-25,94.58647918701172,95.72745603479947,94.17745450275315,94.52189807102305,287853900
2008-06-26,92.01748657226562,94.30662340918242,91.90985137133339,93.69667235445914,297775000
2008-06-27,91.51518249511719,92.4695882149702,91.16356135221504,92.05338046836519,303423400
2008-06-30,91.83808135986328,92.50544689706541,91.35011510174955,91.77349477247907,258842600
2008-07-01,92.1251449584961,92.18972608763279,90.36702828705812,90.79040806650875,388622000
2008-07-02,90.54644012451172,92.68488278481311,90.38139031363318,92.41936430111697,288064600
2008-07-03,90.63970947265625,91.21378947891172,89.6924812947176,91.21378947891172,239352500
2008-07-07,89.71399688720703,91.3788221230772,88.92464108547094,90.98414695962515,372427300
2008-07-08,91.30708312988281,91.41472382481349,89.12558658029813,89.6924891304221,375973700
2008-07-09,89.54895782470703,91.66586743575813,89.26191784147156,91.49364563574976,336729400
2008-07-10,89.91496276855469,90.26658398646727,88.6806942772961,89.29065101546439,436475700
2008-07-11,88.86722564697266,90.34547945259618,87.8984706197563,88.96051677744545,481124600
2008-07-14,88.06353759765625,90.05845712655817,87.83390669090852,89.88623531520555,322720800
2008-07-15,86.82209777832031,88.61609106932109,86.12602750543871,87.40335532749103,502502500
2008-07-16,88.95335388183594,89.39108863951178,86.90102532202768,87.15218326294844,371642900
2008-07-17,89.8431625366211,90.60381925160058,89.04662924842309,89.80010845882613,375490600
2008-07-18,90.40288543701172,90.71862443941893,89.80727852761393,90.53922516368452,267030100
2008-07-21,90.453125,90.99132287471281,89.83599099900941,90.7832190395107,222863000
2008-07-22,91.47933197021484,91.70896295187735,89.59204703593025,89.80732847647893,296904200
2008-07-23,91.97441864013672,92.67766072953282,91.5295119437359,91.77349232888069,311698400
2008-07-24,90.06562042236328,92.14665326602928,89.81446251317625,92.09641620936006,248634500
2008-07-25,90.0440902709961,90.76885943033417,89.8216314378361,90.3383022473499,219131000
2008-07-28,88.7237319946289,90.4603161909159,88.56585970863317,90.06564095075962,205201300
2008-07-29,90.6181640625,90.68992268002852,88.72370809062298,88.96769396001783,261505600
2008-07-30,92.2327880859375,92.28302515713065,90.61819402101648,91.2138011455918,354710000
2008-07-31,91.01284790039062,92.26147088398196,90.86932518540966,91.42187805713074,277402100
2008-08-01,90.53207397460938,91.33577941101682,90.02975260202206,91.22096669502976,248690900
2008-08-04,89.69247436523438,90.51771225740794,89.52743007169903,90.44595363087812,188239600
2008-08-05,92.11077117919922,92.25428842015027,89.67811726370562,90.4315909909464,251577600
2008-08-06,92.5197982788086,92.78531667864674,91.47929004250112,91.8667931729837,209555400
2008-08-07,91.14200592041016,92.16816995543414,90.80473441958789,91.82372095091768,246312500
2008-08-08,92.8355712890625,93.23742407745782,90.68995661554658,90.83347937914036,260811700
2008-08-11,93.79715728759766,94.37122642531493,92.73510529355347,92.90733260466881,249425800
2008-08-12,92.82124328613281,93.78999336514043,92.37632537942324,93.48860372169345,213200800
2008-08-13,92.26148986816406,93.03648531436924,91.61564573010533,92.419351200046,256393200
2008-08-14,92.9575424194336,93.48856832329842,91.67304816707822,91.73762929129198,239555300
2008-08-15,93.40963745117188,93.64644586962967,92.78533131593402,93.2374101605665,181000800
2008-08-18,92.1323013305664,93.63207680605288,91.60845845604827,93.59619475718694,172275100
2008-08-19,91.1277084350586,91.6300299889381,90.79761422956702,91.43627559071034,194673700
2008-08-20,91.55105590820312,91.81656337938384,90.6612314012128,91.4147106825704,225498200
2008-08-21,91.70893096923828,92.16819277239999,90.84781098218565,90.9554516649213,180609800
2008-08-22,93.03648376464844,93.03648376464844,91.70893535513926,92.33324149016434,167715300
2008-08-25,91.14920043945312,93.03647923918919,90.95545159055342,92.42652814546186,171936900
2008-08-26,91.41471862792969,91.75916773715946,90.83346657311435,91.14920565883938,159117200
2008-08-27,92.3045425415039,92.44805980898757,91.35013683572235,91.52953615749334,171032800
2008-08-28,93.42398834228516,93.53162355062518,92.64898199324149,92.77097221258191,167537100
2008-08-29,92.41936492919922,93.38812580536653,92.21843853186587,93.09390824153292,189195800
2008-09-02,91.84526824951172,93.79713907260658,91.50799667428267,93.30916726070856,252364900
2008-09-03,91.76631164550781,92.21122380132502,91.08459661667561,91.76631164550781,251947000
2008-09-04,89.00358581542969,91.29990029449586,88.9533542270506,91.1133234770167,340042500
2008-09-05,89.2834701538086,89.66379591244309,87.54688570220048,88.47258703586775,289503400
2008-09-08,91.1277084350586,92.02471081878382,89.28348300937293,91.88118255362589,364075300
2008-09-09,88.42233276367188,91.39318489844192,88.12094323691723,91.2066080831418,377326800
2008-09-10,88.7811279296875,89.62789285869843,87.94154050574838,88.90311814174724,298916600
2008-09-11,90.06562042236328,90.230664702044,87.25981291947315,87.63296650583544,375369400
2008-09-12,90.4818344116211,90.56794805235812,88.86006857231753,89.1901626495607,297851200
2008-09-15,86.17628479003906,90.16613078159061,86.03276747390588,87.2813856437355,483607000
2008-09-16,87.61865997314453,87.77653231050208,83.95891355421003,84.10243087462517,581744300
2008-09-17,83.67899322509766,87.4392002694922,83.24125858249631,85.85331143106403,624095600
2008-09-18,86.1618881225586,87.39615607563226,81.66255647717013,84.71234431302916,776114700
2008-09-19,89.5837173461914,92.3841086575247,89.01353351478811,91.44583035136293,501087800
2008-09-22,87.55561065673828,90.03843581937598,86.86994942024202,89.82190832020714,249966500
2008-09-23,85.56356811523438,88.06803901667952,85.36869229605765,87.22359181763942,327470400
2008-09-24,85.83782196044922,86.61009508805687,85.01502649763441,86.14095597169225,311818400
2008-09-25,87.1802749633789,87.98863779694693,85.48416177864043,86.17704184747534,328253000
2008-09-26,87.22357177734375,87.69271083786283,85.53467776730012,85.7656377731143,285917400
2008-09-29,80.38859558105469,86.13373082083493,80.09268064052222,85.98938287518804,459562300
2008-09-30,83.71586608886719,84.30048792779986,79.7751077422906,81.92592735232658,328154400
2008-10-01,83.76639556884766,84.22110209421471,82.24350094972631,83.19621177958464,332783000
2008-10-02,80.72785186767578,83.08076177498177,80.157667891332,82.96527896667365,365337800
2008-10-03,79.63798522949219,83.32613247107523,79.16163253736491,81.4568004342158,461798000
2008-10-06,75.58174133300781,77.6748196622599,72.63699687695056,77.33559592013529,610637500
2008-10-07,72.19674682617188,77.4655309768233,71.92248344684116,77.11186904575146,540012100
2008-10-08,70.3779525756836,73.74852895207816,69.87272349263168,70.38516612211686,725414800
2008-10-09,65.46279907226562,72.62257159952387,65.13801339644337,71.92969145298699,534485200
2008-10-10,63.874942779541016,67.80126870796347,60.323930333023185,62.619097988752294,871026300
2008-10-13,73.14945220947266,73.14945220947266,64.92149089363579,67.7507585909583,455584000
2008-10-14,72.06681060791016,76.1663550495865,70.08921511334903,75.56730061115965,546268300
2008-10-15,64.97200775146484,70.58723387390302,64.74826675467556,70.34183572658281,484627500
2008-10-16,67.67858123779297,68.40033215664403,62.460325178152495,65.88864204269498,708811200
2008-10-17,67.27437591552734,71.15739234301316,66.14844668888901,66.39383926125056,476649000
2008-10-20,71.31623077392578,71.52553927233085,67.90956439779045,68.81897240652728,321294200
2008-10-21,69.18702697753906,71.19349317111396,68.7251069404508,69.98817074641555,356502000
2008-10-22,65.41950225830078,69.18704290200826,63.17485648025319,67.26718283192615,516168000
2008-10-23,66.1773452758789,66.72587202413364,61.933446235714705,65.1668928612435,634666400
2008-10-24,62.821197509765625,64.89983807021484,60.62707416491921,60.670377455807035,545812600
2008-10-27,60.590999603271484,64.60393926242699,60.410561837321865,62.048939835797604,397288600
2008-10-28,67.67138671875,68.01782417354494,61.00962144196515,63.0377403320442,639939500
2008-10-29,67.18058776855469,70.13254686337129,66.47326933023479,67.67859223907818,531270100
2008-10-30,69.50460815429688,69.6778268142195,67.05065419488513,69.12929463352229,414582100
2008-10-31,69.88716125488281,71.14300664359386,68.19104724885213,68.62409681325,411394000
2008-11-03,70.08924102783203,70.5078579352347,69.25200721302672,69.85106187294537,205419400
2008-11-04,72.47098541259766,72.79577100250278,69.80050470357602,71.49661762984138,346793400
2008-11-05,69.42522430419922,72.68753611243795,68.56633892816964,71.59769065712176,387844100
2008-11-06,65.57827758789062,68.88389754620408,65.00087475004212,68.17657934516575,477721900
2008-11-07,67.74356079101562,67.84460550763272,65.31847657915704,66.14849147124673,380391000
2008-11-10,66.85576629638672,68.94884445704888,65.62157324285815,68.71788445007022,301773000
2008-11-11,64.79156494140625,66.50211626822687,63.983207593930324,65.50610217657771,418498200
2008-11-12,61.940670013427734,64.19974863969566,61.435446520819276,63.680092550093995,454330600
2008-11-13,65.80201721191406,66.20620139266266,59.24851881582889,62.16439262430539,753141900
2008-11-14,62.518043518066406,66.44436332424795,62.44586404758135,64.53172849984466,540352300
2008-11-17,61.68805694580078,63.91826482378944,61.46431590479845,62.344847472123696,415254900
2008-11-18,62.85005187988281,62.951096536721785,59.84035280149161,61.45707281743602,523811800
2008-11-19,58.822689056396484,62.69849275939268,58.40407227896985,62.00561266564592,558327600
2008-11-20,54.45611572265625,59.5516819926374,54.16741970149867,57.83391093152215,814180400
2008-11-21,57.39362716674805,58.38964689858915,53.65495741336065,55.90682212608599,718536500
2008-11-24,61.3704833984375,62.78511462272806,57.9999077285273,59.125837466804455,523305300
2008-11-25,61.82514953613281,63.16038683959264,60.497125772869744,63.00881989767205,454112400
2008-11-26,64.21417236328125,64.37295842726385,60.80028850722085,60.843597301548186,370134200
2008-11-28,65.02252960205078,65.0514002960203,63.8605158322784,63.96877405151179,118308100
2008-12-01,59.26294708251953,63.18927243165358,59.08250941767359,63.160401744495765,369927100
2008-12-02,61.543701171875,61.70248726214631,59.21244868368505,60.24455276392585,469508400
2008-12-03,63.02328109741211,63.39137555577522,60.0063624631811,60.19401921735939,519863500
2008-12-04,61.565338134765625,63.55015259916694,60.439403275980084,62.113864712959625,444173800
2008-12-05,63.46356964111328,63.81722611152619,59.35680443077546,60.37447604790197,471905300
2008-12-08,65.6793441772461,66.67535862308009,63.571832476860514,65.20298585107109,412859300
2008-12-09,64.59671020507812,66.4949132265216,64.22140213290187,65.2246355156768,370790000
2008-12-10,65.0369644165039,65.93915290801404,64.23582059552119,65.18853142229501,396187400
2008-12-11,63.47075653076172,65.67931184841294,63.059358863620396,64.62555651690221,365061000
2008-12-12,64.22860717773438,64.28634856781933,61.49317077083268,61.74578797582384,415060400
2008-12-15,63.33363723754883,64.34408953124716,62.279881654834924,64.25025839635079,256694200
2008-12-16,66.3144760131836,66.4155207067429,63.64399967221993,66.3144760131836,377699500
2008-12-17,65.67211151123047,66.71143454814342,65.00088296764457,65.56384777713166,281819800
2008-12-18,64.44514465332031,66.1629099764065,63.6656522855913,65.96803963773569,374673300
2008-12-19,64.16793060302734,65.93602320571725,64.09516515872957,64.83005284658972,301451300
2008-12-22,63.3457145690918,64.51716692355292,62.203367276065954,64.45168469874069,243759500
2008-12-23,62.690879821777344,63.978747070142184,62.42893977952963,63.6877019619532,221625200
2008-12-24,63.05466079711914,63.20745817168143,62.57443571887628,62.901857871335245,62061600
2008-12-26,63.41850662231445,63.5203716044909,62.93828123386107,63.47671121839729,74767700
2008-12-29,63.23659133911133,63.54218622409175,62.28341841039994,63.47669843375362,127795900
2008-12-30,64.73544311523438,64.793653230018,63.214735786039476,63.67313350093282,168256300
2008-12-31,65.6595230102539,66.19068073794472,64.66270089090162,64.81549832048357,193987200
2009-01-02,67.63861083984375,67.98786600960712,65.37574376726455,65.80503646444822,227566300
2009-01-05,67.55857849121094,68.14794628841393,66.86007364936204,67.39850342409959,240349700
2009-01-06,68.00967407226562,68.72272841217915,67.43486178939271,68.13336637901497,328260900
2009-01-07,65.97236633300781,67.1292685754146,65.63038890568492,66.94008851006598,280899200
2009-01-08,66.24160766601562,66.27798483121752,65.24478007893492,65.60131293598621,263834400
2009-01-09,64.8227767944336,66.44534965108848,62.10879441224305,66.32893492953733,330953600
2009-01-12,63.265663146972656,64.69178308805948,62.872758781922,64.64084507831485,277858500
2009-01-13,63.382076263427734,63.94233324438818,62.7199488256171,63.105586598322986,356432300
2009-01-14,61.38847732543945,62.392577448027744,60.508069610104144,62.2397799653225,435491600
2009-01-15,61.4102783203125,62.02874564168585,59.460283513868056,61.206548431034044,532647300
2009-01-16,61.890506744384766,62.56718428743445,60.428014595877315,62.47259698293948,399237200
2009-01-20,58.623538970947266,61.89050639980618,58.24518420384996,61.28659430335609,419855200
2009-01-21,61.155601501464844,61.29384357866714,58.55075727296822,59.6203444900517,364360700
2009-01-22,60.20970916748047,61.148326447839196,59.060084385221984,59.96959660829571,427940300
2009-01-23,60.47163772583008,61.111932211663465,58.62350857098665,58.86362108488205,386800600
2009-01-26,60.88641357421875,62.10879876796521,60.25339078686315,60.82092577838391,317978800
2009-01-27,61.50484848022461,61.955968503134045,60.60989163713825,61.213803483225675,273789700
2009-01-28,63.58586120605469,63.993321181854725,62.625415869364716,62.86552859134366,330007000
2009-01-29,61.51943588256836,63.658605791550144,61.46122574255164,62.65450585677194,294392500
2009-01-30,60.26792526245117,62.137882356598155,59.81680515660191,61.832287551614435,383383600
2009-02-02,60.08600997924805,60.52257468624974,59.16194255739339,59.35112263254198,288233300
2009-02-03,60.93007278442383,61.381193078661745,59.8241077921058,60.464402729634664,278385800
2009-02-04,60.63174819946289,62.11607340189955,60.420740613941454,61.33753085246321,322989300
2009-02-05,61.53396987915039,62.05784990265249,56.55712075832652,60.1733373487337,417679400
2009-02-06,63.28751754760742,63.54945202932778,61.6140123983797,61.744982414851634,366101700
2009-02-09,63.37483215332031,63.84050212585479,62.80729722124541,63.27296719377989,240075200
2009-02-10,60.47163772583008,63.32386618711652,59.991412698039284,62.770881305448,536212800
2009-02-11,60.828189849853516,61.15561765345884,59.95506014268592,60.71904724865175,324442500
2009-02-12,60.87184524536133,60.988259939563655,58.97278301384035,59.78770252692514,469302200
2009-02-13,60.216976165771484,61.293835338684055,60.202420864093135,60.79178845520257,293998400
2009-02-17,57.641258239746094,60.36251776208626,57.60487552357928,58.3252133348759,478910100
2009-02-18,57.503013610839844,58.16514133166043,56.95730614691125,58.05599872863003,362964800
2009-02-19,56.8845329284668,58.317925085933794,56.76811269886322,58.09236227888239,316867500
2009-02-20,56.33155059814453,57.00095029628262,55.13099329201757,55.82950360015214,477176600
2009-02-23,54.31609344482422,56.9500383749767,54.27243306530211,56.9500383749767,379641400
2009-02-24,56.37520217895508,56.717174076023454,54.3524425434556,54.781735154464634,426260900
2009-02-25,55.931400299072266,57.05919282323456,55.02915961827183,56.12785261835391,461985800
2009-02-26,55.02186584472656,57.96868278081959,54.95637806327206,56.62260549757537,363353900
2009-02-27,53.792213439941406,55.07280873516737,53.704898231894965,53.85042357863903,470510900
2009-03-02,51.36925506591797,53.78491958189824,51.20190790660668,52.76626466646067,426452600
2009-03-03,50.98360824584961,52.169609983711915,50.6707358725064,52.104127779422484,443761000
2009-03-04,52.19145584106445,53.02093060781734,50.98362085190559,51.827650924024674,462753100
2009-03-05,50.05955123901367,52.19144795269449,49.60115356004474,51.00544054961909,485549400
2009-03-06,50.14687728881836,51.260119643372185,48.8226273789691,50.49613251339577,490470000
2009-03-09,49.55750274658203,50.9326847918646,49.281013027580435,49.44108251675687,379905300
2009-03-10,52.51160430908203,52.657129617483434,50.47429995246851,50.57616489273805,406227900
2009-03-11,52.85360336303711,53.66125111200737,52.2642408899278,53.115543473580175,356648300
2009-03-12,54.93455123901367,55.116453726560074,52.366089003054206,52.839036580919526,409702700
2009-03-13,55.36384963989258,56.01142773362692,54.37430501467461,55.305645051038226,337474700
2009-03-16,55.19646072387695,56.73171731337841,55.1600780260096,55.996830115976124,360644900
2009-03-17,56.8845329284668,57.01550291115977,54.89815578282699,55.34927584570771,356814300
2009-03-18,58.15786361694336,58.863646157748235,56.07689871257528,56.615328522078876,473273200
2009-03-19,57.43755340576172,58.93642870507897,57.25565084802999,58.885496210963105,428520400
2009-03-20,56.21445083618164,57.82665329537796,56.08254341307427,57.716729510962494,371078200
2009-03-23,60.25226974487305,60.30356675815436,57.38694997042461,57.702061792282684,419933300
2009-03-24,59.06512451171875,60.35488564429149,58.99917358115123,59.53412754338935,330271000
2009-03-25,59.68803787231445,60.604060587303685,57.936602888531766,59.52682257088187,441775100
2009-03-26,60.90446472167969,61.04370184001294,59.59272068593328,60.27424120526624,422025200
2009-03-27,59.80525588989258,60.47944686526954,59.585408332682185,60.12769748287966,322332300
2009-03-30,57.738712310791016,58.53015683793666,57.1304722246908,58.47885981808217,324108500
2009-03-31,58.273643493652344,59.41684256320365,57.92922397478398,58.30295686373865,364238300
2009-04-01,59.40224838256836,59.66606341239885,57.401657595806945,57.5482190163973,377018300
2009-04-02,61.138980865478516,62.00370597413856,59.45349792100298,60.88249578895972,476230700
2009-04-03,61.74724197387695,61.761895872841855,60.582058527184806,61.18296902197632,284646300
2009-04-06,61.26356887817383,61.76188522139974,60.30357931925067,61.073034678746076,264866600
2009-04-07,59.83457565307617,60.56739346734298,59.73198160635532,60.27426522344501,258947800
2009-04-08,60.47947311401367,60.779931199872884,59.753984805878616,60.135047734012346,230402800
2009-04-09,62.88310623168945,62.890435976626165,61.79853880125996,62.04769421953581,269653500
2009-04-13,62.89773941040039,63.41803926411222,61.98171736000176,62.23087267405184,224847500
2009-04-14,61.813175201416016,62.84645089764908,61.61531687179461,62.31149148785605,276598800
2009-04-15,62.472694396972656,62.597272035172836,61.27087409573244,61.43941899660232,250726100
2009-04-16,63.38874435424805,63.86507707741347,62.12096700714221,62.971038401216695,335202900
2009-04-17,63.8137321472168,64.23143778668242,63.12488209264278,63.63052782129412,262649000
2009-04-20,61.138980865478516,63.79178294922163,61.073024365256344,62.68522665800585,293690100
2009-04-21,62.33348846435547,62.38478549345341,60.64068091316662,60.69197794226456,114090900
2009-04-22,61.95241928100586,63.2714880047165,61.607994010456366,61.76921482568858,340395200
2009-04-23,62.560672760009766,62.59731030431502,61.2855654535055,62.07701021113763,324903700
2009-04-24,63.505977630615234,63.98230461083462,62.795143644687585,63.04429895182051,287703000
2009-04-27,62.90506362915039,63.76246451837381,62.68522169139059,62.78781571386948,289581600
2009-04-28,62.70722961425781,63.454701437684804,62.11364888415529,62.26753997747976,247926300
2009-04-29,64.04097747802734,64.75181197582533,63.242208380721976,63.403423676805076,311505700
2009-04-30,64.06291961669922,65.23542677503124,63.69651078028576,64.89100716520493,301419800
2009-05-01,64.4073486328125,64.64185007837018,63.54995324664427,64.07758289688795,236110300
2009-05-04,66.59845733642578,66.64243019154216,64.76641345028006,64.89099668366319,287120000
2009-05-05,66.3713150024414,66.63512988586002,65.83635549135455,66.3713150024414,243036300
2009-05-06,67.5218734741211,67.56584078025263,66.40066244009053,67.18477774820704,291941000
2009-05-07,66.58384704589844,68.26200101541392,66.15881124416099,68.15940693788527,317728000
2009-05-08,68.13741302490234,68.31328776117206,67.00887275117059,67.44123264261637,299081700
2009-05-11,66.8623046875,67.49985828332301,66.7157433415659,67.19940025591403,247923600
2009-05-12,66.6644287109375,67.29465239578776,65.84367085391133,67.14808549759266,282431300
2009-05-13,64.98627471923828,65.96092361495965,64.85436730785528,65.76305970240743,269619100
2009-05-14,65.54322052001953,66.04153680735432,64.85437005462728,65.01559085214085,260098700
2009-05-15,65.00823974609375,65.953574991892,64.59786373524943,65.49190197969213,271502700
2009-05-18,66.85498046875,66.93558529526537,64.90568214217474,65.62384615484905,241447400
2009-05-19,66.77436065673828,67.39725467515147,66.54718333447941,66.8183279360985,206102200
2009-05-20,66.32735443115234,68.0055082129104,66.25407375411046,67.3826084806613,285722200
2009-05-21,65.3746566772461,65.80702196359654,64.67848220159168,65.55786107515037,258988400
2009-05-22,65.23544311523438,65.95360707451104,64.98628772772314,65.55788476114918,166811900
2009-05-26,66.90628814697266,67.09681680863254,64.72248796500644,64.75180135702131,236318500
2009-05-27,65.71176147460938,67.23602362449255,65.60916744442063,67.00885192778252,246015800
2009-05-28,66.62781524658203,66.93559748336115,65.29408662958122,66.29071961711567,289095000
2009-05-29,67.8076171875,68.66501250789928,66.45190563464597,66.99418913759658,258641500
2009-06-01,69.44913482666016,69.74226304113357,68.46716173777321,68.643036430075,276246800
2009-06-02,69.50775909423828,69.88882743667006,69.05341568951138,69.17799335913293,230874500
2009-06-03,68.62837219238281,68.98012152397467,67.97616494872454,68.91417062090926,235310500
2009-06-04,69.27326202392578,69.37585606314659,68.37189930920644,68.88486950531046,210102300
2009-06-05,69.28795623779297,70.10870896292772,68.73834264180083,69.97680147625125,284257900
2009-06-08,69.00214385986328,69.69098896100316,68.18138570738463,68.76763673833437,238565100
2009-06-09,69.35385131835938,69.72026008719726,68.89950243225691,69.3904944316248,225125500
2009-06-10,69.17799377441406,69.97676240426478,68.29128500556145,69.96943825256457,296100400
2009-06-11,69.48579406738281,70.43112984307952,69.29525984513712,69.30991933428669,275414200
2009-06-12,69.67628479003906,69.72025204812466,68.88484059877747,69.17796869823955,184361800
2009-06-15,68.07880401611328,68.8995567268737,67.71239495853567,68.8555894290711,224190500
2009-06-16,67.15540313720703,68.36455327235993,67.1114358711502,68.3205860063031,227319000
2009-06-17,67.08946228027344,67.66105918838836,66.56183264479648,67.12609981048664,223445200
2009-06-18,67.5804443359375,67.91021004087652,66.86961032342609,67.19205187737889,211725100
2009-06-19,67.82958221435547,68.31597133557318,67.44636109093244,68.22754001673756,215655600
2009-06-22,65.79556274414062,67.20315422610867,65.77345491940426,67.1663041031885,251913600
2009-06-23,65.84713745117188,66.23772394322899,65.47865877979146,65.93557435641696,188309800
2009-06-24,66.41461181640625,67.12209034055415,66.03139076840561,66.44409079106319,211577700
2009-06-25,67.85903930664062,67.92536277437446,66.00927464292218,66.08296925902826,279411000
2009-06-26,67.68215942382812,67.97694348441003,67.26209396482386,67.63057263491667,167579000
2009-06-29,68.3159408569336,68.40437775885437,67.50528893487656,67.88113873986721,168481300
2009-06-30,67.76325225830078,68.58127568258061,67.26212084182792,68.33071278561445,228888200
2009-07-01,68.04325866699219,68.70652126215731,67.95482178012446,68.05062419066164,173041100
2009-07-02,66.1861343383789,68.06537773148563,66.14928984633133,67.15891776453651,212309900
2009-07-06,66.17876434326172,66.27456676315985,65.33863351480815,65.54498064845812,174499600
2009-07-07,64.8964614868164,66.19350797804071,64.85224584567933,66.11244222093055,197088900
2009-07-08,64.85221862792969,65.44178650083434,64.11526159806685,65.28702057673152,248050500
2009-07-09,64.97752380371094,65.51550510672801,64.78591895390255,65.30178681498359,163777600
2009-07-10,64.82276153564453,65.21334799360424,64.37321714600165,64.63115106894318,173520300
2009-07-13,66.39982604980469,66.45141281604867,64.55006236442337,65.0806723158105,217413500
2009-07-14,66.77570343017578,66.83466136537491,66.12718301059977,66.6062007721128,181487400
2009-07-15,68.7286605834961,68.91289996535644,66.82730881328774,67.66006879518223,220877900
2009-07-16,68.61812591552734,69.64986773010112,68.40440752645173,68.53706012579038,231174500
2009-07-17,69.36978912353516,69.50981281075384,68.93498701222792,69.31820233706586,138561700
2009-07-20,70.10672760009766,70.22464343609457,69.41399174249368,69.77509915079528,164179400
2009-07-21,70.43101501464844,70.67421229404671,69.58351292199715,70.65210447274477,217718300
2009-07-22,70.416259765625,70.84369065063015,69.92986533513835,69.98145211208053,196068100
2009-07-23,71.97126770019531,72.280788481654,70.40154472379633,70.46050266956156,258795500
2009-07-24,72.2660140991211,72.32497201871006,71.2563864332093,71.63223051988143,154003100
2009-07-27,72.47974395751953,72.51659406880302,71.73541556538648,72.13337315259017,159259400
2009-07-28,72.14073944091797,72.49448136878821,71.52906361904711,71.97124243451923,186685200
2009-07-29,71.96391296386719,72.28817049444974,71.47015270618657,71.80915253784224,194399300
2009-07-30,72.7155990600586,73.57047250454492,72.66401225720442,72.83351496517663,225575400
2009-07-31,72.81875610351562,73.30515066768986,72.5018642087611,72.70084584775549,207358000
2009-08-03,74.01998901367188,74.08631246827176,73.18722371122207,73.58518130643445,175776900
2009-08-04,74.21162414550781,74.31479775424715,73.53362453878074,73.68838495188974,176714600
2009-08-05,73.99787902832031,74.32950753668283,73.38620317085946,74.2631784614878,184726400
2009-08-06,73.61468505859375,74.44744501890726,73.26831413006614,74.33690589068745,193203800
2009-08-07,74.5800552368164,75.19173097074331,73.98312179330549,74.38845044169956,220640900
2009-08-10,74.42533874511719,74.59484144948784,73.89472842843995,74.2410993641898,130898700
2009-08-11,73.49678039550781,74.14530102827699,73.2977987044325,74.09371422365376,157301000
2009-08-12,74.28528594970703,74.84536935795381,73.33461051335682,73.37145499881309,219052400
2009-08-13,74.85275268554688,74.88223165223152,73.88734042241101,74.62429772191331,176449500
2009-08-14,74.27790832519531,74.87484178937181,73.47462214580572,74.81588387073951,199616100
2009-08-17,72.45027160644531,72.92192383673199,72.3028823929325,72.84822922997559,237667500
2009-08-18,73.02511596679688,73.28305558979535,72.47976899117802,72.61242156606257,173461500
2009-08-19,73.66624450683594,73.9168128903566,72.37656934609468,72.45026394505811,192812800
2009-08-20,74.42533874511719,74.59484144948784,73.59994991698788,73.76207584927064,174131300
2009-08-21,75.8844985961914,76.00240884748803,74.88960730649698,75.03699652625232,224605000
2009-08-24,75.87712860107422,76.60671480826133,75.6044523555925,76.19402048864654,191279000
2009-08-25,76.02452850341797,76.83518052339508,75.86239697491479,76.17928888356951,215310600
2009-08-26,76.0318832397461,76.37825407011599,75.53075205118628,75.78868598150281,194620700
2009-08-27,76.2013931274414,76.43721926076945,75.12543604272356,75.98767481559123,196230100
2009-08-28,76.18666076660156,76.90151040781159,75.66342164075097,76.81307911036821,147024400
2009-08-31,75.50865936279297,75.59709628056798,75.01489922259545,75.44233589136604,176051600
2009-09-01,73.84309387207031,76.08344397000914,73.68833356688015,75.13276870452438,321276800
2009-09-02,73.56306457519531,74.01998004527198,73.37882528246817,73.53358561365454,171805000
2009-09-03,74.17476654052734,74.26319783380553,73.39358784048964,73.99052718281244,143572300
2009-09-04,75.21382904052734,75.23593685075107,74.10102802733812,74.32211175211107,142687900
2009-09-08,75.86237335205078,75.94343909105923,75.45704465700857,75.90658898331465,132909100
2009-09-09,76.44459533691406,76.70252930834815,75.75922471422415,75.99505086275514,154612500
2009-09-10,77.22573852539062,77.27732529972141,76.0687160532258,76.49615253913043,162902400
2009-09-11,77.21102905273438,77.60162122158805,76.84992147892984,77.37316059027003,152360100
2009-09-14,77.58684539794922,77.71949790565425,76.01712874222017,76.55510429608078,149593800
2009-09-15,77.91114044189453,78.19855338994888,77.20366198341158,77.71215878706367,196795900
2009-09-16,79.09027099609375,79.10500767074555,77.91851138368078,78.19118203378144,206406300
2009-09-17,78.97232818603516,79.6355851002725,78.53752055871905,78.97969370905616,229170900
2009-09-18,79.022705078125,79.34851263775006,78.7561362837626,79.34110637976232,153799100
2009-09-21,78.8227767944336,79.2300362498382,78.2378123393174,78.40811673025412,151892000
2009-09-22,79.28186798095703,79.50401052705901,78.93384729507974,79.28927423897899,143126700
2009-09-23,78.62286376953125,79.99272793968207,78.48217309309852,79.46699652948669,225947400
2009-09-24,77.75651550292969,78.96347583172486,77.41590103558848,78.7931714227144,228636800
2009-09-25,77.34184265136719,78.01567091468353,77.07527384932114,77.58619832812936,204059000
2009-09-28,78.72650909423828,78.8968191151498,77.62321403489717,77.63802090008473,118285800
2009-09-29,78.48954772949219,79.24482202383071,78.32664399069101,78.86718770132053,133733900
2009-09-30,78.18595886230469,78.83016760663197,77.46771014881801,78.756121988154,254383000
2009-10-01,76.2459716796875,78.28966442728547,76.23115915979386,76.26818481020686,281840600
2009-10-02,75.89054107666016,76.34222687372893,75.520307187215,75.54252031669037,224748800
2009-10-05,77.02344512939453,77.2455876918002,75.97198238589048,76.19412494829615,149875000
2009-10-06,78.1267318725586,78.57101126752134,77.53435557972892,77.5787818244295,202491100
2009-10-07,78.34148406982422,78.42293596788619,77.80094016898752,77.94903144765283,159200300
2009-10-08,78.94126892089844,79.35592906173801,78.37851183738707,78.89684266275727,183305800
2009-10-09,79.42255401611328,79.42255401611328,78.7561320658982,78.96346208389416,135008300
2009-10-12,79.73355102539062,80.03713980234112,79.43736285689592,79.79278978895346,118031000
2009-10-13,79.57067108154297,79.75578803612947,79.05234586842921,79.51883856023159,157692700
2009-10-14,80.94049072265625,81.02194258964467,79.54100777068139,80.50361766273473,191421600
2009-10-15,81.2366943359375,81.2366943359375,80.51103929963294,80.5480592875886,173873600
2009-10-16,80.6295166015625,80.91089225611985,80.14081092266609,80.56287722916186,192069400
2009-10-19,81.29593658447266,81.54769285092333,80.51104275457429,80.76279902102496,159530400
2009-10-20,80.866455078125,81.44401882481284,80.47400820662268,81.4143994468649,180921100
2009-10-21,80.14081573486328,81.68098414357239,80.08157696740375,80.74059271976154,225379300
2009-10-22,80.95532989501953,81.21449244382303,79.60027273357859,80.11119722216253,238444000
2009-10-23,80.02972412109375,81.27370967502385,79.69651037579986,81.22187717899837,240033200
2009-10-26,79.16338348388672,80.94050097222627,78.94124097318492,80.1185815916758,242028200
2009-10-27,78.80057525634766,79.51882986549941,78.60805771213913,79.25226102809627,253266300
2009-10-28,77.3122329711914,78.84500083866943,77.26780106897404,78.60064514909409,248821400
2009-10-29,78.97085571289062,79.12635320152127,77.70465703462527,77.88977389956439,198110600
2009-10-30,76.68281555175781,78.94865003369823,76.59396306377668,78.71170065021703,325608100
2009-11-02,77.24559020996094,78.05270294031419,76.3274118441042,77.10489953922958,254222900
2009-11-03,77.48995971679688,77.60103102141545,76.66803997166919,76.8161312782798,228362600
2009-11-04,77.68984985351562,78.73391175509701,77.4899261113611,78.12672862239965,247996700
2009-11-05,79.11894226074219,79.14115537932877,78.07488614194627,78.23778987733863,180015300
2009-11-06,79.3262939453125,79.52622336594956,78.52659321072302,78.68209073270764,170954100
2009-11-09,81.13302612304688,81.17745236656484,79.87423359594104,79.93346670419204,159495700
2009-11-10,81.1478500366211,81.39961198452777,80.6887636922996,80.94051999088622,171899800
2009-11-11,81.5625228881836,82.05863491934689,81.17007588892545,81.68099478922353,169466200
2009-11-12,80.73316955566406,81.87349016853337,80.52583956229121,81.45142392507617,157144500
2009-11-13,81.1700668334961,81.51808188788381,80.52585793625093,80.94051801761155,150963000
2009-11-16,82.34740447998047,82.70283142819162,81.68838874102117,81.73281499105269,210922200
2009-11-17,82.44367218017578,82.48069782543104,81.82168201499346,82.13267709758462,147134100
2009-11-18,82.39181518554688,82.51029269570458,81.87349020190348,82.38441457815098,156486800
2009-11-19,81.31814575195312,82.42144081471773,80.80722133695224,81.82907016695403,208734600
2009-11-20,81.02936553955078,81.2737211908592,80.71837051933235,80.89608115241157,134196000
2009-11-23,82.05863952636719,82.73986853122457,81.8957357101359,81.98459387789501,148010200
2009-11-24,82.18449401855469,82.33999153034785,81.45883896351991,82.19190027606462,138420100
2009-11-25,82.4732666015625,82.56212473368528,82.05860661696002,82.31776910733657,109564800
2009-11-27,81.13302612304688,81.68837676429689,80.18522859920452,80.26668047853337,126001800
2009-11-30,81.40699768066406,81.59951516060735,80.05934707446794,81.06638331308906,160874800
2009-12-01,82.41401672363281,82.68058541643181,81.99195056825397,82.13263552050196,159613700
2009-12-02,82.37699890136719,82.939755711626,82.13264330159872,82.39921201965196,132315100
2009-12-03,81.73281860351562,83.06566265656745,81.666179225523,82.59917006265928,167324900
2009-12-04,82.19929504394531,83.2137318575602,81.48104069749718,82.81387874770294,274907800
2009-12-07,82.07342529296875,82.58434973989931,81.8142627652936,82.12526344782317,127973800
2009-12-08,81.16266632080078,82.02160592861424,80.91090436120905,81.48106766276308,169863700
2009-12-09,81.46622467041016,81.58470217162095,80.72575723579726,81.14042284071685,155063400
2009-12-10,81.92533874511719,82.28076569588104,81.7846480865807,81.96976499546777,138014600
2009-12-11,82.27334594726562,82.45846282579888,81.90311219019911,82.27334594726562,124854000
2009-12-14,82.83612823486328,82.93238700745583,82.28817803891039,82.83612823486328,107141500
2009-12-15,82.45106506347656,82.87313136404357,82.1919025366932,82.53251695036839,120408800
2009-12-16,82.57695007324219,83.02863579295101,82.39183316022446,82.7842857612507,155358200
2009-12-17,81.58470916748047,82.14005979106126,81.51066354753344,81.98456229437689,183390100
2009-12-18,82.04629516601562,82.11329899622463,81.35395254577432,82.03884903382914,174591200
2009-12-21,82.88007354736328,83.15551792013173,82.45573495172852,82.45573495172852,118039600
2009-12-22,83.1778564453125,83.35652383330167,82.95451795052566,83.05874106683049,91707500
2009-12-23,83.34162902832031,83.46074440316804,83.006626976095,83.37885400289365,111783100
2009-12-24,83.73622131347656,83.82555219353944,83.37888075401858,83.5203288870988,39677500
2009-12-28,83.91487121582031,84.1158713336899,83.61708842512873,84.0488731876448,87508500
2009-12-29,83.79573059082031,84.14562483852491,83.78829014110126,84.13073825935417,80572500
2009-12-30,83.76596069335938,83.86274334736319,83.50540293206683,83.55007403381212,73138400
2009-12-31,82.96195983886719,83.97441778525089,82.92473486506181,83.95207939312752,90637900
2010-01-04,84.36897277832031,84.41363820059135,83.0140667320107,83.65429762331743,118944600
2010-01-05,84.59233093261719,84.629555915493,84.01165755005813,84.31688650638196,111579900
2010-01-06,84.6518783569336,84.86032460436977,84.44343210949742,84.51043025485865,116074400
2010-01-07,85.00919342041016,85.11341651296566,84.25729338434614,84.49551840729193,131091100
2010-01-08,85.29206848144531,85.32929344196,84.61461850198386,84.78583968899576,126402800
2010-01-11,85.4112319946289,85.70900912780633,85.04644535093752,85.67178982602651,106375700
2010-01-12,84.61463165283203,85.02407788347232,84.28707012453386,84.8454105406426,163333500
2010-01-13,85.329345703125,85.5675708290214,84.3987779176336,84.830557053503,161822000
2010-01-14,85.56008911132812,85.71642375270173,85.18041602243072,85.23252756955524,115718800
2010-01-15,84.5997543334961,85.49309688512832,84.27219274735535,85.41121216832657,212283100
2010-01-19,85.6568603515625,85.70897189520439,84.56251225535058,84.5848506423962,139172700
2010-01-20,84.7858657836914,85.20275820705233,84.10841559572991,85.07620238992251,216490200
2010-01-21,83.1555404663086,85.06878773094712,83.05131732191082,84.80822986995265,344859600
2010-01-22,81.30184173583984,83.18530993536946,81.21250518797547,82.7833039895819,345942400
2010-01-25,81.71873474121094,82.19519065285452,81.45073645553018,82.04629640554879,186937500
2010-01-26,81.37625122070312,82.23982044157104,81.17525117362929,81.39858392818552,211168800
2010-01-27,81.76338958740234,81.94950309970378,80.64670851359374,81.2720471886544,271863600
2010-01-28,80.82538604736328,82.07606923431362,80.33404926663334,82.03140380326572,316104000
2010-01-29,79.94688415527344,81.74102033819082,79.82032838661227,81.17523392336349,310677600
2010-02-01,81.1901626586914,81.19760879004721,80.02881607548301,80.51271237839786,187865000
2010-02-02,82.17286682128906,82.32920154886969,81.05618532736814,81.33908160752569,216327900
2010-02-03,81.76338958740234,82.2472858553328,81.52516451884586,81.80060888202243,172730700
2010-02-04,79.23969268798828,81.16782599473491,79.22480042600131,81.13060669923505,356715700
2010-02-05,79.40348052978516,79.56725566802243,77.85501457044316,79.3290305727186,493585800
2010-02-08,78.83023071289062,79.90224625106691,78.77067303194015,79.46301545372349,224166900
2010-02-09,79.82038879394531,80.51273150139237,79.11315382024948,79.75338495529668,337820500
2010-02-10,79.66402435302734,80.10324948798323,78.99401461520766,79.69380319467858,240511500
2010-02-11,80.4978256225586,80.58716216573772,79.09825385782571,79.55981747798283,223591600
2010-02-12,80.43083190917969,80.47549734336445,79.29181789958992,79.64915273253762,304622100
2010-02-16,81.69635772705078,81.77824809873304,80.26700780633946,81.04124043332436,159317500
2010-02-17,82.08348846435547,82.19515768511155,81.69636925636539,82.09092891393537,168845100
2010-02-18,82.56742095947266,82.73864225085816,81.91974373793202,81.94952258855017,193708600
2010-02-19,82.7386245727539,83.05874004883354,82.15795130910567,82.35151095689967,222684900
2010-02-22,82.75349426269531,83.06616352249317,82.50782312439746,83.0438308153265,132346900
2010-02-23,81.74847412109375,82.78326450138111,81.53258182653805,82.53015292277017,207497000
2010-02-24,82.50041198730469,82.63441396687278,81.78573665618637,81.99418291779571,176350700
2010-02-25,82.38871765136719,82.4482753307691,81.10081549276497,81.32414827092279,259634700
2010-02-26,82.4408187866211,82.72371488817706,81.9718148999767,82.46315149364241,173589300
2010-03-01,83.29695892333984,83.37884931901398,82.76095112610314,82.7832838376991,147709700
2010-03-02,83.52772521972656,83.9297310068691,83.3788367117771,83.65428669918936,160992400
2010-03-03,83.60220336914062,84.10098628681607,83.39375143603344,83.74364579550961,150785000
2010-03-04,83.85527801513672,83.97439335287042,83.40116072955784,83.71382997151093,135770400
2010-03-05,85.05389404296875,85.12089219602963,84.19777055998095,84.39877637863339,176118800
2010-03-08,85.06876373291016,85.25487724965119,84.91987519141084,85.06132328164884,114631200
2010-03-09,85.21022033691406,85.60478012307003,84.7709951197923,84.81566055075808,154556700
2010-03-10,85.58988189697266,85.8206608318833,85.17298945204155,85.24743372010302,186088800
2010-03-11,85.94721984863281,85.9695582416414,85.12832151006612,85.38887929782818,160791100
2010-03-12,85.95463562011719,86.33430865088778,85.7164106297719,86.31941639414207,162074800
2010-03-15,85.97698974609375,86.03654742845141,85.31442614913105,85.80576850898197,146816800
2010-03-16,86.66190338134766,86.74378810592847,85.97700130164813,86.21522638336371,168673000
2010-03-17,87.17557525634766,87.45847145353866,86.669346233712,86.92246358489689,177468100
2010-03-18,87.13089752197266,87.30211876265909,86.78100323048301,87.18300907519026,196509100
2010-03-19,86.68985748291016,87.67658322419926,86.35347020782733,86.68985748291016,226641100
2010-03-22,87.15330505371094,87.31028918418428,86.14415476180993,86.19648090426045,184477800
2010-03-23,87.76629638671875,87.84104722092525,86.99634625533481,87.28040740969183,182941600
2010-03-24,87.34022521972656,87.78126494069843,86.39835422133642,87.43740645988743,196072600
2010-03-25,87.19818115234375,88.33440867827014,87.09352884218434,87.93074732345963,223396300
2010-03-26,87.1458511352539,87.77376496838335,86.8019927452369,87.36263254044086,205808500
2010-03-29,87.69901275634766,87.85599121215992,87.22807738891088,87.58688365844667,134513500
2010-03-30,87.75879669189453,88.08023032791587,87.39251370767724,87.80364604009047,145772500
2010-03-31,87.4598159790039,87.84852376286962,87.16828371532377,87.42243770801991,161078700
2010-04-01,88.05783081054688,88.39421242435857,87.53456355191142,88.05783081054688,161215200
2010-04-05,88.77545928955078,88.83525654338322,88.14753964775723,88.39422256785912,105847600
2010-04-06,88.98473358154297,89.14171201266234,88.42409388335012,88.52126937791299,110384200
2010-04-07,88.47645568847656,89.22397558736323,88.06531746283919,88.80536626898645,184576300
2010-04-08,88.78292083740234,88.93242821372066,87.90832407265249,88.16995485230544,158704000
2010-04-09,89.3659896850586,89.40336225122476,88.80534986445754,88.96979942121038,133006500
2010-04-12,89.50800323486328,89.739738209511,89.37344946682094,89.47810176384026,110279000
2010-04-13,89.57527160644531,89.73225003205916,88.95482899345603,89.41829318083147,125043600
2010-04-14,90.5918960571289,90.5918960571289,89.76214890067567,89.90417373700225,161609000
2010-04-15,90.66667938232422,90.87598401880149,90.41251967865638,90.44242115574222,144615300
2010-04-16,89.2239761352539,90.66668977708932,88.76798853788304,90.34525599046927,366786700
2010-04-19,89.56034851074219,89.65005294296937,88.55867468159525,88.96233607193203,217947800
2010-04-20,90.36017608642578,90.43493261627947,89.60518532238159,90.12097001901249,157708000
2010-04-21,90.19571685791016,90.62180279793242,89.69487439606631,90.41249252120267,192910100
2010-04-22,90.46484375,90.57697286070325,89.04456069150382,89.56034547574119,115360300
2010-04-23,91.05538177490234,91.09276004482248,90.17330821414556,90.40504322202861,177335500
2010-04-26,90.71148681640625,91.28708000378327,90.62178812973417,91.08524655252916,143457300
2010-04-27,88.5661392211914,90.70404038042739,88.39420717566172,90.18825565008409,355853300
2010-04-28,89.23888397216797,89.46314212381024,88.40913679546193,88.99220684910752,300674100
2010-04-29,90.34524536132812,90.53212531521088,89.7547040226838,89.77712870464995,193775000
2010-04-30,88.81282043457031,90.4573673205554,88.79039575437758,90.36018610222276,270000900
2010-05-03,89.96400451660156,90.2106874131192,89.1043556276943,89.23890941641999,182747900
2010-05-04,87.84854125976562,88.9772979714414,87.40003043424448,88.96235008194468,360353400
2010-05-05,87.32524108886719,88.05781282004068,86.68985055752238,87.13088439233184,328973200
2010-05-06,84.42488861083984,87.4598171944689,78.48957953349773,86.9066541355836,647356600
2010-05-07,83.1690444946289,85.04531485964928,81.78613417236612,84.20061964084769,637558800
2010-05-10,86.83191680908203,87.19819997370061,85.8975169073131,86.57028027408721,396159600
2010-05-11,86.58521270751953,87.72891699529887,85.89749591662417,86.01709610919931,317849800
2010-05-12,87.79621124267578,87.92329396188694,86.77958370773246,86.92909111176783,235607100
2010-05-13,86.70482635498047,87.96813673449891,86.63007551013077,87.55699853313969,234452500
2010-05-14,85.13504028320312,86.21147075571197,84.37257250059216,86.05449226232513,345601400
2010-05-17,85.17985534667969,85.60594128659271,83.5502624057081,85.36673524494192,325739800
2010-05-18,84.02122497558594,86.12923054118512,83.74464060200836,85.87507084865807,360556800
2010-05-19,83.54280853271484,84.29779937103672,82.49627974615092,83.55027962393723,394742700
2010-05-20,80.38827514648438,82.14494543031537,80.33594899175317,81.76370875834627,530418300
2010-05-21,81.56188201904297,81.76370984622777,78.75868290016776,79.16982105218541,500909400
2010-05-24,80.51537322998047,81.77120697566295,80.44062237551269,81.12086256523152,269823000
2010-05-25,80.59758758544922,80.6349658580795,78.02611755345005,78.57180953698428,396505200
2010-05-26,80.11167907714844,81.83097654385566,79.87247301860087,81.09093369133699,349719300
2010-05-27,82.7952880859375,82.82518955994355,81.31519648981414,81.62168232103399,300870500
2010-05-28,81.75623321533203,82.76538368912624,81.36751977010343,82.70558074322602,297933500
2010-06-01,80.38079071044922,82.18978697703446,80.26119052662935,80.99375662322284,277909400
2010-06-02,82.47383880615234,82.48130989590177,80.36583376305927,80.79191970677631,240243700
2010-06-03,82.75792694091797,83.0195577637007,81.91323151218394,82.7130775721907,226618300
2010-06-04,79.8500747680664,81.7263512969805,79.58096715024908,81.18813606134584,398475600
2010-06-07,78.8558349609375,80.44057844455286,78.79603773189507,80.1340926945538,264609100
2010-06-08,79.70057678222656,79.85755528274294,78.22796161146056,78.91567857652024,357774300
2010-06-09,79.27444458007812,80.9414098571119,78.93805738607462,80.16398889936836,268023300
2010-06-10,81.5917739868164,81.68894949182335,79.26698733220053,80.62747291791044,317890600
2010-06-11,81.98797607421875,82.04030223476289,80.82184695173562,80.87417311227976,214128200
2010-06-14,81.86087799072266,83.06438507645008,81.77865037345266,82.61586872656927,207196100
2010-06-15,83.72220611572266,83.7969569448443,82.29444075607171,82.43647132358872,238268700
2010-06-16,83.69229888916016,84.03615724197579,83.12418236127586,83.28863759590992,216374000
2010-06-17,83.82686614990234,83.96889673052127,83.01207234200551,83.93151846095105,263185800
2010-06-18,83.91773986816406,84.21816574076335,83.64735199861973,83.99284633631387,174006600
2010-06-21,83.67740631103516,85.02182773258028,83.21173698122301,84.96174598861818,213140700
2010-06-22,82.29541015625,84.04541888934774,82.17524095690425,83.67739319539034,239355400
2010-06-23,82.0400619506836,82.6409195172304,81.47675475877635,82.3480002358592,254639900
2010-06-24,80.68060302734375,81.73962320672256,80.47030261079503,81.63447299844819,268523600
2010-06-25,81.01860046386719,81.43168898010734,80.19241197087234,80.92095688000929,238726500
2010-06-28,80.7632064819336,81.3565572471708,80.47028728178877,81.1387445057352,169218600
2010-06-29,78.26966857910156,80.74822291592425,77.77396114989183,79.62911498812878,373649500
2010-06-30,77.52607727050781,78.77286063786913,77.27070841245416,78.05182825730066,284101700
2010-07-01,77.18060302734375,77.72888552333043,75.95634497773607,77.4735223290917,382924800
2010-07-02,76.75999450683594,77.67630849701082,76.3243746138532,77.44347668091166,233385200
2010-07-06,77.26318359375,78.38979749767036,76.51961429137921,77.84150954311707,256935300
2010-07-07,79.69669342041016,79.79433126030794,77.37586505897339,77.45848389667785,253769400
2010-07-08,80.48532104492188,80.57544651338594,79.54647588004694,80.36514611329494,210842100
2010-07-09,81.086181640625,81.09369400670555,80.31257411176294,80.46278705183576,144999900
2010-07-12,81.13877868652344,81.29650403533336,80.47783354909267,80.81581562079135,131283600
2010-07-13,82.36302947998047,82.68598678664507,81.8147412618543,81.97997896403636,213025900
2010-07-14,82.35551452636719,82.67847755314733,81.76216358273587,82.10014561367122,184426800
2010-07-15,82.37805938720703,82.66346635494902,81.24393242415911,82.32548426866882,232337900
2010-07-16,80.10977935791016,82.0250199695301,79.95204833471541,81.93488877488394,282693400
2010-07-19,80.58296203613281,80.83832518046007,79.77931077272589,80.40270536188672,186709000
2010-07-20,81.47674560546875,81.53682734419374,79.47888023875969,79.51643633943719,258162400
2010-07-21,80.41771697998047,81.91986916470431,80.08724166565935,81.89733779877439,264527000
2010-07-22,82.21279907226562,82.57331816478947,81.36408504043223,81.37159167654772,274781300
2010-07-23,82.92632293701172,83.04649214485049,81.81472768065674,82.04755946039568,222020800
2010-07-26,83.79005432128906,83.8726731570585,82.83619012230055,83.06902189751096,184445700
2010-07-27,83.78255462646484,84.3383494247489,83.45207925600884,84.2482182154636,204855600
2010-07-28,83.24176025390625,83.86515475259333,82.9638600516558,83.6097859150716,163056200
2010-07-29,82.83619689941406,83.98534259789646,82.1752518894407,83.76001744004404,220149100
2010-07-30,82.82118225097656,83.26432025397744,81.85229885290076,81.99499945534384,220070600
2010-08-02,84.69135284423828,84.82654678773693,83.7750389749982,84.11302096861652,188263200
2010-08-03,84.28575897216797,84.69884737976777,84.00785875849644,84.48104035826839,146657300
2010-08-04,84.84906005859375,84.95421024441379,84.24069030774133,84.51858477158486,158171700
2010-08-05,84.75897216796875,84.80404064938126,84.18064585054252,84.30832746565167,140473800
2010-08-06,84.41348266601562,84.5486766576817,83.30939935578586,83.92528182220714,239728300
2010-08-09,84.86410522460938,85.00681154804761,84.36088550441586,84.81153011548851,120800400
2010-08-10,84.40592956542969,84.85657980701997,83.64734683461482,84.14305407800593,242916300
2010-08-11,82.09264373779297,83.13663935997172,81.95744977152664,83.1065956196617,273406900
2010-08-12,81.58940887451172,81.88232814605148,80.81580127376536,80.85335737740148,239542600
2010-08-13,81.34906005859375,81.837260726665,81.25142221708212,81.33404105615217,158698500
2010-08-16,81.31151580810547,81.57439134754522,80.50035208904254,80.79327136588354,147895300
2010-08-17,82.31044006347656,82.91130333058794,81.77717663578719,82.01001416017766,172270300
2010-08-18,82.46066284179688,82.90379508235607,81.7997177993459,82.27289377777883,182922100
2010-08-19,81.02613067626953,82.23536429848383,80.6881485437103,82.03257616500008,265847600
2010-08-20,80.7632064819336,81.07115041197355,80.17736808164396,80.78573784652082,209714200
2010-08-23,80.45528411865234,81.54434230994077,80.4177280167776,81.14627284319751,163490300
2010-08-24,79.26103973388672,79.90696547383484,78.84043905866633,79.57649024030201,280677800
2010-08-25,79.56900787353516,79.86943374445521,78.32973110009335,78.82543837131637,272234800
2010-08-26,79.03575134277344,80.04970307051258,78.77287008758539,79.94455286054003,224439500
2010-08-27,80.26001739501953,80.34263625006214,78.34477045395215,79.53147243523894,272649000
2010-08-30,79.09585571289062,80.2975825653958,79.08834907449975,80.04972597229724,167238600
2010-08-31,79.09585571289062,79.59908126773695,78.47997327959797,78.80293636841353,273933100
2010-09-01,81.46173858642578,81.57440118269959,80.10980462191303,80.16237973613978,256828100
2010-09-02,82.22032165527344,82.23534065962725,81.48426437627627,81.6570144427602,156112200
2010-09-03,83.2868423461914,83.36194882283334,82.5808288591921,83.0239668128162,212197300
2010-09-07,82.3479995727539,83.00143797299707,82.28040546079274,82.89628775644167,141973700
2010-09-08,82.92632293701172,83.25679255626068,82.47567264941111,82.51322875012997,149924400
2010-09-09,83.30937957763672,83.8801991547395,83.08406013185788,83.85766778318734,147017900
2010-09-10,83.72998046875,83.82761831555584,83.27182351097588,83.459592568088,127819000
2010-09-13,84.66131591796875,84.83406024673116,84.21817795020577,84.55616570126371,178503500
2010-09-14,84.60875701904297,85.08944545328734,84.18064370322351,84.49609441377298,209823600
2010-09-15,84.93170166015625,85.02933950738966,84.1055189512962,84.3608821195637,168608400
2010-09-16,84.90914154052734,84.96171662973723,84.38338491817359,84.66879745696005,199962900
2010-09-17,84.94083404541016,85.43920067886398,84.7067558902049,85.35613957328835,195836900
2010-09-20,86.23965454101562,86.42842884981593,84.96353837002651,85.23537383557371,214555200
2010-09-21,86.06596374511719,86.71534190391858,85.71106721213042,86.3075945691394,268389100
2010-09-22,85.64313507080078,86.41333754910663,85.40150416329871,85.93007573410249,191322400
2010-09-23,84.94842529296875,85.83188753339151,84.70679444701722,84.94087270877013,202354300
2010-09-24,86.70024871826172,86.76065786883473,85.81678649463272,85.89229505238215,209671800
2010-09-27,86.28495025634766,86.82862113530054,86.20189486850101,86.73046057807511,128761800
2010-09-28,86.5870132446289,86.86640134291461,85.46191978666441,86.39823890385264,209207500
2010-09-29,86.43592834472656,86.76817276764369,86.09613134103463,86.3679666396157,179665800
2010-09-30,86.17925262451172,87.43271690557087,85.77149939191183,86.87394651760889,287106700
2010-10-01,86.54171752929688,86.92681883440069,86.02825104280387,86.82865248080263,174638700
2010-10-04,85.8923110961914,86.72291690845114,85.46190589959733,86.36047345917969,166153200
2010-10-05,87.6214828491211,87.83290915077889,86.58699757494162,86.68516390137891,229634100
2010-10-06,87.61392211914062,87.84045357039238,87.2590255339488,87.60636953451647,148626600
2010-10-07,87.5082015991211,87.99146327750256,86.9796359386831,87.96881128647432,164860000
2010-10-08,87.99898529052734,88.24061604577524,87.29674500794258,87.6289894567578,177760100
2010-10-11,88.08209228515625,88.32372316627094,87.78005224352921,88.13494886037087,103098300
2010-10-12,88.35392761230469,88.61065790269014,87.32699492889364,87.79515151981643,182210000
2010-10-13,89.04106140136719,89.51677632949414,88.6333082176589,88.84474027512337,194347200
2010-10-14,88.6937026977539,89.10900839787044,88.13493246927001,88.95798552467645,217764300
2010-10-15,88.87491607666016,89.3657302870258,88.16512880226648,89.3128737265823,243705000
2010-10-18,89.31289672851562,89.60738417839165,88.5804515159244,88.90514354539471,141204800
2010-10-19,88.14250946044922,88.98821474078315,87.6063853133209,88.4898535235771,280604700
2010-10-20,89.0032958984375,89.43370100845969,88.24819880991198,88.30105537567142,200051800
2010-10-21,89.1996078491211,89.92450028847988,88.50491998151888,89.40348726824472,221585500
2010-10-22,89.36571502685547,89.50163269634832,89.10143226976713,89.33551046019794,108212400
2010-10-25,89.63003540039062,90.4304423504044,89.56207941759006,89.96228001212972,151145700
2010-10-26,89.64513397216797,89.73574194256616,89.00330255113327,89.17697166835251,158982900
2010-10-27,89.38839721679688,89.48656353183817,88.54269210834251,89.01840123184809,190024000
2010-10-28,89.40349578857422,89.93961402624728,88.97309068165733,89.90185686771999,168576000
2010-10-29,89.47144317626953,89.64511802352453,89.15430381442962,89.31287349534958,144305500
2010-11-01,89.50167083740234,90.42289034977166,88.98820450727524,89.90942401964456,174074800
2010-11-02,90.21145629882812,90.4228825764223,89.93206828290211,90.17369913742888,158345900
2010-11-03,90.57388305664062,90.62673961632646,89.44123755400186,90.37000940097614,226702800
2010-11-04,92.31817626953125,92.36348025360796,90.58900315908524,91.57817855098617,215039400
2010-11-05,92.66551971435547,92.81653683435057,92.25776657724803,92.37857912105736,180654100
2010-11-08,92.49185943603516,92.6428823407944,92.07655941005048,92.37859369769943,156107100
2010-11-09,91.8273696899414,92.83919715877686,91.45737368009173,92.74103659806329,186621600
2010-11-10,92.19735717773438,92.24266692235852,91.11002124262977,91.80470921023928,221387400
2010-11-11,91.85002899169922,91.98594672708123,91.12513632330676,91.40452437962946,158017600
2010-11-12,90.76268005371094,91.63104297554672,90.3473800552221,91.23084238606673,239068800
2010-11-15,90.63432312011719,91.40452555079546,90.59657171370976,91.04962891714321,163940800
2010-11-16,89.2222671508789,90.22654181482507,88.7918563165594,90.07552471434788,299566200
2010-11-17,89.26757049560547,89.63756642180313,88.99573510792835,89.26001791235525,172308900
2010-11-18,90.5814437866211,90.90613575701768,90.12083411324609,90.12838669700419,197723700
2010-11-19,90.83065032958984,90.86840173612569,90.04534848586424,90.53616285830961,156852900
2010-11-22,90.75513458251953,90.7928859860716,89.68289217700732,90.37758598139206,181361000
2010-11-23,89.4412612915039,89.87166646629785,89.09391726982234,89.68289216575779,222309000
2010-11-24,90.76268005371094,90.7853378086258,89.99248345370304,90.0075828627119,140046100
2010-11-26,89.70553588867188,90.46817979568306,89.70553588867188,89.977371299802,76007800
2010-11-29,89.97737121582031,90.21900205205117,88.90512897917066,89.47900437556903,223642300
2010-11-30,89.47144317626953,89.984909373934,88.95797697860506,89.08634784872093,233930700
2010-12-01,91.37429809570312,91.54796719576011,90.75511872845625,90.76266555128763,221037200
2010-12-02,92.54470825195312,92.6126699936294,91.46491905744512,91.51777562944477,191213600
2010-12-03,92.79387664794922,92.89958977479719,92.20490186667242,92.22755385657793,151288900
2010-12-06,92.69573974609375,92.90716605371244,92.4994128486186,92.59757341688878,103050500
2010-12-07,92.74858856201172,93.63960347022876,92.69573198952996,93.586746897747,206581000
2010-12-08,93.08838653564453,93.1638951072225,92.43145562588795,92.86186082091061,138019200
2010-12-09,93.45084381103516,93.64716496189703,92.99023399543536,93.60941355331677,123705100
2010-12-10,93.9944839477539,94.08509190736287,93.42816115646448,93.73774795335069,117571700
2010-12-13,94.05490112304688,94.53816284825588,94.02469654510455,94.42490288213985,133812700
2010-12-14,94.1379623413086,94.56082067187774,93.8510274920469,94.19837149723764,147249600
2010-12-15,93.7075424194336,94.33427435132788,93.54897273080972,93.96427841120553,160823100
2010-12-16,94.251220703125,94.31918243846782,93.44326702874812,93.76795901532577,185035200
2010-12-17,94.35220336914062,94.47365130032597,93.98784799312016,94.18520739643259,141075300
2010-12-20,94.57989501953125,94.8076177923103,94.10927644959285,94.61025844198383,119085500
2010-12-21,95.17955780029297,95.24028464406092,94.78484489826242,94.87592937268377,94965500
2010-12-22,95.4755859375,95.50594935684389,95.19473444322168,95.24786897926596,78878100
2010-12-23,95.33898162841797,95.47561416023922,95.10367229798264,95.36934505673734,70053700
2010-12-27,95.3769302368164,95.46801472373855,94.91389812419096,94.98221148938258,58126000
2010-12-28,95.51358032226562,95.60466482593715,95.26308635470409,95.56671487981816,55309100
2010-12-29,95.58186340332031,95.79440156616195,95.56668458793045,95.62741143195109,58033100
2010-12-30,95.43008422851562,95.7412992742954,95.28585937319454,95.49081109299108,76616900
2010-12-31,95.45285034179688,95.54394063372608,95.13404300689297,95.28585436887609,91218900
2011-01-03,96.43962860107422,96.85711268600885,95.41488177616314,96.18154237092659,138725200
2011-01-04,96.386474609375,96.68251071958329,95.786810086042,96.65214729914779,137409700
2011-01-05,96.88745880126953,96.94818564354,95.99175814708671,96.0828484104924,133975300
2011-01-06,96.69770050048828,97.0316923719259,96.40925666048459,96.925423283965,122519000
2011-01-07,96.50794219970703,96.98615313891351,95.7564662120307,96.82674949251135,156034600
2011-01-10,96.386474609375,96.52310710571962,95.79439659772815,96.08284619625027,122401700
2011-01-11,96.7280502319336,96.9633594946474,96.36369498819367,96.73564253463633,110287000
2011-01-12,97.60096740722656,97.70723646673446,96.75080913993405,97.32011594619689,107929200
2011-01-13,97.44158935546875,97.68449675956111,97.1986935338389,97.63895451690942,129048400
2011-01-14,98.14751434326172,98.17028546121863,97.2366348776029,97.30494823147362,117677900
2011-01-18,98.31449890136719,98.4055833626685,97.94255138028774,98.05640695691436,114401300
2011-01-19,97.35051727294922,98.32971036210057,97.09243681006765,98.23103935127175,151958400
2011-01-20,97.22144317626953,97.464338944237,96.50032500995553,97.13035291985923,175745700
2011-01-21,97.44158935546875,98.04884628323714,97.33532026179397,97.82872158293314,151462900
2011-01-24,97.99571228027344,98.10956788080605,97.35808616990509,97.3808572900116,113715500
2011-01-25,98.04885864257812,98.13235662545222,97.24424803440809,97.73763783527794,167552200
2011-01-26,98.42837524414062,98.71682487573037,98.09438337229186,98.29174852336354,141281500
2011-01-27,98.67129516601562,98.83829112314729,98.27657639620773,98.4511588668587,123302700
2011-01-28,96.94818878173828,98.94454179958079,96.78878515904127,98.78513238565316,295637300
2011-01-31,97.67691040039062,97.75282186890617,96.97098238954453,97.21388982282313,149249200
2011-02-01,99.24058532714844,99.41516777830883,98.20825206306864,98.26897891183359,167194300
2011-02-02,99.05078125,99.31644808378927,98.9293275978609,98.98245633163566,118323600
2011-02-03,99.27092742919922,99.4227387361294,98.3524614936725,98.87620876521255,145886700
2011-02-04,99.55178833007812,99.58974405601114,98.85344698626386,99.3088925325373,134634800
2011-02-07,100.17424011230469,100.50063390749915,99.76433676198772,99.771934857433,112439100
2011-02-08,100.62966918945312,100.6827979365373,99.99204314721831,100.26530814175875,99072800
2011-02-09,100.40196990966797,100.67523496811256,99.90098203877567,100.3564276636711,146436700
2011-02-10,100.43994140625,100.55379703911187,99.66568835539373,99.89341120358266,162708500
2011-02-11,101.03960418701172,101.16864443660974,100.0224552202046,100.04522634763569,137710300
2011-02-14,101.28248596191406,101.365983945016,100.86500762886838,100.97886325016012,101690700
2011-02-15,100.96369171142578,101.12310118433668,100.43994420321116,100.97128980880495,119575400
2011-02-16,101.601318359375,101.72276051072599,101.10033039423088,101.30528212223811,130183500
2011-02-17,101.90491485595703,102.04154158445003,101.21415995312006,101.30525602124462,109810500
2011-02-18,102.117431640625,102.23888531769303,101.76066870327524,101.99597796355697,130002400
2011-02-22,100.0679702758789,102.14022338611366,99.79470523851568,101.04716323666072,233116400
2011-02-23,99.45311737060547,100.2501412855857,98.83827399068001,100.00723390551266,227584000
2011-02-24,99.38479614257812,99.77192834621981,98.45114547828443,99.34685199767836,260431400
2011-02-25,100.44749450683594,100.50822135164972,99.74155507052934,99.80228191534313,141686900
2011-02-28,101.06993103027344,101.19898282301098,100.48545682769566,100.8194487048613,141585500
2011-03-01,99.38479614257812,101.47983183533506,99.35443851016595,101.3887473556367,258565500
2011-03-02,99.59734344482422,100.06037550931626,98.94454433066267,99.24816697714925,200277400
2011-03-03,101.3128662109375,101.42672184462293,100.49307090100655,100.50065741576381,176480100
2011-03-04,100.5537338256836,101.4342554411566,99.89334840530779,101.23689035831663,277202300
2011-03-07,99.76431274414062,101.07750886914232,99.24056549532293,100.8497861273965,216790400
2011-03-08,100.63729095458984,100.95609829615562,99.49110182783207,99.92376479764822,174615000
2011-03-09,100.49304962158203,100.80427039770818,99.89339077370784,100.43992086460061,153806000
2011-03-10,98.63331604003906,99.5745531215823,98.53463347537637,99.43792641585918,301291800
2011-03-11,99.31648254394531,99.67324553185497,98.29174740241777,98.3145185222876,225621800
2011-03-14,98.71688079833984,99.04327476007134,97.96539866096931,98.67133853228135,234974100
2011-03-15,97.5858154296875,98.17030124362194,96.02213663880299,96.09045000365616,359585400
2011-03-16,95.77922058105469,97.59339880988288,95.09605807937488,97.27457999038154,468670300
2011-03-17,97.0468978881836,97.45679553647582,96.47759656409426,97.16075931124797,254303700
2011-03-18,97.39985656738281,98.25370836018291,97.20926511673552,98.22320721372313,230435400
2011-03-21,98.90936279296875,99.11519322439104,98.49767866456169,98.61204053702198,153992600
2011-03-22,98.56627655029297,99.02370071768465,98.47479636992655,98.89409991790562,129538600
2011-03-23,98.84838104248047,99.10758269766816,97.82681336654149,98.29184547172878,148603100
2011-03-24,99.79368591308594,99.93853728699364,98.85597916723583,99.4125029850256,159129800
2011-03-25,100.0986557006836,100.53319826110591,99.78608285639106,100.05291560303722,155642800
2011-03-28,99.85466003417969,100.5712856814516,99.8241705234093,100.31208412518069,109762400
2011-03-29,100.52555084228516,100.55604035464589,99.4429928454133,99.77080454259955,129798800
2011-03-30,101.21929931640625,101.51662148017625,100.90672658114664,101.05157792835367,135835000
2011-03-31,101.08207702636719,101.36416027818134,100.97534628137174,101.08970812922463,132537100
2011-04-01,101.5090103149414,101.9816850617334,101.2650592870829,101.70723288490512,153850100
2011-04-04,101.59284973144531,101.90542246258019,101.3031586736317,101.72245050545253,100768900
2011-04-05,101.57759857177734,102.02739149205868,101.34888656107928,101.39462663666367,120791500
2011-04-06,101.89781188964844,102.15701346029277,101.48612785836293,102.0655332901309,120411600
2011-04-07,101.63860321044922,102.14175574392786,101.13543904419289,101.71483280265983,170731500
2011-04-08,101.28793334960938,102.14941053408357,100.86862978049449,102.088419866505,147945400
2011-04-11,100.98296356201172,101.73769814375301,100.73900095954134,101.39463591270903,121385400
2011-04-12,100.22823333740234,100.61703571024279,99.86230100809492,100.4188247886969,161187400
2011-04-13,100.22061157226562,100.76950423726852,99.83942867840497,100.69327463816364,162059000
2011-04-14,100.2968521118164,100.44932295943653,99.31340525680355,99.64121699754783,161220400
2011-04-15,100.66278839111328,100.91437053423073,100.18250578405313,100.47982801995911,170006700
2011-04-18,99.53447723388672,100.65515589329154,98.73399081534342,99.55734727732118,210759300
2011-04-19,100.10621643066406,100.13671756638482,99.44296213842382,99.6869130603154,124258800
2011-04-20,101.47091674804688,101.69199776416485,101.23457352234473,101.30319530156494,156133800
2011-04-21,101.98931121826172,102.03505131193482,101.47090797959218,101.99693068961366,135935400
2011-04-25,101.882568359375,102.05028977145074,101.54712553522354,101.91305787394364,65757100
2011-04-26,102.7593002319336,102.96514229350875,102.08842611308079,102.1951568796788,146600000
2011-04-27,103.43014526367188,103.58261606553053,102.53817885838343,102.95748228807712,143031000
2011-04-28,103.76560974121094,103.90283000179166,103.23195600654324,103.24719494697734,124791100
2011-04-29,104.0095443725586,104.11628673546464,103.66648214234255,103.80371401409523,115094100
2011-05-02,103.84949493408203,104.58135976198916,103.64365286189117,104.49751067149174,126278700
2011-05-03,103.47588348388672,103.82657679136663,102.94984933905498,103.65123595401484,138375000
2011-05-04,102.789794921875,103.47591957361598,102.33237073219411,103.43017948120396,182678500
2011-05-05,101.85972595214844,102.88129364267239,101.4099327853512,102.21803891763977,226900000
2011-05-06,102.30949401855469,103.39968322537585,101.9130605221852,102.87364893135819,222787200
2011-05-09,102.70590209960938,103.00322424011708,102.14174732641004,102.30184923258037,114104500
2011-05-10,103.5826644897461,103.7656365171806,102.91940979356666,103.04901061737287,114806900
2011-05-11,102.49246978759766,103.44542712847792,102.01980666901066,103.43017655384541,193564200
2011-05-12,102.98040008544922,103.19386163360268,101.69199969159173,102.21803408982059,171550700
2011-05-13,102.18748474121094,103.17856239466508,101.82155249307183,103.0337110625664,157444900
2011-05-16,101.5395278930664,102.6220862010532,101.37180644493503,101.82159958638653,141675400
2011-05-17,101.52424621582031,101.66147810078988,100.72375984636956,101.15831391053189,192686200
2011-05-18,102.43146514892578,102.53819589123378,101.3565266231806,101.57761921046188,135217900
2011-05-19,102.6754150390625,102.94224770834533,102.11127182127801,102.76690684061056,119489500
2011-05-20,101.85972595214844,102.67545155695167,101.66913444423952,102.40863042554868,182594900
2011-05-23,100.67803192138672,101.18119617241283,100.31971904257537,100.61704125767632,168700000
2011-05-24,100.59415435791016,101.1887986884769,100.4035629280419,100.96771774825191,147199600
2011-05-25,100.92961120605469,101.3489147367744,100.15962590984527,100.19011542445247,151050100
2011-05-26,101.39463806152344,101.57761001725387,100.46455097725419,100.65514240218187,164850000
2011-05-27,101.78346252441406,102.05791470133036,101.36417060457465,101.6767317685455,120921900
2011-05-31,102.8431167602539,102.85836732972378,102.03501106999204,102.74401714063997,164731200
2011-06-01,100.53319549560547,102.85841400184773,100.44933477463341,102.54584116615356,233094300
2011-06-02,100.4264144897461,100.81522838011023,99.8394013693669,100.60176694855859,200466800
2011-06-03,99.42774200439453,100.19010777191737,99.16854043530358,99.2218999899854,234690200
2011-06-06,98.37568664550781,99.38201517661038,98.2460858436743,99.17617313474304,179951200
2011-06-07,98.31471252441406,99.1609391468333,98.23085180929935,98.87885585083984,161660500
2011-06-08,97.90303039550781,98.49005541315529,97.7200583862619,98.16223201735394,198696400
2011-06-09,98.65013122558594,99.0541841745286,97.93351713525038,98.16984867526072,160964400
2011-06-10,97.27788543701172,98.29182764021031,97.01868382884685,98.23084860646108,238629400
2011-06-13,97.35413360595703,97.76581775072636,96.85860037061134,97.4989850038284,207599800
2011-06-14,98.58915710449219,98.93221940973599,98.20797418027027,98.24608316646872,160570400
2011-06-15,96.835693359375,98.57389212558874,96.57649180064874,97.76578630557277,300958000
2011-06-16,97.04918670654297,97.55997049155654,96.302065524453,96.86621469273081,308032800
2011-06-17,97.33877563476562,98.02064457473547,97.00933287818943,98.01298148405448,233284900
2011-06-20,97.8367691040039,98.04363164349608,96.97868996307568,97.00933648171251,159479000
2011-06-21,99.17752075195312,99.36905710400033,97.87507589612235,98.34242506273559,193157300
2011-06-22,98.57991790771484,99.45332311363418,98.5186248786477,98.87105687317127,176703000
2011-06-23,98.29645538330078,98.55694200888932,96.67988815087064,97.42305011068858,334286500
2011-06-24,97.15489196777344,98.35007686796347,97.0093283230229,98.27346934565288,226129300
2011-06-27,98.02063751220703,98.3960412501442,97.02464622356004,97.21618256020561,168904700
2011-06-28,99.30010223388672,99.31542841466853,98.27347024006706,98.4113707957515,165556300
2011-06-29,100.1505355834961,100.31141958363105,99.31543983682847,99.75213667050389,244295500
2011-06-30,101.10818481445312,101.26906876272245,100.1428460534925,100.4722828840571,223322700
2011-07-01,102.60218048095703,102.74009271843696,100.96262995371723,101.20013313390221,202385700
2011-07-05,102.51791381835938,102.72477634911026,102.19613415410858,102.4949303916594,165936000
2011-07-06,102.6404800415039,102.77072333110408,101.98159465911854,102.27273359495938,143331600
2011-07-07,103.7054214477539,103.96590802689583,103.33767500129184,103.5521947359321,170464200
2011-07-08,102.96993255615234,103.7054372516101,102.19612994473943,102.53323577638879,194100500
2011-07-11,101.10818481445312,102.03521397662877,100.87068166861387,101.7057771460642,195918600
2011-07-12,100.67150115966797,101.72878555550936,100.64086048738248,100.89368987292937,214675700
2011-07-13,101.00859832763672,102.06588263262819,100.76343789906555,101.20013466170327,204062600
2011-07-14,100.31138610839844,101.72875941423975,100.11984980709276,101.26141037143596,226111800
2011-07-15,100.89373016357422,101.03163077960446,100.18887751502294,100.87074672756918,220012800
2011-07-18,100.06623077392578,100.57954668448765,99.31541170822544,100.42631997379657,196872100
2011-07-19,101.69048309326172,101.81306917192019,100.60255794868466,100.62554137712664,166554900
2011-07-20,101.6291732788086,102.01224594354659,101.45296312635512,101.95096460478449,137145400
2011-07-21,103.03889465332031,103.291724027375,101.64450447346432,102.20378731824862,245246300
2011-07-22,103.10785675048828,103.21511664658449,102.47961186588769,103.06188989365447,126019400
2011-07-25,102.53321075439453,103.03886937846869,102.01989488708811,102.12715474457829,136653800
2011-07-26,102.15016174316406,102.63283705850552,101.92031579821813,102.46428414490852,131278200
2011-07-27,100.0585708618164,101.61384473023172,99.92831588623137,101.5831923746417,249020100
2011-07-28,99.76748657226562,100.95501465707287,99.60659084342656,100.0586256575674,207939900
2011-07-29,99.0855941772461,100.02029257776299,98.04363587947898,98.76381448549549,307038400
2011-08-01,98.66419982910156,100.33440281500228,97.7065181164488,100.24245742108121,325790900
2011-08-02,96.14359283447266,98.44969232242384,96.14359283447266,97.92105008072605,346653800
2011-08-03,96.6645736694336,96.77183356886091,94.64195007276666,96.27384368375952,370830800
2011-08-04,92.13664245605469,95.47703668695682,91.98340987720928,95.32380410811142,520721800
2011-08-05,91.9987564086914,93.5233843728076,89.5317668731987,93.28588112959079,655619200
2011-08-08,86.00748443603516,92.02938776133237,85.82360533105509,89.57006172317291,702263900
2011-08-09,90.00676727294922,90.12934750166616,84.48285360434151,87.39420856299692,717828700
2011-08-10,86.0304946899414,89.08741415946861,85.7700021326024,88.30594817790632,662607400
2011-08-11,89.89183807373047,91.11000641186186,86.0534481159126,86.77362663745966,487979700
2011-08-12,90.49710083007812,91.33219654799926,89.85353562556182,90.7116206165083,313731600
2011-08-15,92.41244506835938,92.50437876030978,91.17128762000785,91.31685709256206,258810600
2011-08-16,91.62332153320312,92.46608611215784,90.64265639975612,91.53138783020826,294095200
2011-08-17,91.6845932006836,92.85679440251981,90.9567576105258,92.12895881236203,238201100
2011-08-18,87.73131561279297,91.71526954643328,86.87323061921585,89.25594339550358,512956300
2011-08-19,86.2986068725586,88.78091602941635,86.19134699724667,86.5437731368751,428281300
2011-08-22,86.36756896972656,88.28293236895098,86.12240268843485,88.23695967261645,275090600
2011-08-23,89.2099838256836,89.3095806363298,86.25266173021325,86.68936443108704,331136600
2011-08-24,90.46644592285156,90.58902614149162,88.81156913202155,89.01843165348792,246869700
2011-08-25,89.08738708496094,91.47776286161069,88.77327050727595,90.96444684123185,312365400
2011-08-26,90.3821792602539,90.79589850279747,87.22565791634324,88.63536857744273,314495900
2011-08-29,92.97940063476562,93.03303057573991,90.45111862832036,91.6003366593909,190977200
2011-08-30,93.22457122802734,93.79918027015147,91.37050078829427,92.57334881599843,241315700
2011-08-31,93.63829803466797,94.62662636871059,92.93344562201345,93.82217130639829,301828400
2011-09-01,92.65760040283203,94.54231685362615,92.53501436771182,93.6918952319573,254585900
2011-09-02,90.29023742675781,92.60399989023547,89.96845775018697,90.72694008645415,255517200
2011-09-06,89.6313247680664,89.76157389364718,87.63168534056865,87.63934842918492,285130500
2011-09-07,92.15962219238281,92.19792595164193,90.68096147576107,90.98742077595897,209803200
2011-09-08,91.20191955566406,92.65759651287286,90.9950570913892,91.60797555081089,250568200
2011-09-09,88.81157684326172,91.21727302585764,88.32124423567693,90.15999443673276,380195100
2011-09-12,89.38623809814453,89.45519426661794,87.37893964064585,87.70071950624393,305793500
2011-09-13,90.20597076416016,90.54307665923223,89.04143216017006,89.677334336701,272514700
2011-09-14,91.4548110961914,92.55039964246119,89.42452389356492,90.66567614295931,319389500
2011-09-15,93.0330581665039,93.06370469118163,91.47778357177751,92.43546554835552,326777200
2011-09-16,93.58367156982422,93.93022425055024,92.65954283882252,93.40654973619137,284528300
2011-09-19,92.65181732177734,93.12928704483457,91.42734676047763,92.05113320676497,241517000
2011-09-20,92.54399871826172,93.9455968874508,92.42078433137563,93.04457075200042,218932200
2011-09-21,89.81782531738281,92.87515948996388,89.67150857865052,92.59022287342925,316251300
2011-09-22,86.91453552246094,87.95418189584137,85.71316690215177,87.21487767753823,513911300
2011-09-23,87.43820190429688,87.91567173783326,86.26763259480995,86.33694548013855,307242500
2011-09-26,89.5174789428711,89.64069921744856,87.00692754074895,88.26220324181003,260673700
2011-09-27,90.51863098144531,92.07424889273743,89.97955104648803,91.28103740142974,311753900
2011-09-28,88.67037963867188,91.25024448202703,88.53946247471352,90.70346761302386,286696800
2011-09-29,89.37114715576172,90.58791484717526,87.73851404543858,90.14125611574083,298108900
2011-09-30,87.13786315917969,88.90911091594435,87.07625300882248,88.13900166288128,288392300
2011-10-03,84.65808868408203,87.75392450118068,84.5656734822784,86.62956598549944,365136800
2011-10-04,86.51405334472656,86.6988837587865,82.73282072460928,83.44131968544056,459177500
2011-10-05,88.11591339111328,88.34694855409877,85.92880558351528,86.72972003960517,284108000
2011-10-06,89.71001434326172,89.84093736572876,87.4150923382581,88.06968394872692,257800800
2011-10-07,89.10932922363281,90.29529802211357,88.60875710001606,90.23368787987565,312657900
2011-10-10,92.08965301513672,92.12815494712602,90.61874172722926,90.62644446381373,230666300
2011-10-11,92.18206787109375,92.44390805144292,91.45046648936557,91.54288170751236,209088000
2011-10-12,92.9906997680664,94.06115124566966,92.66725526594193,92.87518219574544,281544900
2011-10-13,92.80585479736328,93.08309455986434,91.73540355483232,92.44390255879433,212538800
2011-10-14,94.39226531982422,94.41536765107747,93.36032202074053,93.88399640585537,211397600
2011-10-17,92.5902328491211,94.376885980253,92.35919773607,93.94562082758875,202311600
2011-10-18,94.39995574951172,95.10845456775914,91.79698375893862,92.52088804632379,318857900
2011-10-19,93.2833023071289,94.78501840256817,92.95985793289847,94.24593857005198,226601300
2011-10-20,93.69146728515625,94.03031126258803,92.27446361660263,93.51433962328744,262075600
2011-10-21,95.47042846679688,95.58594600979373,94.50779206760026,94.79272868146403,278999400
2011-10-24,96.6409912109375,96.87972903194091,95.53973494130112,95.62444741400132,203215600
2011-10-25,94.76192474365234,96.22512729681539,94.55399200157314,96.178922632116,268596800
2011-10-26,95.72457885742188,96.08652525717352,94.1150475246237,95.76308079332715,289053800
2011-10-27,99.05912780761719,99.66750876794976,97.50350428431918,98.2890129058955,393220200
2011-10-28,99.03604888916016,99.22857619123789,98.41995917232461,98.5739786638,225906500
2011-10-31,96.64868927001953,99.05142583260944,96.51006940098812,97.92707315947216,228146700
2011-11-01,93.95329284667969,95.116159018027,93.58363796175041,93.97639517533807,416565800
2011-11-02,95.48583984375,95.80158744186305,94.56171113670109,95.36262542469476,244717600
2011-11-03,97.22628784179688,97.41881514445389,95.18549725853902,96.47157823017585,291174800
2011-11-04,96.63328552246094,96.80270457691827,95.5012242865802,96.44075826126941,249401600
2011-11-07,97.23399353027344,97.33410561552556,95.64756451291082,96.56399638152317,196617200
2011-11-08,98.48155212402344,98.58937280622354,96.81041674418348,97.74224807407765,224426300
2011-11-09,94.84667205810547,96.87976030833438,94.61563689879704,96.17895796710876,337982000
2011-11-10,95.73997497558594,96.2174447920939,94.73883067097684,96.1019272376441,231866500
2011-11-11,97.54203033447266,97.79616189532753,96.87203324111583,96.90283831298511,189924400
2011-11-14,96.61788940429688,98.15040490660463,96.20202977481043,97.18007164660254,159258300
2011-11-15,97.0953598022461,97.61133150541724,96.04801092315658,96.39455767890644,184709400
2011-11-16,95.5551528930664,97.29559549019207,95.41653299922332,96.1173293302594,235782500
2011-11-17,94.03804016113281,95.61676645994592,93.3603461422566,95.37802859922618,331219600
2011-11-18,93.93791961669922,94.53090109539164,93.545162292883,94.33837380191834,215580400
2011-11-21,92.15126037597656,92.68263167493883,91.37344851748054,92.56711413152397,229611600
2011-11-22,91.78931427001953,92.49011056266494,91.27333665841755,91.95103649139924,216494900
2011-11-23,89.7639389038086,91.78933014061626,89.7639389038086,90.92680560199186,224329100
2011-11-25,89.59447479248047,90.64182346221922,89.48666000666606,89.62527985635104,99557000
2011-11-28,92.18972778320312,92.55167987514007,91.50433139120241,92.05881069157695,210686000
2011-11-29,92.45159912109375,93.18320041049382,92.11274923945189,92.45159912109375,199241500
2011-11-30,96.25593566894531,96.43306334881592,92.41309286894233,95.10077200808352,324439500
2011-12-01,96.24051666259766,96.75648825027825,95.82465712350039,96.1481014731988,176954800
2011-12-02,96.15580749511719,97.41878574942028,96.09419736674502,97.12614645285036,221109700
2011-12-05,97.20317077636719,97.94247480148746,96.60248662317359,97.68063465430768,225263900
2011-12-06,97.23399353027344,97.88858520408203,96.84893891327224,97.19548571838644,178842100
2011-12-07,97.59590911865234,98.00406591915025,96.24051573124433,96.9105067526409,237802500
2011-12-08,95.45498657226562,97.17233183836588,95.22395744988988,96.95670230729623,240862800
2011-12-09,97.0722427368164,97.31867738417559,95.8015616994628,95.8862741603174,209111400
2011-12-12,95.65523529052734,96.24051975794762,94.84662439027421,96.22511428815315,215826100
2011-12-13,94.76192474365234,96.70259704208432,94.29985459479454,96.15582029976632,245159800
2011-12-14,93.75305938720703,94.74650061084105,93.54513256154635,94.38454847407537,238618800
2011-12-15,94.09192657470703,94.87743524229693,93.94560397099809,94.74651811027627,199109200
2011-12-16,94.2314224243164,95.28541367253746,94.0066795945703,94.72742352294603,220481400
2011-12-19,93.22391510009766,94.79715005241401,93.02241525065618,94.59565020297254,183903000
2011-12-20,96.04490661621094,96.2076544771647,93.28593274203114,94.68866852886745,225418100
2011-12-21,96.23090362548828,96.37815422464425,95.13041470739854,96.044906914211,194230900
2011-12-22,97.0833969116211,97.1841498131678,96.27740917562126,96.58740172974629,119465400
2011-12-23,97.9513931274414,97.98239356593493,97.19190307890157,97.39339706001594,92187200
2011-12-27,98.0289077758789,98.28465700197322,97.6956603968642,97.78091013889563,86075700
2011-12-28,96.7424087524414,98.05989491147658,96.66491061003862,98.04439764808772,119107100
2011-12-29,97.74212646484375,97.84287343365878,96.76563355758563,97.06012879062573,123507200
2011-12-30,97.26164245605469,97.9048882037034,97.26164245605469,97.66463630128396,95599000
2012-01-03,98.81163787841797,99.49363571223529,98.75738858824879,99.01313777593029,193697900
2012-01-04,98.96663665771484,99.05188638909269,98.19939498804351,98.579140028808,127186500
2012-01-05,99.23013305664062,99.3773836699681,97.98239933204096,98.43189684755578,173895000
2012-01-06,98.97438049316406,99.36962867925334,98.64888476943354,99.35412550418302,148050000
2012-01-09,99.21464538574219,99.33863532615395,98.74189900063575,99.1991422086435,99530200
2012-01-10,100.0749282836914,100.47791644510862,99.93542328515161,100.2764223644,115282000
2012-01-11,100.12914276123047,100.26089021734141,99.60215293678668,99.76489492502822,111540700
2012-01-12,100.36936950683594,100.5166201134113,99.61762512360461,100.41587903427417,118983700
2012-01-13,99.85014343261719,100.01289724430201,98.98215463819253,99.69514712296427,179836200
2012-01-17,100.23763275146484,100.99713471621928,99.89663380001747,100.81113206303175,132209200
2012-01-18,101.34586334228516,101.40010671665488,100.0361229516828,100.21436807526571,163395200
2012-01-19,101.880615234375,101.96586496270619,101.36911686438785,101.69461260198197,126328900
2012-01-20,102.26033782958984,102.26033782958984,101.46209587755494,101.71009934734955,138230200
2012-01-23,101.99683380126953,102.49282887061194,101.50858440511263,101.9193297675936,129295800
2012-01-24,101.880615234375,101.91160976037806,101.21412058345611,101.36911686438785,103083300
2012-01-25,102.73310852050781,102.97335454807752,101.33037255918076,101.72561487949297,198613200
2012-01-26,102.20611572265625,103.38409697285834,101.80311591313513,103.19034865632341,184880500
2012-01-27,102.15959930419922,102.33784441163027,101.64034350460406,101.7101018731263,135259100
2012-01-30,101.81086730957031,101.865122517469,100.7956279659525,101.14437259022023,147311800
2012-01-31,101.77206420898438,102.43854669098667,101.27605744487678,102.3145568254119,157212000
2012-02-01,102.66334533691406,103.18258933751562,102.39985049937724,102.52384041821637,166234500
2012-02-02,102.82609558105469,103.08960226532386,102.46185964414428,102.86484760745823,113090400
2012-02-03,104.26758575439453,104.32958663291593,103.67084947136063,103.84909460619812,160598500
2012-02-06,104.19784545898438,104.24434316430359,103.71735340340703,103.83359766670506,107694500
2012-02-07,104.46133422851562,104.6395911890902,103.57009672747655,103.98084220104674,135528100
2012-02-08,104.77130126953125,104.79455011254235,104.08930367332758,104.51555217095488,139361400
2012-02-09,104.9030990600586,105.08134421727364,104.28310202246638,104.94185109218185,148602900
2012-02-10,104.1280746459961,104.21332436104343,103.72507491800354,103.97307838921631,167907500
2012-02-13,104.9030990600586,105.02710083266902,104.42260697301809,104.87210452963595,115841900
2012-02-14,104.77130126953125,104.83330212604561,104.04280598730537,104.62405071349144,165329500
2012-02-15,104.28311920166016,105.26736421752373,104.07386765409126,105.11236788895717,195195100
2012-02-16,105.43782043457031,105.53081582843463,104.1048312703823,104.29083388356796,186567800
2012-02-17,105.71683502197266,105.88733448776928,105.36809041482825,105.80208475487096,129869400
2012-02-21,105.76331329345703,106.2128107274712,105.43781759823091,105.96480724989509,134042300
2012-02-22,105.4223403930664,105.82534023066965,105.23633773906654,105.6005855455707,124455300
2012-02-23,105.8873062133789,105.96479842457495,105.0115602661281,105.36806227908816,137704300
2012-02-24,106.11983489990234,106.32908641781972,105.88734635272768,106.11983489990234,105539100
2012-02-27,106.29808044433594,106.58482417195859,105.24408911724593,105.41458858379424,145728900
2012-02-28,106.60806274414062,106.73206449430192,106.11981324379165,106.32906471900661,129355900
2012-02-29,106.18958282470703,107.09632354571096,105.8175775349677,106.76307028516852,185934700
2012-03-01,106.73980712890625,106.94131292354336,106.11981022121672,106.41431141309717,145023500
2012-03-02,106.41435241699219,106.80960665849173,106.1741063312363,106.67010168341483,120638300
2012-03-05,105.9803466796875,106.32909134206051,105.61609883829816,106.25159909790025,140765000
2012-03-06,104.43033599853516,104.95732570991458,104.12808911690094,104.89533665895303,202129900
2012-03-07,105.15885162353516,105.32935110992808,104.56984909764671,104.67060201927715,143692200
2012-03-08,106.205078125,106.42208713147974,105.58509293663317,105.80209011765345,116968900
2012-03-09,106.61583709716797,106.89482334094347,106.2748381430517,106.40658558887668,122836800
2012-03-12,106.62356567382812,106.76305877334515,106.24381474938002,106.60031682390863,104003500
2012-03-13,108.54556274414062,108.5998179528797,107.01882495437016,107.1970819326903,184090500
2012-03-14,108.42928314208984,108.84777419622723,108.09602997312079,108.57653371730018,145163600
2012-03-15,109.05702209472656,109.10351978529242,108.31302356930658,108.59202153815716,165118500
2012-03-16,109.20803833007812,109.34814272500533,108.97451912791944,109.25473979505387,152893500
2012-03-19,109.63618469238281,109.97088653388418,109.0601720874399,109.13801580174791,125291100
2012-03-20,109.31702423095703,109.44934902183394,108.69431025008583,109.0134527984085,121729700
2012-03-21,109.13800048828125,109.48048190224557,108.91226087483211,109.37929934058225,122388400
2012-03-22,108.3518295288086,108.62427063867635,107.99377696546073,108.33625841122918,135216700
2012-03-23,108.7021255493164,108.82667076182717,107.84590393719664,108.4452673797801,120521000
2012-03-26,110.22776794433594,110.22776794433594,109.44159860852119,109.48050859241823,120164000
2012-03-27,109.8852310180664,110.39897087656568,109.81517882207461,110.32891868057389,119868500
2012-03-28,109.34042358398438,110.00205970984548,108.69435858082107,109.83081299202935,148562100
2012-03-29,109.15357971191406,109.35596862685897,108.26621596634784,108.69433265878851,164963700
2012-03-30,109.60505676269531,109.79187457505029,109.0134848394984,109.6906801086974,135486800
2012-04-02,110.40676879882812,110.69478100334267,109.25475561261509,109.47270373224237,151741100
2012-04-03,109.9552993774414,110.43790895664768,109.30923465022647,110.25109119592769,155806700
2012-04-04,108.86557006835938,109.23919375119132,108.46080415020985,109.14579079980402,146896000
2012-04-05,108.81108856201172,109.13023118259412,108.39854298019894,108.49195781871329,137439400
2012-04-09,107.58900451660156,108.84999178646603,107.2932126869664,107.44110860178398,127555900
2012-04-10,105.78319549560547,107.68246898244341,105.67422137147322,107.37889735969726,235360300
2012-04-11,106.63936614990234,107.05969127222647,106.44476876641713,106.86509388874126,154133000
2012-04-12,108.0326919555664,108.1183152903016,106.66273047708643,106.74057419131232,154321500
2012-04-13,106.7484130859375,108.0561145719031,106.64721857671027,107.7836732981174,169246700
2012-04-16,106.67829132080078,107.44888938191517,106.31244727828468,107.29321384574028,147825300
2012-04-17,108.2584457397461,108.47639391530427,107.18426410500597,107.29323819278505,147877600
2012-04-18,107.8925552368164,108.25839920509279,107.71352900040871,107.77580157769827,123884200
2012-04-19,107.19986724853516,108.31295920069442,106.69391852069701,107.90820496933922,198666700
2012-04-20,107.37881469726562,108.06380116580223,107.31654212037324,107.67460646818454,143199600
2012-04-23,106.47589874267578,106.56931356296765,105.81427476755067,106.2813013598834,171844900
2012-04-24,106.88066864013672,107.15310973719461,106.48369424014693,106.5693175668838,137484200
2012-04-25,108.34403991699219,108.39074138814087,107.83029997979345,107.92370292209083,150252200
2012-04-26,109.09906768798828,109.22361284999384,108.04823718414701,108.11050976514979,136291600
2012-04-27,109.27813720703125,109.5894883580536,108.81889010222349,109.42603316081664,130725000
2012-04-30,108.87330627441406,109.13796765994671,108.57752642053802,109.06012397997628,115092200
2012-05-01,109.55052947998047,110.2666463095586,108.68651676262257,108.81105004108154,138832200
2012-05-02,109.2236557006836,109.33262979087114,108.55424003887865,108.91229267351558,121081000
2012-05-03,108.39070129394531,109.3247660032492,108.18832436806726,109.23914271205517,143759700
2012-05-04,106.63936614990234,108.42966445342275,106.57709356191327,107.82252156713139,193927300
2012-05-07,106.71720886230469,107.07526139331175,106.21904004030411,106.25795001481413,127765900
2012-05-08,106.28912353515625,106.46037023162344,105.02034443240883,106.07895497544011,213377700
2012-05-09,105.65857696533203,106.33577191397559,104.68559025646294,105.16040824548223,220752500
2012-05-10,105.8765869140625,106.52265189159672,105.63528796960831,106.39031516984497,150600000
2012-05-11,105.55738830566406,106.53815468589025,105.16819360088354,105.21489506509243,153032400
2012-05-14,104.38983154296875,105.55741596323432,104.23415599572326,104.54550709021423,163910000
2012-05-15,103.79045867919922,104.93469225611588,103.62700352665789,104.31976974394306,207629300
2012-05-16,103.39349365234375,104.73232473600947,103.37014291415167,104.25750659729916,207265500
2012-05-17,101.86006927490234,103.54139375625878,101.80557629873383,103.41684856268793,247992900
2012-05-18,100.9882583618164,102.43606331201133,100.84036245593006,102.25702517473775,319615900
2012-05-21,102.72407531738281,102.76299717240559,101.15172501726657,101.31519205744922,177861100
2012-05-22,102.90306091308594,103.70480092498539,102.2336456541208,102.98868420937025,197531200
2012-05-23,102.9576416015625,103.1055375918388,101.18291347282286,102.16368053008803,204958400
2012-05-24,103.15996551513672,103.40126437387708,102.29595264453873,103.23780922059962,167357600
2012-05-25,102.8252944946289,103.40908682852584,102.57620406440253,103.12107453391592,135465600
2012-05-29,104.07066345214844,104.24968969375274,102.10133916266113,103.6503383898427,152883500
2012-05-30,102.56060791015625,104.0629059922246,102.35045127289399,103.18332195644444,162370400
2012-05-31,102.33489227294922,103.0977108344042,101.45530813301758,102.52171007214152,196186000
2012-06-01,99.75841522216797,102.35823366782179,99.75841522216797,100.73140223421952,253240900
2012-06-04,99.71173095703125,100.20989991809844,98.96447157678801,99.93745875678525,202545800
2012-06-05,100.46678161621094,100.61466570781042,99.46265207866351,99.51713912951988,164149400
2012-06-06,102.72407531738281,102.77077679249712,101.13615389980095,101.1672961347322,184202800
2012-06-07,102.78636169433594,103.93837511835136,102.5761931508539,103.89167363697405,184772700
2012-06-08,103.60369110107422,103.62704184578617,102.19479553216439,102.5217297127042,143915400
2012-06-11,102.28816986083984,104.49879325113568,102.18697542232468,104.43652066414799,169756100
2012-06-12,103.46357727050781,103.53362950634651,102.09361541253186,102.58399294068921,181931800
2012-06-13,102.8019027709961,103.80601995901677,102.45161800846543,103.15995527510736,172223900
2012-06-14,103.89163970947266,104.30418516329432,102.73183516579124,103.01205583982862,230615500
2012-06-15,104.95418548583984,105.0480723938762,104.14047109226998,104.35954850357047,169444500
2012-06-18,105.1576156616211,105.4158166087462,104.28130597840186,104.51603519749959,131360900
2012-06-19,106.17473602294922,106.60507080662998,105.13411261471045,105.68963786979297,137382600
2012-06-20,106.00262451171875,106.48773470621704,105.05589972636388,106.18259032944984,206451800
2012-06-21,103.62405395507812,106.23734264691777,103.5379869891159,106.12780395740418,205272200
2012-06-22,104.42214965820312,104.61775535355214,103.76490544832404,104.16394870768352,130029200
2012-06-25,102.74774169921875,103.3580303729243,102.3800021216242,103.31890685510803,146375700
2012-06-26,103.26415252685547,103.57712879416471,102.44260624105151,103.04507510915091,141634000
2012-06-27,104.19524383544922,104.39866946740935,103.2563388542742,103.60842672986176,108088000
2012-06-28,103.89794921875,104.05444337629156,102.71649473781046,103.50673770255212,169242100
2012-06-29,106.48775482177734,106.62076527381973,105.50972625779639,105.78356709241591,212250900
2012-07-02,106.80854797363281,106.91808670432842,106.03395692758032,106.78507624125704,129524500
2012-07-03,107.51270294189453,107.59093804632282,106.67550494663602,106.78504364389369,80450000
2012-07-05,107.0276107788086,107.8178654566635,106.6363993743496,107.11367776534254,126177500
2012-07-06,106.01044464111328,106.22952201869688,105.50969464394765,105.99479284590825,151192100
2012-07-09,105.87745666503906,106.07306236067608,105.39234642145881,105.92440012178007,103780500
2012-07-10,104.95418548583984,106.5894461411983,104.59426577366133,106.41731218391598,167884800
2012-07-11,104.96986389160156,105.31413189343252,104.35957495702,105.00898742614173,141733400
2012-07-12,104.46125793457031,105.02460327442219,103.74926229957804,104.3595510946136,143583200
2012-07-13,106.21385955810547,106.32339823589803,104.71942964486236,104.73508143849571,129642600
2012-07-16,105.9635238647461,106.27650017696081,105.54884069753395,105.97135573431743,97525200
2012-07-17,106.69116973876953,106.91024715997,105.274986430715,106.38602533503857,138860300
2012-07-18,107.48139190673828,107.69264935782948,106.37818508175481,106.44076838543495,113349700
2012-07-19,107.76309967041016,108.11518757783108,107.35624836970517,107.70050440749577,129847300
2012-07-20,106.77720642089844,107.31707989094998,106.65984781385274,107.15276590226534,142904500
2012-07-23,105.697509765625,106.70684202168322,104.71948111221853,105.21241137395982,145210900
2012-07-24,104.78987121582031,105.82267495712775,104.08569552952778,105.77573150321804,173301200
2012-07-25,104.81336212158203,105.28280863192958,104.25783668802282,105.00896781893292,129122300
2012-07-26,106.54252624511719,106.76943557480898,105.83051853154471,106.32344878537583,156526500
2012-07-27,108.50640869140625,108.81156510238135,106.51905965669083,107.10587686765516,236768900
2012-07-30,108.50640869140625,109.02281070237326,108.18562435625407,108.38123009324217,106782000
2012-07-31,107.74744415283203,108.65504548614969,107.74744415283203,108.3577329540387,120575900
2012-08-01,107.6535415649414,108.54550300795316,107.50487933463553,108.52203128093892,138293800
2012-08-02,106.91024017333984,107.63789951242175,106.0808739988769,106.83982499373222,199556600
2012-08-03,109.0306167602539,109.25751410835954,106.94153747763237,108.41249609196547,157825000
2012-08-06,109.24182891845703,109.67216369417685,109.19488547725491,109.32007594634072,86326200
2012-08-07,109.78958892822266,110.25903551292117,109.5626795976161,109.68003825908418,109545100
2012-08-08,109.92259216308594,110.04777074747895,109.39053840882032,109.42184200903763,89754700
2012-08-09,110.01648712158203,110.23556458380278,109.65656732574722,109.7661060568576,90291700
2012-08-10,110.1963882446289,110.23551175959763,109.39049397931959,109.57044782159103,99792700
2012-08-13,110.14165496826172,110.19641835312426,109.57047775906331,110.00864453208264,79426900
2012-08-14,110.15729522705078,110.61893372937486,109.82867910021211,110.54850660740497,102379400
2012-08-15,110.28247833251953,110.47026408046298,109.96951402477019,110.03992920319034,71085900
2012-08-16,111.09622192382812,111.22923237226213,110.16513684596516,110.43897767315579,112014200
2012-08-17,111.2448501586914,111.33874899805515,110.99448111097406,111.2839736801911,90813700
2012-08-20,111.25270080566406,111.27617253476137,110.78324234606876,111.08838676315834,78255700
2012-08-21,110.91625213623047,111.95687589576227,110.67370297777278,111.52654096680934,105581100
2012-08-22,110.96322631835938,111.14318025045041,110.37640911739483,110.6345981796519,133243500
2012-08-23,110.05558013916016,110.69716054667354,109.88344618959785,110.68934061762907,111466400
2012-08-24,110.72061157226562,110.97099252075327,109.71129172837402,109.7817068930784,99481200
2012-08-27,110.7441177368164,111.16663273409227,110.58763556475384,111.01797049204426,68785900
2012-08-28,110.63455963134766,110.97882751283946,110.29812361732215,110.46242569060175,75689600
2012-08-29,110.72061157226562,111.01793596388953,110.41546725305925,110.72844343866882,65421300
2012-08-30,109.92259216308594,110.27468006316553,109.68786291675772,110.24337646294822,96589900
2012-08-31,110.44679260253906,110.96319445642679,109.8208520468106,110.5484994364335,151970400
2012-09-04,110.3450927734375,110.68154080466617,109.64091698911726,110.35291270390324,120226200
2012-09-05,110.25118255615234,110.68933734615268,110.03210516115217,110.39201290772849,100660300
2012-09-06,112.48890686035156,112.49672678881488,110.90840977674748,110.91622970521081,158272500
2012-09-07,112.92708587646484,112.97402933496785,112.57499799886767,112.67670484601597,107272100
2012-09-10,112.28551483154297,113.0131743934397,112.24640323455574,112.81756865319595,86458500
2012-09-11,112.59846496582031,112.95837275833765,112.3246122177024,112.35591581459687,88760000
2012-09-12,112.97402954101562,113.0992200564684,112.59063806450077,112.97402954101562,87640900
2012-09-13,114.69537353515625,115.04746146310292,112.66108109656084,112.95839368920456,225470200
2012-09-14,115.20394134521484,115.88464538427945,114.82836979230171,114.92226864994244,169777000
2012-09-17,114.81272888183594,115.16481676300063,114.52322432009294,114.9692110580397,119427800
2012-09-18,114.71884155273438,114.86750381365518,114.42934890072608,114.61713469433539,98326600
2012-09-19,114.78140258789062,115.14914219561099,114.55450526808265,114.85181776243562,128318300
2012-09-20,114.78924560546875,114.85182891859506,113.94422761238066,114.25719193330652,154009800
2012-09-21,114.74125671386719,115.37053866770475,114.69406266777648,115.3469416446594,108737500
2012-09-24,114.56822967529297,114.82780898979956,114.08840342773063,114.1749298658995,95682000
2012-09-25,113.34898376464844,115.03230608109142,113.31751306571218,114.81205919875718,133165200
2012-09-26,112.71184539794922,113.35686279681231,112.4444044288114,113.32540409561356,146502200
2012-09-27,113.7737808227539,114.03336016564631,112.88491931550647,113.18383104415086,111830300
2012-09-28,113.24674224853516,113.71083311912042,112.84558078452099,113.3411303571133,150696100
2012-10-01,113.54558563232422,114.59962555264019,113.27813281462852,113.67930603989716,135911200
2012-10-02,113.6636734008789,114.17495848020461,113.13665296451775,113.9940438832593,113422200
2012-10-03,114.12771606445312,114.39515700795808,113.37258728249144,113.97039856842407,121283100
2012-10-04,114.94581604003906,115.11099525278696,114.40306033589285,114.56037787269612,124311600
2012-10-05,114.95362854003906,115.75596323783182,114.60752290559695,115.55931340031276,124842100
2012-10-08,114.56035614013672,114.93792055735085,114.30077685250312,114.52889743976738,78415400
2012-10-09,113.42765045166016,114.56821737594534,113.38831807443177,114.47382927264229,148872900
2012-10-10,112.70396423339844,113.52203435377758,112.55450842279717,113.41189891223588,124247500
2012-10-11,112.76688385009766,113.65574496078155,112.74328682968601,113.49055381534643,123601500
2012-10-12,112.3971939086914,113.2309873977033,112.1533500018168,112.84556135234213,124181900
2012-10-15,113.33321380615234,113.45119888474649,112.30277077792604,112.66459968731557,107689100
2012-10-16,114.481689453125,114.56035420655525,113.78949003367497,113.868142784549,108815500
2012-10-17,115.0008544921875,115.09525460212812,114.38730778907943,114.56036065432087,128834100
2012-10-18,114.70191192626953,115.25252901770482,114.31647396098863,114.70191192626953,148108500
2012-10-19,112.79048156738281,114.49740073550822,112.52304066602943,114.48953906284031,185645200
2012-10-22,112.80622100830078,113.01073252807022,111.9173598598739,112.60169748597721,125578600
2012-10-23,111.24090576171875,111.74432898837152,110.77681491266752,111.58701148052188,192056300
2012-10-24,110.92627716064453,111.77580615522685,110.75322429123571,111.64207366313687,120179400
2012-10-25,111.24877166748047,111.91738610446734,110.57230755825381,111.71287453673999,134457400
2012-10-26,111.18585205078125,111.57127815161671,110.4307111958341,111.14651967246668,146023500
2012-10-31,111.18585205078125,111.7207339876781,110.65881978596795,111.57915182881365,103438500
2012-11-01,112.35001373291016,112.491595888876,111.31957025597052,111.42182003442703,100995600
2012-11-02,111.35099029541016,113.05004759242684,111.233005206403,113.0185769003234,137702200
2012-11-05,111.57916259765625,111.83086823856037,110.85548037398199,111.1858627816653,98378500
2012-11-06,112.4522705078125,112.89276431017178,111.7993914784029,111.91737660312201,107068100
2012-11-07,109.9036865234375,111.44541487002732,109.38452795665357,111.42969152137779,264304500
2012-11-08,108.58219146728516,110.44644047438499,108.49566504077373,109.88794953916462,181517300
2012-11-09,108.67658996582031,109.68343636714641,108.19676378998865,108.25181951374331,201055300
2012-11-12,108.76309967041016,109.18785805463126,108.51925578293563,109.01480523076792,97677500
2012-11-13,108.385498046875,109.53393815533533,108.04726615347269,108.18884824767332,123018300
2012-11-14,106.92243957519531,108.8889378709435,106.67859570693102,108.71589706326648,191505000
2012-11-15,106.74150848388672,107.36292857008085,106.33247354130144,106.9617552985362,178128400
2012-11-16,107.26858520507812,107.48097046095,105.95496529386602,106.89888242738014,239483900
2012-11-19,109.4395980834961,109.45532143249028,107.30004636975112,108.47207200531176,151495800
2012-11-20,109.48675537109375,109.66766984422961,108.61362969284336,109.26650853356684,119807400
2012-11-21,109.69129180908203,109.78569190560012,109.36092147765663,109.58116836527356,81710800
2012-11-23,111.18585205078125,111.22517242653913,110.15539655018874,110.22619963217767,65409200
2012-11-26,110.94983673095703,111.19368060028577,110.27336083416449,110.63518980073194,100124400
2012-11-27,110.38350677490234,111.21730030560633,110.3127157021193,110.83973591487455,128646200
2012-11-28,111.2723617553711,111.3352791481485,109.33732185720574,109.9351331090304,177086500
2012-11-29,111.79154968261719,112.09832309692897,111.20159988566688,111.68929987955282,151085900
2012-11-30,111.81509399414062,112.027479181621,111.42966799016381,111.80723232147605,136568300
2012-12-03,111.26448822021484,112.42079035548088,111.17796180184274,112.32640226364035,124656300
2012-12-04,111.107177734375,111.59486557635586,110.8082660879709,111.25663355757705,127512200
2012-12-05,111.30381774902344,111.82297624599241,110.41495656505121,111.20155598377224,147300500
2012-12-06,111.68138885498047,111.72858290254557,111.03638353399856,111.2015627004764,103220600
2012-12-07,112.01964569091797,112.23989260647276,111.43755769834792,112.11403379685382,108726400
2012-12-10,112.06681823730469,112.3342591545032,111.81510066637358,111.86230671283896,98840700
2012-12-11,112.82984161376953,113.35686187309011,112.47587421602367,112.530929943312,152570400
2012-12-12,112.8849105834961,113.70298093464496,112.72759305521609,113.27034872995642,145880100
2012-12-13,112.19268035888672,113.13659727283755,111.909504084446,112.81408862644996,135715000
2012-12-14,111.77578735351562,112.15335173119001,111.60273451321586,111.94884019381539,137701700
2012-12-17,113.08940124511719,113.15233063861808,112.03534890717032,112.06681960519803,143238200
2012-12-18,114.34796905517578,114.45023083419615,113.10514036594786,113.27033154724566,177762800
2012-12-19,113.4984130859375,114.51313295237749,113.45909272111933,114.47380058500596,150895400
2012-12-20,114.15130615234375,114.16704150175717,113.25458327665622,113.56923025215045,168487000
2012-12-21,113.11518096923828,114.14501560313644,112.44183638807583,112.62403408795666,245883800
2012-12-24,112.76660919189453,112.93295990024092,112.63985773660313,112.86958417259521,53874600
2012-12-26,112.29129791259766,113.05179456095712,111.97443136026364,112.99633626607239,106947700
2012-12-27,112.14075469970703,112.55269078734864,110.84158281192771,112.32295231844648,167920600
2012-12-28,110.92876434326172,112.02989207357479,110.80201287084213,111.41199375513642,148806700
2012-12-31,112.81413269042969,112.93295461940662,110.54057238530854,110.63564201617359,243935200
2013-01-02,115.70556640625,115.77685955580621,114.65196776352924,114.95299940078723,192059000
2013-01-03,115.44413757324219,115.95113118987209,115.13518852697835,115.65011166253893,144761800
2013-01-04,115.95111083984375,116.14123794559214,115.39658855767657,115.63424441794226,116817700
2013-01-07,115.63427734375,115.74518183176248,115.20649425592858,115.53921980764864,110002500
2013-01-08,115.30157470703125,115.5867594297981,114.8500271927822,115.42832615885735,121265100
2013-01-09,115.59469604492188,115.91157472707127,115.37288701126016,115.55508469869247,90745600
2013-01-10,116.51359558105469,116.52151301315298,115.63427711084022,116.23632831774066,130735400
2013-01-11,116.50563049316406,116.56899409939719,116.14122327509656,116.48185403122959,113917300
2013-01-14,116.4264907836914,116.50571347942909,115.99870756700592,116.3631150446385,89567200
2013-01-15,116.50563049316406,116.6165349355885,115.81642737668301,115.88772049945351,93172600
2013-01-16,116.48983764648438,116.67203529629319,116.14127721194001,116.26802865862582,104849500
2013-01-17,117.24238586425781,117.57509929254003,116.56902948874867,117.00472996186157,133833500
2013-01-18,117.50382995605469,117.6305814080385,116.79086210440863,117.21864523293303,169906000
2013-01-22,118.13755798339844,118.13755798339844,117.22654565312115,117.5038129031364,111797300
2013-01-23,118.32768249511719,118.43066955409235,117.92367586693332,118.13756741723442,104596100
2013-01-24,118.35935974121094,118.93764650118412,118.04248117653425,118.15338565225078,146426400
2013-01-25,119.02474975585938,119.02474975585938,118.32762921701949,118.73164775097331,147211600
2013-01-28,118.88217163085938,119.0881335824569,118.43854174732274,119.05643968979368,113357700
2013-01-29,119.349609375,119.50012521603894,118.56534835006846,118.64457103093653,105694400
2013-01-30,118.88217163085938,119.57136270030503,118.77125509421646,119.33370685604427,137447700
2013-01-31,118.58911895751953,119.12780662277511,118.50990836018038,118.73963480645395,108975800
2013-02-01,119.8090591430664,119.95164544533263,119.13570270410042,119.34166472549025,131173000
2013-02-04,118.46238708496094,119.8328648188438,118.37524695209953,119.08029753741519,159073600
2013-02-05,119.6585464477539,119.99917734830102,119.0564831441893,119.10402400053606,113912400
2013-02-06,119.74569702148438,119.82490761362165,119.15156318587754,119.23870329860722,138762800
2013-02-07,119.58726501464844,119.89621412892504,118.71586387813292,119.78530962861251,162490000
2013-02-08,120.25267791748047,120.32397106910462,119.79321301643178,119.79321301643178,103133700
2013-02-11,120.22894287109375,120.33191786378396,119.92791115164817,120.2051784814202,73775000
2013-02-12,120.4269790649414,120.64878807812995,120.10218297859936,120.23685187320065,65392700
2013-02-13,120.52989959716797,120.89430686145059,120.18926879783523,120.67249794847132,82322600
2013-02-14,120.64081573486328,120.78341409997391,120.03084720894887,120.1655160557487,80834300
2013-02-15,120.49820709228516,120.87844918253782,120.05458930571069,120.75169778989422,215226500
2013-02-19,121.40131378173828,121.42507816163055,120.53784241183808,120.70419307108392,95105400
2013-02-20,119.88827514648438,121.35381000922989,119.8248994244955,121.31419867202646,160574800
2013-02-21,119.15943908691406,119.9516172582838,118.77919694920689,119.58722206855431,183257000
2013-02-22,120.32390594482422,120.32390594482422,119.2148616719898,119.73768992193973,106356600
2013-02-25,118.03457641601562,121.09238538922642,118.03457641601562,120.91018774977967,245824800
2013-02-26,118.84259796142578,118.98518426055041,117.82068113363712,118.6049420418692,186596200
2013-02-27,120.33979797363281,120.67251138013496,118.63660752435497,118.73959456244391,150781900
2013-02-28,120.10218811035156,121.10032871234881,119.9437548209737,120.33191456679671,126866000
2013-03-01,120.49820709228516,120.6804046644115,119.1515067865618,119.6901820737799,170634800
2013-03-04,121.13993835449219,121.13993835449219,120.03089325674497,120.22100836625307,99010200
2013-03-05,122.2252197265625,122.55001582398069,121.71030851860493,121.72615547371157,121431900
2013-03-06,122.39155578613281,122.7242692445441,122.12221804661164,122.66089352565399,94469900
2013-03-07,122.61336517333984,122.77179842726007,122.4074031520118,122.54998945423526,86101400
2013-03-08,123.13619995117188,123.30255062921104,122.5183018288055,123.15204690211719,123477800
2013-03-11,123.60356903076172,123.61148646154611,122.89061345438743,123.04112925305503,83746800
2013-03-12,123.32633972167969,123.6590653197873,122.95402695748176,123.51646690807199,105755800
2013-03-13,123.50062561035156,123.67490585060557,122.96986745600887,123.38972110179765,92550900
2013-03-14,124.15811157226562,124.21356985981855,123.5085315995527,123.8253981099957,126329900
2013-03-15,123.9942626953125,124.16135334113665,123.58049419371092,124.01018013730317,138601100
2013-03-18,123.30997467041016,123.84309370371395,122.69728055809585,122.80867838383915,126704300
2013-03-19,123.02344512939453,123.73957183079708,122.21182596407874,123.57248126647741,167567300
2013-03-20,123.88280487060547,124.08968295046104,123.54064681154041,123.74753703284088,113759300
2013-03-21,122.82450103759766,123.84299812735038,122.61762298986267,123.14277682510425,128605000
2013-03-22,123.81118774414062,123.81118774414062,123.11891901808592,123.21441147700905,111163600
2013-03-25,123.29408264160156,124.34441562207984,122.81666849348363,124.13752523058598,151322300
2013-03-26,124.28064727783203,124.31247000278024,123.6679535849432,123.80322141350025,86856600
2013-03-27,124.28064727783203,124.32043479010036,123.3337603364886,123.54063840226218,99950600
2013-03-28,124.6626205444336,124.80585320610841,123.9305762221178,124.20111196573382,102932800
2013-04-01,124.16927337646484,124.85357743799858,123.86690279488475,124.59894702373188,99194100
2013-04-02,124.78192138671875,125.09224450180041,124.42384598040442,124.61481872100927,101504300
2013-04-03,123.5167236328125,124.94898856614682,123.19049528971279,124.85350828440443,154167400
2013-04-04,124.01811218261719,124.26477785596163,123.40541825300602,123.67595401464516,131885000
2013-04-05,123.46109008789062,123.61227536748407,122.35506510840419,122.49828559973766,159666000
2013-04-08,124.29658508300781,124.30453773018726,123.13485509816526,123.5486234389724,86571200
2013-04-09,124.72624969482422,125.17980552160817,124.11355594584147,124.52732425671445,101922200
2013-04-10,126.25398254394531,126.41312044968429,125.02860731416695,125.06043003873715,135711100
2013-04-11,126.66773986816406,127.08150810049172,126.15052654239376,126.27784171256272,110142500
2013-04-12,126.35741424560547,126.54837485566249,125.65719296488261,126.2619217991343,116359900
2013-04-15,123.42921447753906,125.82428379571525,123.41330918915999,125.72083871404368,217259000
2013-04-16,125.25141143798828,125.31506903295748,124.0578588505665,124.36021724986423,147507800
2013-04-17,123.42129516601562,124.38409959640317,122.76086127667362,124.36021737450162,226834800
2013-04-18,122.64942169189453,123.65996593855573,122.17996074775832,123.6281310811739,167583200
2013-04-19,123.71570587158203,123.77141082250755,122.63355099559226,122.93592154874162,149687600
2013-04-22,124.26477813720703,124.5591839878072,123.13488277005501,123.95445484722478,106553500
2013-04-23,125.54583740234375,125.66518782372202,124.2647569332812,124.88540340734164,166141300
2013-04-24,125.6253890991211,125.95958235832346,125.354841291862,125.58560158557319,96781200
2013-04-25,126.13462829589844,126.73140453026774,125.80043506162487,125.99139568609915,131060600
2013-04-26,125.91181945800781,126.19827250579488,125.50600389113481,125.98342968459401,95918800
2013-04-29,126.75526428222656,127.03375255071242,126.05504300568141,126.25396840093242,88572800
2013-04-30,127.05767059326172,127.08950546772793,126.20627589372158,126.73144204938961,116010700
2013-05-01,125.94371032714844,126.84285746340566,125.80048979647854,126.77919984706942,138874200
2013-05-02,127.11337280273438,127.22477057806168,126.14261555711917,126.2619659801674,96407600
2013-05-03,128.40234375,128.8081592747144,127.13718131264099,128.21933580947763,144202300
2013-05-06,128.72862243652344,128.91163043130516,128.44216933356546,128.4978742814895,66882100
2013-05-07,129.38108825683594,129.4208636246778,128.64107943675265,129.00710752415443,90359200
2013-05-08,129.96990966796875,130.00969718030981,129.16625534103304,129.2378655783805,97419200
2013-05-09,129.6039276123047,130.25639684796732,129.27768692374974,129.91425086346865,106738600
2013-05-10,130.02561950683594,130.13701726071676,129.30948068207815,129.69142624519347,103203000
2013-05-13,130.12901306152344,130.3438558580268,129.55611917324924,129.85847747566933,81843200
2013-05-14,131.47377014160156,131.56926258845587,130.2324776054799,130.2324776054799,119000900
2013-05-15,132.18199157714844,132.44457465284708,131.2191991077005,131.2589866297361,120718500
2013-05-16,131.56134033203125,132.37295961473112,131.3624148704884,131.91145108697813,109913600
2013-05-17,132.83444213867188,132.9140050228457,131.8716377510476,132.046693094252,129801000
2013-05-20,132.826416015625,133.3436291604192,132.57179790582245,132.70706567375484,85071200
2013-05-21,133.01747131347656,133.51876734353436,132.48435255296968,132.9458610638815,95804200
2013-05-22,132.03082275390625,134.5293386087378,131.42609362442292,133.15276545149965,244031800
2013-05-23,131.64883422851562,132.01486232603713,130.4473291201257,130.62238445266507,211064400
2013-05-24,131.53744506835938,131.5931500148224,130.47916035856036,130.86905855946873,151573900
2013-05-28,132.32521057128906,133.50284582503144,131.9353123218955,132.91402212743733,143679800
2013-05-29,131.46583557128906,131.92734401330043,130.76561419148638,131.62497348266848,160363400
2013-05-30,131.9512176513672,132.5559465874949,131.46583911663154,131.5692842254678,107793800
2013-05-31,130.05738830566406,132.3330947411479,129.80277017727403,131.58513350032294,176850100
2013-06-03,130.77357482910156,130.86110249879934,129.42883705894656,130.35980655948987,168390700
2013-06-04,130.14492797851562,131.37031501787013,129.48449431419039,130.84514914386105,157631500
2013-06-05,128.3228302001953,130.03358418048236,128.21143243601074,129.77100113459466,211737800
2013-06-06,129.48452758789062,129.49249237500578,127.51119087289409,128.2671050207629,200225500
2013-06-07,131.13168334960938,131.2510337851308,129.81081520308055,130.3757689279278,188337800
2013-06-10,131.13168334960938,131.60909723314333,130.78952519870094,131.53748697183045,105667100
2013-06-11,129.77891540527344,130.92471533025287,129.49246238866834,129.93805327195605,159505400
2013-06-12,128.70469665527344,130.8053477873588,128.5853463062956,130.67008001137083,177361500
2013-06-13,130.6621856689453,130.89293382707345,128.34669073410626,128.63314384090535,163587800
2013-06-14,129.84254455566406,131.0281439754332,129.62771392623216,130.51889558104742,141197500
2013-06-17,130.84515380859375,131.4657999940253,129.87439702800776,130.72579130127778,136295600
2013-06-18,131.879638671875,132.07856414897913,130.90888137229103,130.91683402045408,114695600
2013-06-19,130.05738830566406,131.99890161807625,130.00169552253854,131.76815355980278,206149500
2013-06-20,126.8348159790039,130.07332695621085,126.50062280140384,128.79224703802316,321255900
2013-06-21,127.2419662475586,127.79389509498033,125.96210258221993,127.69790959206951,271956800
2013-06-24,125.63419342041016,126.7300690998526,124.57030885470533,125.91416753979725,222329000
2013-06-25,126.84207153320312,128.06593610812547,125.922165265943,126.77007016562092,162262200
2013-06-26,128.09791564941406,128.3858844766547,127.38599441063712,127.88193597756126,134848000
2013-06-27,128.84982299804688,129.4417622563527,128.74583053499214,128.8658246552141,129483700
2013-06-28,128.3219451904297,129.10585592145767,127.87399620127086,128.48993216421152,160402900
2013-07-01,129.07379150390625,129.9696889735049,128.84981713650657,128.9937954273974,131954800
2013-07-02,128.95379638671875,129.82569738519769,128.38585359532777,128.88179504296048,154863700
2013-07-03,129.0098114013672,129.40177269066032,128.16190660129817,128.3698793353394,75216400
2013-07-05,130.40167236328125,130.44966513578333,129.02582259166851,129.96171827252894,122416900
2013-07-08,131.14561462402344,131.49757797680417,130.4496948528296,131.07362544887084,108092500
2013-07-09,132.08949279785156,132.24947278133897,131.40156788373437,131.96949865596824,119298000
2013-07-10,132.13751220703125,132.58546113336436,131.68956328069817,131.96153052801571,121410100
2013-07-11,133.93727111816406,134.07325469742605,132.1294621340825,133.67329868582414,135592200
2013-07-12,133.9933319091797,134.32929367801876,133.68937347396084,133.8973463197101,104212700
2013-07-15,134.50521850585938,134.6972018092933,134.12925883185775,134.3612401825517,69450600
2013-07-16,134.00125122070312,134.67317431900415,133.64129328987667,134.59317824295937,88702100
2013-07-17,134.34527587890625,134.7692284452291,134.1692941865805,134.5132628418331,92873900
2013-07-18,135.08116149902344,135.40113368394051,134.54522182068956,134.63321264583038,103620100
2013-07-19,135.3210906982422,135.3690834579278,134.63316599614632,134.80115286073257,103831700
2013-07-22,135.5850830078125,135.77706628045547,135.19312173663295,135.51309385770455,79428600
2013-07-23,135.29713439941406,135.84907571068132,135.22514523855926,135.8250793237297,80829700
2013-07-24,134.80120849609375,135.8730879237488,134.5292290694792,135.8170882105456,112914000
2013-07-25,135.12908935546875,135.24908344429812,134.3371845153457,134.56115883433858,111088600
2013-07-26,135.27316284179688,135.31316089595458,134.00130527715223,134.56124141828266,107814600
2013-07-29,134.857177734375,135.23313739706282,134.4732233447519,134.92916689386246,79695000
2013-07-30,134.857177734375,135.40911903515882,134.53721777730408,135.26514071618388,85209600
2013-07-31,134.953125,135.86502396276913,134.77714342773882,135.13710129620563,142388700
2013-08-01,136.5130157470703,136.63299769195106,135.9050746778312,135.97707605045088,110438400
2013-08-02,136.7449951171875,136.76099677959655,136.02507898277824,136.2090553805598,91116700
2013-08-05,136.54498291015625,136.75296785238507,136.26502101931692,136.44100264473096,54072700
2013-08-06,135.76913452148438,136.57705389454134,135.46517609528124,136.28107799296322,87495000
2013-08-07,135.3291473388672,135.5291253995091,134.82521092592023,135.33715427293586,84854700
2013-08-08,135.82508850097656,136.1290468247977,135.1291566152877,135.9690668324143,102181300
2013-08-09,135.4330596923828,136.06499682524392,134.9611146779121,135.64903928766185,91757700
2013-08-12,135.27316284179688,135.43314285273522,134.68923030931032,134.75322475482415,68593300
2013-08-13,135.6730499267578,135.9050189937134,134.71315814393282,135.51306999723468,80806000
2013-08-14,134.9771728515625,135.82507772907147,134.9451695322093,135.60909804335253,79829200
2013-08-15,133.08935546875,133.92925326004223,132.8573741657607,133.91326380897857,152931800
2013-08-16,132.64944458007812,133.289376795638,132.38547208344625,132.8334209726306,130868200
2013-08-19,131.80149841308594,132.95337360016188,131.7934914817639,132.49741791957433,96437600
2013-08-20,132.44944763183594,132.9453892304458,131.873509940558,132.01748826053245,89294400
2013-08-21,131.63351440429688,132.80938599964531,131.33755087542966,132.08146316334611,159530500
2013-08-22,132.83340454101562,133.0253878436426,131.89750882637836,131.90550355352065,101471400
2013-08-23,133.28138732910156,133.44937428740724,132.60146917808666,133.22539981346193,90888900
2013-08-26,132.78538513183594,133.82527311918668,132.69739432815962,133.41731020864745,89702100
2013-08-27,130.64964294433594,132.78540675700987,130.55365739948897,131.47355141944533,158619400
2013-08-28,131.11361694335938,131.57756750283903,130.42569193526083,130.59366666887897,108113000
2013-08-29,131.32154846191406,132.01746797959473,130.70561281892404,130.82560693949227,119200500
2013-08-30,130.9055938720703,131.60952033764514,130.521639529797,131.59351868005794,134928900
2013-09-03,131.49755859375,132.44945601054246,130.94561725421883,132.16948187418322,142375100
2013-09-04,132.58546447753906,132.80943894635487,131.2896104500057,131.5295743768133,97389400
2013-09-05,132.75338745117188,133.10533844276367,132.5693989217023,132.6653966518521,63090500
2013-09-06,132.81741333007812,133.5693327340761,131.5695522790565,133.19337303207712,159756500
2013-09-09,134.08926391601562,134.16924779943255,133.14536132845558,133.14536132845558,87559300
2013-09-10,135.08116149902344,135.10515788718087,134.5932145970044,134.8971851212529,105847200
2013-09-11,135.50511169433594,135.50511169433594,134.66521371151273,134.89718286171262,94545900
2013-09-12,135.14515686035156,135.633103765708,134.96118048132269,135.45712211422267,83209000
2013-09-13,135.4490966796875,135.55308914263256,134.97715154210144,135.28911672524845,72727800
2013-09-16,136.23301696777344,136.97694150859138,136.0170373003503,136.91294708099602,106299200
2013-09-17,136.84095764160156,136.87294875248799,136.35301081218296,136.35301081218296,82523300
2013-09-18,138.42481994628906,138.80077968742182,136.44903567461424,136.79299208994834,203460600
2013-09-19,138.1927490234375,138.86468416726584,138.05676549112397,138.800689762821,146616900
2013-09-20,137.22662353515625,138.5207598171872,137.11409047868327,138.5207598171872,132867100
2013-09-23,136.59158325195312,137.17032809346452,136.15753075341019,137.0417276682696,104616500
2013-09-24,136.2700958251953,137.07390693123205,136.01288264915928,136.56750200956998,106333100
2013-09-25,135.87620544433594,136.6317897434343,135.75563870094044,136.35849694828286,117306500
2013-09-26,136.39874267578125,136.7845686689695,135.88430392980115,136.10133641698894,77146900
2013-09-27,135.77175903320312,135.95663218352624,135.4180801263686,135.71548635930395,99141800
2013-09-30,135.04832458496094,135.47434356904705,134.3570464148084,134.6223056008748,143937000
2013-10-01,136.11737060546875,136.24598332688464,135.01615330815758,135.1527997252179,127160000
2013-10-02,135.9888153076172,136.117428083342,134.90367720856125,135.32166259707216,113350000
2013-10-03,134.73483276367188,135.7958694612991,134.10786099332336,135.67529041919465,176698000
2013-10-04,135.75563049316406,135.89227688247814,134.66244711346965,134.83928650321297,96878000
2013-10-07,134.58209228515625,135.4019830761295,134.4374121683175,134.5740585892823,96295000
2013-10-08,133.01466369628906,134.73481904118663,132.91821028457775,134.55797960959282,178015000
2013-10-09,133.111083984375,133.5933631436664,132.25100047260904,133.2718437041388,168973000
2013-10-10,135.98072814941406,136.05306820787365,134.42133258607896,134.46955929171867,195955000
2013-10-11,136.85682678222656,136.90506573452456,135.65915650152604,135.77168952652838,105040000
2013-10-14,137.40350341796875,137.51603650758693,135.90841393293456,136.01291332514677,112106000
2013-10-15,136.40673828125,137.57226189812909,136.2218651664803,137.05782329580805,155485000
2013-10-16,138.311767578125,138.38410762600887,137.16231144595614,137.22661779913605,161676000
2013-10-17,139.23614501953125,139.3165310271159,137.72497638625552,137.74908973549438,129389000
2013-10-18,140.17660522460938,140.273058623484,139.4692475923743,139.75058635933587,138316000
2013-10-21,140.18466186523438,140.4660006782462,139.87117600239677,140.22485487640535,104104000
2013-10-22,140.99652099609375,141.41449397570304,140.2087772145225,140.5946154090336,126663000
2013-10-23,140.32130432128906,140.57851748569115,139.83097907817705,140.51421112829473,105484000
2013-10-24,140.7874755859375,140.96431496685648,140.2730370955862,140.60260251140622,70350000
2013-10-25,141.43057250976562,141.47076552118932,140.8036007801479,141.07689363353305,93625000
2013-10-28,141.6556396484375,141.84855874551255,141.22962070776714,141.38234679313672,84979000
2013-10-29,142.41122436523438,142.46749703475837,141.77621893383392,141.97717172753073,87401000
2013-10-30,141.70384216308594,142.68449260838202,141.19744955064704,142.5800055140093,140002000
2013-10-31,141.3019256591797,142.18612263625457,141.0929392214993,141.59129810029674,133795000
2013-11-01,141.6395721435547,141.96109170657292,140.84379466708467,141.48684605830624,142805000
2013-11-04,142.1378936767578,142.19415406612185,141.454649453973,142.0253606328478,85677000
2013-11-05,141.6877899169922,142.07361582132182,141.1251245845981,141.58329054626745,85825000
2013-11-06,142.41122436523438,142.6764835247364,141.90481940025916,142.29869129137157,87348000
2013-11-07,140.61065673828125,142.7889900130575,140.4740103358315,142.67645696014694,157000000
2013-11-08,142.50765991210938,142.52373956784072,140.54637119431285,140.56243858486056,136713000
2013-11-11,142.53176879882812,142.7005622360526,142.2022033535279,142.37099679075237,62614000
2013-11-12,142.242431640625,142.5639512061692,141.7681737234472,142.2263519827922,83990000
2013-11-13,143.38381958007812,143.4240003205874,141.54308539993485,141.54308539993485,103844000
2013-11-14,144.0991973876953,144.2197641282617,143.27930675629747,143.51240654311985,103435000
2013-11-15,144.72621154785156,144.78247195494046,144.14746649250026,144.33233963748629,102818000
2013-11-18,144.21978759765625,145.08790506655245,143.89826806036913,144.96733830636583,104796000
2013-11-19,143.90628051757812,144.58147880534244,143.65710107317813,144.14742626754605,93891000
2013-11-20,143.45619201660156,144.62974955058328,143.06232009619066,144.1956968805923,124909000
2013-11-21,144.6136474609375,144.7261805161721,143.76964341408643,143.85806311928383,92841000
2013-11-22,145.33705139160156,145.35313104435286,144.50109342625387,144.66988685200786,81296000
2013-11-25,145.1924285888672,145.6264812629297,144.98342981619703,145.59433420992684,79486000
2013-11-26,145.2325897216797,145.6666546022975,145.01556954655533,145.26474903552486,86994000
2013-11-27,145.5862274169922,145.68269306606652,145.2084353098354,145.38527469042714,58800000
2013-11-29,145.48980712890625,146.09266544573873,145.329047364121,145.74703256470968,55870900
2013-12-02,145.11204528808594,145.8354705135262,144.88697911727402,145.5621776297098,99726000
2013-12-03,144.48509216308594,144.9995309436015,144.0188801018081,144.6378182841307,116563000
2013-12-04,144.46900939941406,145.0718679073162,143.3597580852018,143.96261659310395,123033000
2013-12-05,143.83392333984375,144.47697450810253,143.69727695968066,144.2117154412515,106934000
2013-12-06,145.44163513183594,145.57828159656026,144.80661726408297,145.22460262189102,127728000
2013-12-09,145.8113250732422,146.02835749919382,145.61841826367072,145.86759773615634,70124000
2013-12-10,145.28884887695312,145.77917411342457,145.20042916987848,145.47372198622432,80976000
2013-12-11,143.65713500976562,145.36925674729733,143.48029556902597,145.34514339312238,130591000
2013-12-12,143.182861328125,143.76963994015676,142.88544290954766,143.59280053403495,115565000
2013-12-13,143.166748046875,143.60884645834088,142.89345530712515,143.48023378133627,107808000
2013-12-16,144.05899047851562,144.5332359658699,143.80176510323,143.841958101266,96195000
2013-12-17,143.6008758544922,144.21178025824466,143.279356258444,144.18766690180038,89886000
2013-12-18,146.05245971679688,146.07657306615513,142.53177579347852,143.81786606492324,234906000
2013-12-19,145.88365173339844,146.0524451620854,145.256680182198,145.63446003955792,136531200
2013-12-20,146.7322540283203,147.07977569795023,145.93216865428857,146.02914571010524,197087000
2013-12-23,147.5161590576172,147.6050587872045,147.14440552063013,147.4515035877564,85598000
2013-12-24,147.83941650390625,147.90407197045587,147.51615150292753,147.52422881183273,45368800
2013-12-26,148.591064453125,148.67188689043527,148.15465535425818,148.1708099763022,63365000
2013-12-27,148.58299255371094,148.84967947664833,148.42943731629225,148.78503632257278,61814000
2013-12-30,148.5587158203125,148.7203483337224,148.36474940515842,148.59911469983726,56857000
2013-12-31,149.2617645263672,149.2617645263672,148.6475439558171,148.76070023503664,86119900
2014-01-02,147.83140563964844,148.76081451579284,147.4758065796819,148.68806937587252,119636900
2014-01-03,147.8071746826172,148.3809845504756,147.59705355179173,148.0819513148757,81390600
2014-01-06,147.3788299560547,148.34863772963905,147.15254188661083,148.29207187816553,108028200
2014-01-07,148.28396606445312,148.5344983760346,147.85563424172864,147.96877826411296,86144200
2014-01-08,148.31625366210938,148.56678589546073,147.80709955447946,148.2596755026973,96582300
2014-01-09,148.41322326660156,148.809233367345,147.73435937827202,148.7930664180698,90683400
2014-01-10,148.81735229492188,148.8820077783354,147.90411054789305,148.66379706328632,102026400
2014-01-13,146.8373565673828,148.84970495739472,146.55449030984474,148.43754003779864,149892000
2014-01-14,148.43746948242188,148.51829189809482,147.04740778887842,147.32218427133557,105016100
2014-01-15,149.2376251220703,149.46391317595666,148.46986120125777,148.7850490142976,98525800
2014-01-16,149.04364013671875,149.23760658671952,148.5668198203776,148.9304961238281,72290600
2014-01-17,148.41322326660156,149.06784289690282,148.15461373704372,148.78498910931674,107848700
2014-01-21,148.8496856689453,149.32651835544348,147.93645618130415,149.2699401785574,88621200
2014-01-22,148.94667053222656,149.1648812579271,148.63148274255832,149.10022577135757,61270900
2014-01-23,147.72633361816406,148.2193209642001,146.9424150499832,148.19507669568804,132496900
2014-01-24,144.57444763183594,146.81309618119715,144.5259590974151,146.7646076467763,208677100
2014-01-27,143.8632354736328,145.08358768521188,143.14396017609064,144.71182173813756,180843100
2014-01-28,144.71990966796875,144.9057864734195,143.9521335180739,143.968300471696,110463200
2014-01-29,143.32981872558594,144.29962610728074,142.94997554855857,143.51569549356637,216597300
2014-01-30,144.8491973876953,145.31794035323875,144.06526667501748,144.52593233024467,118938100
2014-01-31,144.0006103515625,144.89768506225732,142.9823143279784,143.05504711571197,194677900
2014-02-03,140.7598876953125,144.15422142081306,140.4851110584552,143.83095624001348,254837100
2014-02-04,141.74581909179688,142.10949539169636,140.71135603210521,141.39022010282054,165012400
2014-02-05,141.56800842285156,141.88319616878854,140.38807986904493,141.25282067691455,164230500
2014-02-06,143.43487548828125,143.43487548828125,141.60840468314413,141.89934813572768,132877600
2014-02-07,145.2129364013672,145.36649168612178,143.6369969847906,144.1057401528605,170787200
2014-02-10,145.47955322265625,145.52805407331402,144.8330231951235,145.22902098722184,92218800
2014-02-11,147.0716552734375,147.44342112921117,145.50379409643588,145.60078346372484,117814100
2014-02-12,147.14442443847656,147.75863298346573,146.8534809525824,147.28989001553788,94717700
2014-02-13,147.9041290283203,148.0576842791424,146.14231312931213,146.15039044133337,100542200
2014-02-14,148.7203369140625,148.99511339893735,147.6292959517244,147.76668419416183,96498400
2014-02-18,148.89820861816406,149.10025242539746,148.42137586094398,148.84970774573677,80460900
2014-02-19,147.91220092773438,149.47197285312586,147.7909672713152,148.51024257168766,126524300
2014-02-20,148.78501892089844,149.12445093307412,147.57275644951176,148.11423220691856,104998100
2014-02-21,148.61529541015625,149.42347038380044,148.54256262215344,149.06787142231357,118116400
2014-02-24,149.43960571289062,150.44173457581275,148.86579617704905,148.93045164107127,114063900
2014-02-25,149.38308715820312,149.98921850200517,148.89009983863983,149.5608866722603,117085000
2014-02-26,149.3911895751953,149.99732097082347,148.97093502132952,149.6013106862408,98677200
2014-02-27,150.17510986328125,150.21550875470854,149.00324604931598,149.17296825405145,93880800
2014-02-28,150.55499267578125,151.25002402614356,149.5528630532436,150.1509049681701,150842000
2014-03-03,149.49618530273438,149.87602848148674,148.50213365686565,149.22948611349742,167748500
2014-03-04,151.5974884033203,151.92075351416247,150.926701583138,150.95902316151282,167545900
2014-03-05,151.73487854003906,151.99350049728145,151.49242353806775,151.72680122829038,88376900
2014-03-06,152.08238220214844,152.42990390265118,151.75911709952686,152.1066388000296,82516500
2014-03-07,152.1470489501953,152.71278141931558,151.4762620974227,152.71278141931558,114513500
2014-03-10,152.0662384033203,152.1228042510075,151.1934077659862,151.91268315252438,74939200
2014-03-11,151.31460571289062,152.51071362271978,150.9670963731481,152.2925029141767,99009100
2014-03-12,151.35501098632812,151.41158915482083,150.23972555509837,150.57916990251135,104824400
2014-03-13,149.65782165527344,151.92880347677726,149.23757958729226,151.80756984304514,155014300
2014-03-14,149.2376251220703,150.15894429340017,149.05982560376333,149.39118037258763,153919600
2014-03-17,150.58724975585938,150.9428487301851,149.92454033429385,149.98919581433233,98359500
2014-03-18,151.66213989257812,151.86418366447003,150.73273114281136,150.89437602574344,101804600
2014-03-19,150.85397338867188,151.8884365730781,149.8922430066597,151.67830314601898,176267300
2014-03-20,151.73487854003906,151.84802256338918,150.25591659296512,150.5226158619562,117241000
2014-03-21,151.14639282226562,153.4355117361962,151.00839813674682,152.37213145245505,163128000
2014-03-24,150.52130126953125,151.85256993552062,149.86379228306512,151.66586037214952,121411000
2014-03-25,151.23570251464844,151.74710411568083,150.39149599164986,151.28440506975548,103852000
2014-03-26,150.14794921875,152.0717741858027,150.1073596332682,151.82824905911443,119843000
2014-03-27,149.8313446044922,150.44826408505153,149.2793535861388,149.96933926253044,142383000
2014-03-28,150.56997680664062,151.3248906644004,150.1722189029483,150.2615109880141,101642000
2014-03-31,151.80381774902344,152.03922978897927,150.59433048828444,151.52782853118194,99745000
2014-04-01,152.8104248046875,152.8997169162232,151.7957473491451,152.29902340351032,89193000
2014-04-02,153.3218536376953,153.52478916511234,152.72116001750834,153.00527471037282,78774000
2014-04-03,153.11891174316406,153.59783659526482,152.64809985279007,153.55724701422892,77435000
2014-04-04,151.3087158203125,153.98746710955277,151.0652031100005,153.95500287691146,169381000
2014-04-07,149.636474609375,151.1950173183095,149.32802116000644,150.94337935190498,140803000
2014-04-08,150.2534637451172,150.496976459804,149.02772527892165,149.5715909853907,112660000
2014-04-09,151.8688201904297,151.9175227326088,150.22098478696407,150.65933243897814,100254000
2014-04-10,148.6786346435547,151.93371488096494,148.4919251069936,151.86066108989175,172959000
2014-04-11,147.3392791748047,148.88970929608286,147.17693325952203,147.8506805748345,167251000
2014-04-14,148.5000457763672,148.84908880241323,147.28243308536543,148.4919204312612,132382000
2014-04-15,149.52285766601562,149.6283880781259,147.33926994163235,148.80853320629592,157093000
2014-04-16,151.08949279785156,151.09760575615485,149.88810611438615,150.55374028113286,105197000
2014-04-17,151.30055236816406,151.72266156884425,150.62680519333503,150.88656851258338,105255000
2014-04-21,151.82821655273438,151.87693147660414,151.15448160003348,151.34117878983494,68329000
2014-04-22,152.5181884765625,152.93217239570822,151.90126907791813,151.98243583799837,85790000
2014-04-23,152.1610107421875,152.54253041120086,152.03925441641638,152.4613636560861,73869000
2014-04-24,152.469482421875,152.92405590366147,151.7389072808338,152.907817597541,88170000
2014-04-25,151.21939086914062,152.06360936895146,150.87846076251643,151.9743172658214,100380000
2014-04-28,151.69833374023438,152.3558427126329,150.13979074257153,151.8363283800786,135121000
2014-04-29,152.40460205078125,152.64000184503143,151.86073624884855,152.18542818289086,84098000
2014-04-30,152.85914611816406,153.0133790921446,151.94187362209107,152.15293448593846,101508000
2014-05-01,152.87535095214844,153.28933485518132,152.38830086582885,152.78605884919645,93019000
2014-05-02,152.65621948242188,153.5329024490455,152.42893268213444,152.85915501026432,98122000
2014-05-05,152.9484100341797,153.05394044664166,151.48727211093134,151.90938137458056,75883000
2014-05-06,151.61712646484375,152.71298280632976,151.58466224404404,152.60745241288691,85454000
2014-05-07,152.51010131835938,152.58315513065057,150.99213525228194,152.12858156145975,106500000
2014-05-08,152.3477325439453,153.45982750604534,151.86069477589123,152.37209619923797,93618000
2014-05-09,152.57504272460938,152.63997118941518,151.65777023516645,152.37210721003888,83679000
2014-05-12,154.0605010986328,154.13356728852543,152.6074884405363,153.25688448560823,86940000
2014-05-13,154.19851684570312,154.57191123203614,154.04428388283512,154.26344530630013,66454000
2014-05-14,153.4678955078125,154.13352969787874,153.24872176398625,154.0604635258058,72367000
2014-05-15,152.1204376220703,153.191942949522,151.3736365087855,153.15946633500567,154956000
2014-05-16,152.64813232421875,152.71307319045025,151.56851364725222,152.2097845737071,97458000
2014-05-19,153.20822143554688,153.32997780641543,152.2178949984742,152.3558896808594,63839000
2014-05-20,152.2421875,153.15133441471846,151.8525548774346,153.13509610947057,111644000
2014-05-21,153.52474975585938,153.59780355428848,152.6561799760965,152.6805312422395,89093000
2014-05-22,153.8981475830078,154.2147264362424,153.30557944976331,153.5653304232436,61549000
2014-05-23,154.51507568359375,154.6205937080226,153.89814391217075,154.0361385488842,61092800
2014-05-27,155.46484375,155.51354629210567,155.00214482759418,155.09143695018824,72010000
2014-05-28,155.35116577148438,155.7083341823464,155.09140242314902,155.46480913983154,66723000
2014-05-29,156.15478515625,156.17913642232557,155.31057903116755,155.70833702073242,64377000
2014-05-30,156.40643310546875,156.50385056216197,155.87880579202726,156.00868747681875,76316000
2014-06-02,156.58505249023438,156.65811869571277,155.8301382519743,156.62564207412194,64656000
2014-06-03,156.5038604736328,156.58502724211843,156.05739989526202,156.20350751025612,65047000
2014-06-04,156.8204345703125,156.90972668326003,156.07363343756936,156.23597935578314,55529000
2014-06-05,157.84320068359375,158.00554657679476,156.42265244223884,156.99899460722983,92103000
2014-06-06,158.59815979003906,158.63873698206834,158.1111096236853,158.1841634327783,78696000
2014-06-09,158.76055908203125,159.1420789504712,158.42774176935737,158.57386182285993,65119000
2014-06-10,158.7766876220703,158.8091518414013,158.22469680387647,158.56562684473332,57129000
2014-06-11,158.22474670410156,158.3870926243482,157.86757824783905,158.20850839621696,68772000
2014-06-12,157.10452270507812,158.12732543164222,156.75547963161154,158.0380333267231,106350000
2014-06-13,157.58346557617188,157.73769852538962,156.9097182847569,157.41299432014202,82017000
2014-06-16,157.71336364746094,158.04618087373885,157.2019745584644,157.38867176917103,87424000
2014-06-17,158.1516571044922,158.26530046156466,157.32367699656587,157.49414822527308,84834000
2014-06-18,159.31243896484375,159.40173105703383,157.80259874266395,158.15165415256945,105267000
2014-06-19,159.49105834960938,159.58847580835146,158.9390797569351,159.45046877398346,85929000
2014-06-20,159.8148651123047,159.9453691612935,159.61910903882145,159.88826897277923,100587000
2014-06-23,159.765869140625,159.90452497346567,159.47224136356638,159.8555890848803,70611000
2014-06-24,158.80345153808594,160.2715907362299,158.62401161133783,159.48042718071758,96237000
2014-06-25,159.52130126953125,159.68442517348277,158.4365092621972,158.46912906476507,82782000
2014-06-26,159.40701293945312,159.561984906591,158.3385377288267,159.5456687928006,84312000
2014-06-27,159.7169952392578,159.76593114683553,158.95845133514948,159.03185519651603,71445100
2014-06-30,159.63540649414062,160.00243819915661,159.4804345097773,159.61909037853667,70201200
2014-07-01,160.7039337158203,161.19331777756653,159.9698700687547,160.026957823478,90470000
2014-07-02,160.8670196533203,161.0709275567048,160.64680807846162,160.72021193674786,52475000
2014-07-03,161.65814208984375,161.73154592941134,161.20139049402633,161.32373022663901,52938800
2014-07-07,161.0954132080078,161.47876110413068,160.85888549013833,161.3482694902469,61696000
2014-07-08,160.0594940185547,160.85880922391283,159.6679820258703,160.80170905789984,108143000
2014-07-09,160.77728271484375,160.92410286147634,160.11662316887055,160.4591869169474,72992000
2014-07-10,160.14114379882812,160.56527581739485,159.0971360958589,159.22764017011843,99040000
2014-07-11,160.3613739013672,160.47556185925174,159.6843979919252,160.04327798686353,64243000
2014-07-14,161.16883850097656,161.38089827521276,161.0383344342684,161.17699033806355,58658000
2014-07-15,160.8670196533203,161.57662762007277,160.15742413211862,161.26668362435214,111307000
2014-07-16,161.4624481201172,161.70712766050988,161.02200005630752,161.58478789031352,79986400
2014-07-17,159.62728881835938,161.576648124268,159.39890048767944,160.96492433648638,145398000
2014-07-18,161.2584991455078,161.42162294608454,160.0595199206691,160.14923987781853,124330000
2014-07-21,160.9567108154297,161.08721483716613,160.2144831930458,160.7528029485472,67592000
2014-07-22,161.65814208984375,161.95176989366172,161.3889822325483,161.50317013150263,67678000
2014-07-23,162.01708984375,162.18837798678743,161.57665417609383,161.9029018969093,65612000
2014-07-24,162.02525329589844,162.35966532331653,161.86212942379686,162.1720734926774,56888000
2014-07-25,161.26670837402344,161.7071440368854,160.9486124937474,161.5684881347705,76837000
2014-07-28,161.3319549560547,161.56848267624736,160.3695030652017,161.29932271809912,69259000
2014-07-29,160.6386260986328,161.86207338414494,160.61415814856653,161.63369755315998,80466000
2014-07-30,160.66311645507812,161.42166034956927,159.9943049840768,161.20958815868624,104222000
2014-07-31,157.4902801513672,159.6843308331207,157.39240835592946,159.54567497440098,183479000
2014-08-01,157.00906372070312,158.03675493011372,156.2505323997082,157.05799961940616,189261000
2014-08-04,158.14283752441406,158.47724952464864,156.64207811018667,157.31088966510322,91340000
2014-08-05,156.6094207763672,157.90628449340065,156.0384811391311,157.49846868886766,152690000
2014-08-06,156.65841674804688,157.32722839909937,155.8509367292163,155.87540468928196,94818000
2014-08-07,155.81007385253906,157.52290486426713,155.41857424391912,157.3679328985191,135733000
2014-08-08,157.61265563964844,157.71867928519558,155.74485229695298,156.1608323801514,117014000
2014-08-11,158.0694122314453,158.77085593039433,157.996008371748,158.20806811494617,74544000
2014-08-12,157.84921264648438,158.35490035231814,157.36799289767143,157.9144646803908,73632000
2014-08-13,158.91769409179688,159.097134080242,158.1999465835697,158.46909412068405,69047000
2014-08-14,159.66802978515625,159.66802978515625,159.03183816368167,159.17865831624115,57371000
2014-08-15,159.63540649414062,160.39393785480368,158.48536303228084,160.24713015101713,139951000
2014-08-18,160.97305297851562,161.04645683554003,160.42658130030523,160.51630127407412,75424000
2014-08-19,161.81312561035156,161.9354653517059,161.03827820882785,161.36452581613833,59135000
2014-08-20,162.2454376220703,162.44119368796888,161.56031005975126,161.59292984795903,72763000
2014-08-21,162.71847534179688,162.9305350397898,162.25355943838568,162.38406345817285,67791000
2014-08-22,162.46563720703125,162.87345294882488,162.09860552852675,162.58797695134984,76107000
2014-08-25,163.28944396972656,163.607539796175,162.4330282998883,163.24050806497303,63855000
2014-08-26,163.3954620361328,163.79512595678364,163.35467797148695,163.3954620361328,47298000
2014-08-27,163.3302001953125,163.59120823690358,163.07735643348892,163.47700788454617,47874000
2014-08-28,163.24049377441406,163.34652985579768,162.62877012744605,162.7918939441943,58330000
2014-08-29,163.7053985595703,163.72170222824903,162.97948704581168,163.49332641126082,65907000
2014-09-02,163.6238250732422,163.94192083973616,163.01210148801928,163.9174528919711,72426000
2014-09-03,163.5341033935547,164.2763309894046,163.30572758645442,164.25186304189728,57462000
2014-09-04,163.29766845703125,164.41508017938318,162.84906842214556,163.81150809194108,85236000
2014-09-05,164.03167724609375,164.09692926981626,162.64510596725574,163.26498152429306,102177000
2014-09-08,163.60757446289062,164.11327462544747,163.12635470344821,163.87673444161769,64146000
2014-09-09,162.5717010498047,163.57492446121444,162.23728909748448,163.4607365318308,88591000
2014-09-10,163.1833953857422,163.28941901465467,162.12307197777685,162.6613792933481,67251000
2014-09-11,163.37100219726562,163.39547014815804,162.40855049514727,162.53090269515923,66774400
2014-09-12,162.4166717529297,163.22413880958806,161.95175591802635,163.20783514367835,117409300
2014-09-15,162.29434204101562,162.57166619195692,161.80497063953632,162.44116217334317,76401000
2014-09-16,163.51779174804688,163.81141957170584,161.90284494069675,161.9925648991911,116201000
2014-09-17,163.73806762695312,164.49659915193266,162.9224359077653,163.75438374609155,151266000
2014-09-18,164.6107635498047,164.63523150038645,164.02350784474302,164.23556756496822,94990000
2014-09-19,164.4624481201172,165.44577865746382,164.12647299787486,165.13439836460185,121649000
2014-09-22,163.1923065185547,164.20023188161738,162.84814145692087,164.17564955605255,125553000
2014-09-23,162.25819396972656,163.28249955070143,162.2090293024366,162.60235914448648,111393000
2014-09-24,163.5282440185547,163.63477574064453,161.85658374609454,162.2826856270075,107276000
2014-09-25,160.8896484375,163.11034740658323,160.83229385356177,163.1021449633603,150300000
2014-09-26,162.16799926757812,162.569531419712,160.95522537439086,161.18466874597425,103547000
2014-09-29,161.8730010986328,162.1598115689402,160.65203724805406,160.77494887605658,95112000
2014-09-30,161.4469451904297,162.49583306112112,161.11096997304563,161.99597145839084,131302000
2014-10-01,159.25894165039062,161.24199457078433,158.89838430055124,161.18462749070864,177798000
2014-10-02,159.28355407714844,159.84077008406317,157.6200834926425,159.11965524807925,157285000
2014-10-03,161.0371856689453,161.3813507495612,159.857183961847,160.34884300398676,121569000
2014-10-06,160.8487091064453,161.92219159559983,160.26691068099296,161.70912808453798,104778000
2014-10-07,158.3657989501953,160.38163740480442,158.33302668024245,160.0210799166851,147913000
2014-10-08,161.13552856445312,161.36497197087832,157.6283079191223,158.45594217060395,186461000
2014-10-09,157.939697265625,161.10275273137614,157.80858317807332,160.88149927159859,210705000
2014-10-10,156.13693237304688,158.6854049881865,156.09597015553217,157.8987453567088,221909000
2014-10-13,153.5720672607422,156.63678109994308,153.4819278828993,156.07137500663237,230939000
2014-10-14,153.80967712402344,155.54690736765764,153.268840939579,154.39967796092162,215847000
2014-10-15,152.7689666748047,153.8014743047838,149.0732780646754,151.7282816084033,380715000
2014-10-16,152.63792419433594,153.71139444427976,149.8681978978541,150.00750195663693,270391000
2014-10-17,154.4406280517578,155.48951548264716,153.74409557643273,154.39965334666968,214625000
2014-10-20,155.9402313232422,156.06314294983048,154.11287428684895,154.16203893748428,130011000
2014-10-21,159.02955627441406,159.13607552751117,156.90718610168847,157.071072455761,154949000
2014-10-22,157.898681640625,159.71784849696564,157.8331246138342,159.30812645731638,151822000
2014-10-23,159.7342529296875,160.774950571412,159.18522681260995,159.4802272266529,154944000
2014-10-24,160.96340942382812,161.01258657627557,159.3736982656752,159.99647132236214,117927000
2014-10-27,160.7422332763672,160.97986667552044,159.8162570065596,160.38986564566275,82954000
2014-10-28,162.58590698242188,162.59409692208604,161.20923439163383,161.2829938635102,106736000
2014-10-29,162.34005737304688,163.16769134246317,161.26658769375018,162.70061474704164,142557000
2014-10-30,163.38076782226562,163.8478444549362,161.75825950989525,161.90576594907648,113330000
2014-10-31,165.24911499023438,165.38022905885788,164.51981017613906,165.3474442898391,146903000
2014-11-03,165.33920288085938,165.89641874346438,164.96225317683923,165.46211446710402,93600000
2014-11-04,164.76564025878906,165.19994465539864,163.93799366984507,164.89674181917516,93343000
2014-11-05,165.8063201904297,166.01118122036854,165.0770154239963,165.9702065136358,91709000
2014-11-06,166.47012329101562,166.56026267431605,165.23276676000918,165.84735005422223,107089000
2014-11-07,166.62576293945312,166.83882641122077,166.02757223799557,166.48645894068764,89540000
2014-11-10,167.15020751953125,167.1993721659655,166.45368752217072,166.6585485514635,66319000
2014-11-11,167.31411743164062,167.42064918308463,166.87981298860583,167.21578812490873,54499400
2014-11-12,167.1338348388672,167.36327820126,166.60118863752817,166.63397340571314,90120300
2014-11-13,167.3223114013672,167.84675518358503,166.5192595950362,167.29772907592934,85357900
2014-11-14,167.36329650878906,167.56815756931522,166.93718200185114,167.2485748150435,80417500
2014-11-17,167.4698028564453,167.64189163567,166.87980204728342,167.04370088605964,80441000
2014-11-18,168.43682861328125,168.74001909353518,167.52724466878797,167.52724466878797,76068100
2014-11-19,168.16639709472656,168.4368152734276,167.41250967398295,168.2401440969913,82373000
2014-11-20,168.46139526367188,168.56792704572567,167.31416550601728,167.37972256391726,72840300
2014-11-21,169.36270141601562,170.31325957756687,168.78909304395012,170.14937325750884,142327300
2014-11-24,169.8379669189453,169.94449864514237,169.55116900770324,169.76421995637367,65880800
2014-11-25,169.715087890625,170.272303941975,169.46106219052567,170.067442893027,79108300
2014-11-26,170.14935302734375,170.2476823069426,169.64949168317744,169.8625426235494,62167800
2014-11-28,169.7888641357422,170.3378903411174,169.5512307796385,170.02650999557414,57890100
2014-12-01,168.60887145996094,169.24803707732306,168.29749109748255,169.13331536404598,103968400
2014-12-02,169.69863891601562,169.90349989664833,168.62516937809576,168.64975169547392,74507200
2014-12-03,170.35423278808594,170.5672837519187,169.70687745323573,169.87076377185514,68952000
2014-12-04,170.16578674316406,170.66564820875078,169.3791148041144,170.06744493595394,91316600
2014-12-05,170.44442749023438,170.82956734111156,170.07568002765987,170.33789572185978,91025500
2014-12-08,169.30538940429688,170.54274581116482,168.74816077150885,170.05108672735784,108588200
2014-12-09,169.19061279296875,169.297144519898,167.0928380405775,167.46977529879453,125180100
2014-12-10,166.47824096679688,168.7890664744291,166.28975984986093,168.73171189811325,159856400
2014-12-11,167.3223114013672,168.9611997837637,166.92898169063534,167.0682857026919,159012800
2014-12-12,164.61810302734375,167.01908042546944,164.58533076930692,166.0521300131226,202330200
2014-12-15,163.48731994628906,165.96204511457663,162.8891291370386,165.51134827045897,189965800
2014-12-16,162.17620849609375,165.85550503958038,162.13523378436992,162.7252346227588,259543800
2014-12-17,165.3555908203125,165.8062874980582,162.48753696666847,162.61046106262958,253910100
2014-12-18,169.44468688964844,174.5170489736125,167.1010757532422,167.77302606332887,257633900
2014-12-19,170.16563415527344,170.83304527947857,169.41582131853647,170.09146758490033,245084600
2014-12-22,170.94834899902344,170.94834899902344,170.11614727142032,170.35509204991132,148318900
2014-12-23,171.17913818359375,171.5746388092108,170.89074471471864,171.52520280260094,122167900
2014-12-24,171.19564819335938,171.66530290337394,171.15444732373768,171.40163996872755,42963400
2014-12-26,171.74766540527344,172.08549485715466,171.5911096801218,171.64054568327762,57326700
2014-12-29,171.97837829589844,172.18437002799178,171.5004759687134,171.5663948317118,79643900
2014-12-30,171.05551147460938,171.68995685366104,170.98134490786558,171.55813172189147,73540800
2014-12-31,169.35816955566406,171.54168962233103,169.23457953628642,171.37689873891466,130333800
2015-01-02,169.2675323486328,170.46229453969679,168.23757361339727,170.05031104560257,121465900
2015-01-05,166.21060180664062,168.39410903276186,165.90573808107496,168.2293181695571,169632600
2015-01-06,164.64508056640625,167.03457967173875,163.8540667692118,166.51547647443184,209151400
2015-01-07,166.69671630859375,167.03454570394203,165.518449854762,165.9633863814453,125346700
2015-01-08,169.65480041503906,169.8690398817738,168.0810329989834,168.09750328662557,147217800
2015-01-09,168.29525756835938,170.0832644264525,167.68551747007763,170.06678156629934,158567300
2015-01-12,166.97689819335938,168.5836438117954,166.37540583732635,168.42708807890264,144396100
2015-01-13,166.5072479248047,169.30873061252777,165.21361373830064,168.18813502289086,214553300
2015-01-14,165.5019989013672,165.69975549175481,163.61512015411023,164.50499337901047,192991100
2015-01-15,163.98590087890625,166.44955393727855,163.8705460123544,166.13645505534498,176613900
2015-01-16,166.13650512695312,166.29306090147273,163.59868472520566,163.77995850909772,211879600
2015-01-20,166.49075317382812,167.0345743562975,164.9334562042021,166.77089890804422,130991100
2015-01-21,167.3312225341797,167.80912491052092,165.56793362900146,166.02935314471333,122942700
2015-01-22,169.81959533691406,169.95142049511813,166.71323638005796,168.08102454992158,174356000
2015-01-23,168.88848876953125,169.81957534719535,168.75665105410798,169.56413505878655,117516800
2015-01-26,169.28402709960938,169.37466397758615,167.9656873695482,168.6742995320741,92009700
2015-01-27,167.05104064941406,168.1881063322217,166.2270738144371,167.24054950109263,134044600
2015-01-28,164.90870666503906,168.3281636862448,164.71919783080995,168.22929169842698,168514300
2015-01-29,166.43307495117188,166.68850267284625,163.70573401180317,165.10648776880188,173585400
2015-01-30,164.3402099609375,166.58140112937033,164.07654706786562,165.26306151853458,197729700
2015-02-02,166.3754425048828,166.46607939270476,163.03013794612085,164.83462798465027,163107000
2015-02-03,168.78134155273438,168.78958926656478,166.894463277543,167.26524579061075,124212900
2015-02-04,168.138671875,169.2263141420528,167.68548759706135,168.02331701995527,134306700
2015-02-05,169.8360595703125,169.9843801555203,168.72371175857302,168.79786576480814,97953200
2015-02-06,169.36647033691406,170.75897699763968,168.84736694740886,170.19867273118697,125672000
2015-02-09,168.60836791992188,169.4405700473822,168.2046195716701,168.72372279474547,87219000
2015-02-10,170.40455627441406,170.65998394735988,168.6495031280343,169.63827325557665,96164200
2015-02-11,170.50343322753906,170.93189945711313,169.59707734785468,170.23977040584836,91087800
2015-02-12,172.14317321777344,172.20085693903096,170.5364401841845,171.2944882673973,97545900
2015-02-13,172.85179138183594,172.90122738880424,172.01134154515972,172.26678186905983,93670400
2015-02-17,173.12368774414062,173.29672632702625,172.29148569227814,172.53866570677582,76968200
2015-02-18,173.14015197753906,173.21430597391142,172.4892111487526,172.75288656616885,80652900
2015-02-19,173.0165252685547,173.37907263054518,172.40679795314722,172.54687078432823,91462500
2015-02-20,174.0548095703125,174.12896358965654,171.98664416406976,172.60461947074984,140896400
2015-02-23,174.03004455566406,174.03004455566406,173.42853970059855,173.80756998498592,74411100
2015-02-24,174.5244598388672,174.72221645817518,173.65929191691157,173.9559205595038,72472300
2015-02-25,174.3761444091797,174.87876479412583,174.03831491363218,174.40086241395255,73061700
2015-02-26,174.1701202392578,174.4420308138925,173.56861537442805,174.28547509764192,72697900
2015-02-27,173.576904296875,174.33495248517968,173.52746828479377,174.07127699042695,108076000
2015-03-02,174.67276000976562,174.73043115902072,173.62631845239653,173.67575445825463,87491400
2015-03-03,173.95584106445312,174.72213661293964,173.09892125119623,174.24423443089367,110325800
2015-03-04,173.22254943847656,173.43678886860448,172.25850972111044,173.36262229593285,114497200
2015-03-05,173.4120330810547,173.69217873492178,172.90941290312435,173.543858194635,76873000
2015-03-06,170.97314453125,172.98362592918326,170.64356277570667,172.5551595887865,188128000
2015-03-09,171.68174743652344,172.03604717614132,171.01433624497355,171.17089197093955,89818900
2015-03-10,168.896728515625,170.40458942344534,168.85552765684014,170.3222002786125,157121300
2015-03-11,168.50123596191406,169.32520288593318,168.41883424041714,169.15216429988467,110145700
2015-03-12,170.64358520507812,170.70949150665908,169.07804022862712,169.12747624118268,93993500
2015-03-13,169.59710693359375,171.32742986360563,168.5671483183235,170.37163782391494,162410900
2015-03-16,171.8629913330078,171.95362818111172,169.62180070056112,170.32217748797643,136099200
2015-03-17,171.35211181640625,171.73112943854736,170.5446154387895,171.1296372982683,94510400
2015-03-18,173.4120330810547,174.07944408051077,170.24799147318575,170.8824493374302,228808500
2015-03-19,172.6210479736328,173.42029679107185,172.23378256424542,173.0000782410441,117917300
2015-03-20,174.14479064941406,174.64965461375428,173.38335875102342,173.56544166464516,177715100
2015-03-23,173.80543518066406,174.72412155748765,173.80543518066406,174.15304453556226,71784500
2015-03-24,172.82884216308594,174.13651020417512,172.7626290448638,173.68131553829699,77805300
2015-03-25,170.29623413085938,173.26748933946288,170.25486198310298,173.03574974503988,159521700
2015-03-26,169.89065551757812,170.8010572410851,168.93885639849546,169.63408764432745,153067200
2015-03-27,170.2797088623047,170.4535072626137,169.58447737448242,169.77484484187508,118939000
2015-03-30,172.3570098876953,172.65496248677306,171.28935377449938,171.30589757582993,96180400
2015-03-31,170.85073852539062,172.23291668553748,170.7928099467254,171.53768533953814,126768700
2015-04-01,170.24658203125,170.8424874697604,169.26168241402135,170.81765912889423,137303600
2015-04-02,170.8590087890625,171.3059314616564,169.99825105308088,170.18033393458242,86900900
2015-04-06,172.00942993164062,172.5225656951408,169.8410044754476,169.97341805293084,114368200
2015-04-07,171.55421447753906,172.77912525505417,171.52111424197705,172.03424998076227,81236300
2015-04-08,172.13356018066406,172.572210909801,171.38868491994106,171.77767898221072,89351900
2015-04-09,172.89498901367188,173.12672854112427,171.4797235159347,171.9680309038624,85548900
2015-04-10,173.83851623535156,173.87990100302758,172.94467092361134,173.14329760228338,72722900
2015-04-13,173.05227661132812,174.32685688473805,173.0026199357931,173.69783865100243,74436600
2015-04-14,173.38336181640625,173.56544473324718,172.23293573028985,172.8536695025583,75099900
2015-04-15,174.1612548828125,174.6661186164809,173.7639889931758,173.8467585084086,99529300
2015-04-16,174.1116485595703,174.61651243919104,173.63161301592615,173.8302523325971,68934900
2015-04-17,172.1087646484375,173.16814917303128,171.33077637562587,172.9281376944782,191113200
2015-04-20,173.68128967285156,174.01234258579933,172.94468620701252,173.0274431208199,92189500
2015-04-21,173.47434997558594,174.5171778462026,173.1763973512873,174.3599233182593,72559800
2015-04-22,174.32681274414062,174.50889559423757,172.8949782748459,173.81366442620546,78264600
2015-04-23,174.7655029296875,175.41106495177615,173.81370370204252,173.92957348475434,102585900
2015-04-24,175.17108154296875,175.4359340386059,174.72415874265866,175.1793660764962,61327400
2015-04-27,174.44273376464844,175.85799959038906,174.25236632887655,175.73385789650305,79358100
2015-04-28,174.997314453125,175.0469711477259,173.25098246276144,174.4179653013404,86863500
2015-04-29,174.27720642089844,174.8730991774174,173.47438979417575,174.11166732473544,125684900
2015-04-30,172.53085327148438,174.09510155353598,171.8356219903494,173.7061074585782,161304900
2015-05-01,174.40138244628906,174.4427672284767,173.20957144091497,173.30888481507532,103399700
2015-05-04,174.89791870117188,175.4772675801301,174.71583582080524,174.8234210654885,70927200
2015-05-05,172.89498901367188,175.013770252869,172.75429091692274,174.65787643144472,113326200
2015-05-06,172.1832275390625,173.747475786797,171.12384315058932,173.4412512361962,135060200
2015-05-07,172.87022399902344,173.29233107273606,171.7529107171728,172.0839636979741,88244900
2015-05-08,175.14622497558594,175.3448643153034,174.4510062298649,174.53377577862886,155877300
2015-05-11,174.31031799316406,175.36970260739656,174.2358329723651,175.10486276826882,75708100
2015-05-12,173.78884887695312,174.3268255659375,172.6632514612277,173.48262434692913,119727600
2015-05-13,173.822021484375,174.81519304458476,173.59028187462144,174.19445924084596,94667900
2015-05-14,175.63453674316406,175.72557819092486,174.55859580477068,174.8317201480531,95934000
2015-05-15,175.82485961914062,175.96555771670614,175.34482412981623,175.82485961914062,76510100
2015-05-18,176.37112426757812,176.61940762185802,175.59313608054563,175.6593491846397,74549700
2015-05-19,176.313232421875,176.76016784240818,176.0318361223463,176.487043447385,72114600
2015-05-20,176.1890106201172,176.9338858105937,175.87450158780857,176.41246559994647,76857500
2015-05-21,176.7021942138672,176.90910544830965,175.88282117908557,176.04836026972717,64764600
2015-05-22,176.28012084960938,176.73531551654153,176.21390773123392,176.32149299834063,57433500
2015-05-26,174.38475036621094,176.21385086306594,173.9709279815598,175.79174394825336,124308600
2015-05-27,176.0400848388672,176.27182442311454,174.43445155596746,174.84000214283043,93214000
2015-05-28,175.84141540527344,175.94900063898316,175.1544687228412,175.73381754270662,74974600
2015-05-29,174.74893188476562,175.81658817699767,174.48409210164976,175.77521603787758,124919600
2015-06-01,175.10482788085938,175.74210532587335,174.31855516621133,175.41105243570655,93338800
2015-06-02,174.93096923828125,175.6179157956084,174.0288396238662,174.64957309543055,91531000
2015-06-03,175.39447021484375,176.01520376428567,174.90616285354164,175.46068330891364,87820900
2015-06-04,173.9130096435547,175.34483164258145,173.5985005714875,174.69099779307393,151882800
2015-06-05,173.6150665283203,174.28545684704468,172.96122001408557,173.76403654187754,121704700
2015-06-08,172.54736328125,173.65641677564642,172.47287828927844,173.50743416284743,89063300
2015-06-09,172.52259826660156,173.06057509560912,171.89359261101387,172.52259826660156,105034700
2015-06-10,174.59165954589844,174.9723816920857,173.22605074383483,173.2839793100126,134551300
2015-06-11,175.15451049804688,175.53522011524936,174.79861659098182,175.03035617419903,73876400
2015-06-12,173.81365966796875,175.03029839264846,173.54053540030023,174.33507987250462,135382400
2015-06-15,173.06884765625,173.35024392727638,171.97635018681504,172.67985349324155,124384200
2015-06-16,174.0123291015625,174.09509863781517,172.74603349581696,172.9198318415462,85308200
2015-06-17,174.29376220703125,174.89795216606163,173.27576236573117,174.29376220703125,126708600
2015-06-18,176.10629272460938,176.56977187934456,174.32686112078122,174.8896536289997,165867900
2015-06-19,175.32449340820312,175.93993427775777,174.9502441415673,175.8650869624881,130478700
2015-06-22,176.2227020263672,176.80486897140835,176.0147843538319,176.23933899345053,70696000
2015-06-23,176.34744262695312,176.68011850788776,175.95656908857174,176.4306147697586,68476800
2015-06-24,175.06666564941406,176.4555540630857,175.0417165460171,176.08130482184498,92307300
2015-06-25,174.53440856933594,175.69043030134037,174.4595612541665,175.56568477605794,97107400
2015-06-26,174.5011444091797,175.13320954385787,173.95223872653727,174.89201794529356,104174800
2015-06-29,170.84181213378906,174.50948336281797,170.7669648083695,173.02911037205925,202621300
2015-06-30,171.199462890625,172.4220201506252,170.7254043778412,172.37210923589186,182925100
2015-07-01,172.5717010498047,173.01248558425087,171.78992842183146,172.76298179166304,135979900
2015-07-02,172.4136199951172,173.21202930825547,171.99778471938143,173.04569773601827,104373700
2015-07-06,171.9230194091797,172.69646729958498,170.93332895047834,171.1329345465305,117975400
2015-07-07,173.004150390625,173.12889592515094,169.7523147609061,172.122581439206,173820200
2015-07-08,170.1016082763672,171.95623039521413,169.86874149419305,171.67346540118666,164020100
2015-07-09,170.4093475341797,172.44695121445062,170.30123895596645,172.18912259799822,144113100
2015-07-10,172.55506896972656,172.97090440572762,170.45094267878432,172.39704947359968,129456900
2015-07-13,174.45965576171875,174.5677643787652,173.7693672038784,173.81095329826286,106069400
2015-07-14,175.21633911132812,175.5240658332081,174.35971949071106,174.41794251846417,81709600
2015-07-15,175.158203125,175.71542108724967,174.68414463590213,175.2579995688983,97914100
2015-07-16,176.56370544433594,176.56370544433594,175.96490148001948,176.20608041745504,106683300
2015-07-17,176.7134246826172,176.77164773544249,176.14789457666555,176.55540518528056,89030000
2015-07-20,176.8048858642578,177.29556857265433,176.48885960120506,176.93795623306366,70446800
2015-07-21,176.10629272460938,176.92965138896886,175.80689072759588,176.67182277991859,77965000
2015-07-22,175.79025268554688,176.12292861924817,175.3910542553946,175.42431550362008,88667900
2015-07-23,174.80055236816406,176.02310938745734,174.4429400365433,175.9233129582215,90509100
2015-07-24,172.98748779296875,174.95854308817965,172.6548246233276,174.90033274412136,117755000
2015-07-27,171.981201171875,172.61327910909745,171.5404166579117,172.10595940751654,132361100
2015-07-28,174.09364318847656,174.23502569603966,171.98951716307448,172.8128631006647,123544800
2015-07-29,175.291259765625,175.51580174678963,174.0770148021471,174.21839731668058,105791300
2015-07-30,175.3328857421875,175.49921740358909,174.1685387317917,174.78397983829916,91304400
2015-07-31,175.06666564941406,175.85675020098594,174.78390068405764,175.831801097589,103266900
2015-08-03,174.47616577148438,175.09160657051717,173.52806181584714,175.0333962287401,113965700
2015-08-04,174.13522338867188,174.8587728706928,173.65285283722847,174.40135142619573,81820800
2015-08-05,174.7090606689453,175.74032415984416,174.4262830014948,175.02508688859797,85786800
2015-08-06,173.27854919433594,175.00010048511552,172.69636970741797,174.89197926206774,116030800
2015-08-07,172.94589233398438,173.27024334837387,172.04768659637824,173.1205487372491,117858000
2015-08-10,175.1249542236328,175.208113702649,174.05209161490575,174.05209161490575,80270700
2015-08-11,173.5447540283203,174.21009324362433,172.7879305122834,173.7942578203456,126081400
2015-08-12,173.75265502929688,173.93562361316572,170.7919091307483,172.24733297224856,172123700
2015-08-13,173.5364227294922,174.2766091935983,172.99582912473872,173.59463308337382,89383300
2015-08-14,174.16847229003906,174.2433196055732,173.20373125552976,173.34511374830117,72786500
2015-08-17,175.14154052734375,175.14154052734375,173.12058669236848,173.5780081437894,79072600
2015-08-18,174.6342315673828,175.21639859111397,174.40136475789032,174.86709837687528,71692700
2015-08-19,173.25367736816406,174.65919044323707,172.44695562934967,173.89405478493381,172946000
2015-08-20,169.63589477539062,173.22870604693054,169.57767172781692,171.7483330321831,194327900
2015-08-21,164.52940368652344,169.61091178762499,164.27158781942728,167.77291409561514,346588500
2015-08-24,157.6015625,164.23828965252497,151.69669677085173,155.92990933433373,507244300
2015-08-25,155.7469940185547,162.55005506026404,155.45590416290756,162.53341809100982,369833100
2015-08-26,161.72677612304688,162.00121643289907,156.66188921531264,159.74739474093707,339257000
2015-08-27,165.72705078125,165.85179633033704,162.35046922286938,163.85579140320547,274143900
2015-08-28,165.73536682128906,166.20110046922707,164.60429395188672,165.08666457019112,160414400
2015-08-31,164.3963623046875,165.61060723271672,163.8474565417309,164.7622994799919,163298800
2015-09-01,159.48947143554688,161.9844831873683,158.62452692168858,160.6122191096949,256000400
2015-09-02,162.51675415039062,162.55834021823262,160.03005450076014,161.85972727323147,160269300
2015-09-03,162.6331787109375,164.71235508747648,162.1424961317428,163.22365769531467,152087800
2015-09-04,160.1715087890625,161.22773447241386,159.35647479315662,160.38775136267458,207081000
2015-09-08,164.19674682617188,164.34645415715417,162.31717553693585,162.95756555502172,116025700
2015-09-09,162.00112915039062,165.89335460326328,161.6352047043079,165.76860907508595,149347700
2015-09-10,162.88270568847656,164.02209044473517,161.55202754123692,161.80984341832135,158611100
2015-09-11,163.6229248046875,163.68945999438665,161.78492667383196,162.49185196038175,119691200
2015-09-14,163.0157470703125,163.84741765670512,162.53337660737046,163.7975194519673,79452000
2015-09-15,165.05332946777344,165.494113808081,162.97415326244177,163.51473399971422,113806200
2015-09-16,166.4838104248047,166.67510379499427,165.01176263687515,165.3527506199582,99581600
2015-09-17,166.10958862304688,168.73767113237793,165.73533933874756,166.35078023734928,276046600
2015-09-18,163.3950958251953,166.095354048049,162.98546675101164,163.61246252375318,223657500
2015-09-21,164.2394561767578,165.25935755149345,163.19446323567564,164.22273271794728,105726200
2015-09-22,162.10769653320312,162.56749605938978,160.97909885585986,162.08261771870784,153890900
2015-09-23,161.84857177734375,162.74307943304234,161.27173341916327,162.274924463002,92790600
2015-09-24,161.2632598876953,161.72305920278623,159.30703671758982,160.63626430064167,159378800
2015-09-25,161.22158813476562,163.0189716945318,160.35214647555185,162.71801308269121,155054800
2015-09-28,157.17530822753906,160.43569415903292,156.86599437037327,160.32701080110434,178515900
2015-09-29,157.2672882080078,158.62160803211773,156.2724526680415,157.39269504230808,159045600
2015-09-30,160.20166015625,160.36885653634806,158.37082981695073,159.14829872472652,163452000
2015-10-01,160.61964416503906,160.92060272676466,158.68849870907687,160.5778418844145,131079000
2015-10-02,163.0188751220703,163.0439539285114,158.10322495946326,158.64662886362595,211003300
2015-10-05,165.91983032226562,166.14555241022586,164.13080259295467,164.2394859605399,126320800
2015-10-06,165.35137939453125,166.34621508818907,164.69094922107192,165.78610019265616,110274500
2015-10-07,166.70565795898438,167.05677410065115,165.09218202151945,166.27929262132514,124307300
2015-10-08,168.21046447753906,168.49469955536287,166.02015014140514,166.32110868153157,153055200
2015-10-09,168.31072998046875,168.78724008697563,167.68373427025523,168.35253224573506,107069200
2015-10-12,168.46957397460938,168.67020444149125,167.95961694418358,168.38596944256818,56395600
2015-10-13,167.407958984375,169.00471211659178,167.24076257534463,167.7423518024357,88038700
2015-10-14,166.60533142089844,167.926204207173,166.31274101172406,167.34936598496148,99106200
2015-10-15,169.1634979248047,169.17185327783363,166.89794714007698,167.26578677357645,134142200
2015-10-16,169.93260192871094,169.94931263384134,168.80400427550015,169.56476231562704,114580100
2015-10-19,170.0161895751953,170.0161895751953,168.9795646068099,169.28887847560063,76523900
2015-10-20,169.798828125,170.40910048332756,169.3306732881316,169.5814741668147,78448500
2015-10-21,168.74551391601562,170.3673327132533,168.57830479218902,170.21685980932756,102038000
2015-10-22,171.59620666503906,171.80520526590783,168.74547544394838,169.69014044561686,174911700
2015-10-23,173.4772186279297,173.84505825852705,172.465672400051,173.25986464451492,144442300
2015-10-26,173.05087280273438,173.36018670593268,172.68303315770692,173.30167372036806,69033000
2015-10-27,172.71641540527344,173.0508079993867,172.03924935436544,172.3820100549004,77905800
2015-10-28,174.68101501464844,174.70609382437954,172.39039868413275,173.0508286008205,135906700
2015-10-29,174.5807647705078,174.94860445852228,174.0624521680871,174.17949090915843,90525500
2015-10-30,173.82830810546875,175.0906678035745,173.66947988597488,174.7729858520625,131076900
2015-11-02,175.88490295410156,176.0771781398776,174.0289939261339,174.15440076958672,86270800
2015-11-03,176.39486694335938,176.94662646070492,175.30807137302392,175.5337934948954,95246100
2015-11-04,175.8598175048828,176.81285080036469,175.32478149261692,176.68745671790577,96224500
2015-11-05,175.6842041015625,176.37808092919406,174.79805214895825,175.91828149446698,78408700
2015-11-06,175.59226989746094,175.82636008086558,174.27140988270324,175.34148176571142,110471500
2015-11-09,173.9537353515625,175.1324906462806,173.00905749400297,174.98200500452802,131008700
2015-11-10,174.35499572753906,174.38844264814023,173.20968744407082,173.4771990275669,75874600
2015-11-11,173.66957092285156,174.67276216959874,173.60268980556592,174.6226045207017,67846000
2015-11-12,171.24513244628906,173.10104149660526,171.22842173863964,172.63288655711386,121315200
2015-11-13,169.32232666015625,171.10299909281403,169.23873486083247,170.83548747620802,153577100
2015-11-16,171.89718627929688,171.9557120177363,169.02136313702593,169.13841461390479,117645200
2015-11-17,171.77178955078125,173.0842942719435,171.27855586126068,172.20651025903064,121123700
2015-11-18,174.4971466064453,174.63926415551094,172.2065296016327,172.24831912597872,121342500
2015-11-19,174.34666442871094,174.76466170005463,174.0540612362646,174.3800985976621,88220500
2015-11-20,174.98199462890625,175.6591480859818,174.6057996812268,175.0990333405457,94011500
2015-11-23,174.78138732910156,175.5421326776157,174.32158777367135,175.04054359954463,64931200
2015-11-24,175.01541137695312,175.41668506821296,173.39358039794124,173.77813063148923,98874400
2015-11-25,174.99037170410156,175.3414878570116,174.7312026985185,175.14084458837866,51980100
2015-11-27,175.19100952148438,175.39165279848365,174.6058159088999,175.0823261519101,37317800
2015-11-30,174.46365356445312,175.46684417927574,174.3549702227916,175.34980548681744,112822700
2015-12-01,176.12733459472656,176.24438608367103,174.81482971798422,175.0907094642138,97858400
2015-12-02,174.3298797607422,176.39478657671447,174.07907893473657,176.07710468002338,108441300
2015-12-03,171.88882446289062,174.84823929073755,171.16986870435804,174.5807276920756,166224200
2015-12-04,175.2411346435547,175.53373777369958,171.88880183341652,171.88880183341652,192913900
2015-12-07,174.17942810058594,175.3330916304911,173.21802694335994,174.91509445506975,102027100
2015-12-08,173.0090789794922,174.12930867590688,172.03096683355412,172.62452860908843,103372400
2015-12-09,171.6631317138672,174.45535067510497,170.69337489596222,172.37373224132259,162401500
2015-12-10,172.10617065429688,173.41031993494747,171.49589828707198,171.72997570891886,116128900
2015-12-11,168.77052307128906,170.65986548178856,168.4611965249002,169.99943563782836,211173300
2015-12-14,169.62326049804688,169.74866731316496,167.1570795425392,168.9293963640286,182385200
2015-12-15,171.40391540527344,172.30679080687213,169.59816460207603,171.12803574731873,154069600
2015-12-16,173.9119415283203,174.21290007018928,171.21168276083145,172.5241875432432,197017000
2015-12-17,171.26185607910156,174.28815248113082,171.24513261517026,174.22127138167102,173092500
2015-12-18,168.21083068847656,170.65804374797423,168.0510443280171,170.52349829427862,251393500
2015-12-21,169.59840393066406,169.775013261799,168.26966990385102,169.37975636885284,99094300
2015-12-22,171.13739013671875,171.43173476122777,169.4975012497569,170.481434581934,111026200
2015-12-23,173.25662231445312,173.298673375871,172.04562360583907,172.13813080808546,110987200
2015-12-24,172.97067260742188,173.51731070929043,172.75202506598336,173.00431858744722,48539600
2015-12-28,172.57545471191406,172.61749294503812,171.50741924758302,172.2811100869447,65899900
2015-12-29,174.41717529296875,174.745153084243,173.63507934153938,173.66871249584628,92640700
2015-12-30,173.180908203125,174.25736137416686,173.03794487413984,174.1732592596198,63317700
2015-12-31,171.44847106933594,173.1472332823231,171.44847106933594,172.50810099538103,114877900
2016-01-04,169.0517578125,169.06016289116468,167.0081944650401,168.6060448318298,222353500
2016-01-05,169.3377227783203,169.79184094037902,168.2360541115294,169.37135593276818,110845800
2016-01-06,167.2016143798828,168.24440867303812,166.17563024281182,166.79793965461604,152112600
2016-01-07,163.19020080566406,166.04108806372946,162.80334903123807,164.2666411794823,213436100
2016-01-08,161.3989715576172,164.70399054940853,161.11304481839016,164.1489472328963,209817200
2016-01-11,161.5587615966797,162.65202526044848,159.6329457713874,162.31562953118924,187941300
2016-01-12,162.8622589111328,163.61072172372562,160.74301084484253,162.99681719550966,172330500
2016-01-13,158.80038452148438,163.87143316593207,158.42195054530782,163.52663234738185,221168900
2016-01-14,161.4073486328125,162.5258401527385,157.8164163570412,159.40584897331868,240795600
2016-01-15,157.9425506591797,158.7414694764647,156.01673528563242,157.06794763263426,324846400
2016-01-19,158.15281677246094,159.87680784571734,156.588612052986,159.7506674780919,195244400
2016-01-20,156.12606811523438,157.68186767584265,152.23238592197683,155.60467084575157,286547800
2016-01-21,157.00064086914062,158.83394872018695,155.27665035705797,156.59697899195075,195772900
2016-01-22,160.22157287597656,160.4233974191434,158.84238289155195,159.5992505927897,168319600
2016-01-25,157.79957580566406,159.91040542483697,157.60615634093995,159.71698596011285,130371700
2016-01-26,159.95242309570312,160.22994461699724,158.11911543841128,158.45549816182205,141036800
2016-01-27,158.211669921875,161.09619049260044,157.31182597779636,159.43107369909765,185681700
2016-01-28,159.03585815429688,159.952512495273,157.39596900480163,159.75068788129545,143798800
2016-01-29,162.91268920898438,163.0472474720097,159.68336788946976,159.80110316157138,210529300
2016-02-01,162.85379028320312,163.63589883942228,161.33163705774058,161.91190825024958,136061600
2016-02-02,159.91880798339844,161.44096115151413,159.3973980215029,161.43255607374383,182564900
2016-02-03,160.8775177001953,161.28117959209968,157.34544727362672,160.97002488710882,205054900
2016-02-04,161.1298370361328,162.09694728263753,159.75064692143812,160.38137434277135,139531800
2016-02-05,158.06031799316406,161.18872759905096,157.42959045701244,160.6168741257221,180788300
2016-02-08,155.9326171875,156.52129347506644,153.72928044024542,156.22696174737354,191526700
2016-02-09,155.94105529785156,157.21092816449908,154.0656958587226,154.20025413357774,184513100
2016-02-10,155.80648803710938,158.3882588094194,155.68033486002952,156.76519315488096,148214100
2016-02-11,153.77969360351562,154.82250047308233,152.29117389561102,153.34238584115835,219058900
2016-02-12,156.95016479492188,156.9669749482081,154.70477744211524,155.54574706483734,127632400
2016-02-16,159.59930419921875,159.62453227558825,157.791223621083,158.74992901967988,120250700
2016-02-17,162.20628356933594,162.57631239023576,160.63366108051162,160.75981426882714,136009500
2016-02-18,161.54190063476562,162.53425176261555,161.23074588649382,162.47537771176306,102343000
2016-02-19,161.46624755859375,161.6176160062314,160.16274143113696,160.76824088605645,114793000
2016-02-22,163.80406188964844,163.94702518547737,162.97149734457372,163.0387764541717,103640300
2016-02-23,161.73536682128906,163.4173069280054,161.61761869492165,163.14819035148213,111455300
2016-02-24,162.47535705566406,162.75287861972492,159.21240307277986,160.31407141872498,150812200
2016-02-25,164.44325256347656,164.45167047527613,162.16423126556654,162.92109906093668,110728300
2016-02-26,164.06480407714844,165.40194305175584,163.90501775335608,165.30944868764604,129833700
2016-02-29,162.77813720703125,165.02352537488105,162.58471771660658,164.08164316183976,125918100
2016-03-01,166.60450744628906,166.68860954899216,163.52655527073654,163.99749624864373,141799700
2016-03-02,167.35299682617188,167.4034529630207,165.8812996179015,166.2933794558025,102415000
2016-03-03,168.0089569091797,168.02577989932098,166.6045387886515,167.17639213163855,95172200
2016-03-04,168.55560302734375,169.32930668334234,167.37825021549065,168.2023971837878,129293600
2016-03-07,168.6901397705078,169.09381453920702,167.56324324696448,167.63892745402748,100219000
2016-03-08,166.84841918945312,168.12669700106255,166.6886456911612,167.62212277197764,123974900
2016-03-09,167.67254638671875,168.01733421844816,166.873614889325,167.65572339935795,94801200
2016-03-10,167.80714416503906,169.09384004006324,165.9906587606769,168.16036284896478,156838700
2016-03-11,170.51504516601562,170.55709622569168,167.79031101667988,169.25359036882483,137964500
2016-03-14,170.29635620117188,170.7504741715497,169.68245194219742,170.01042959640884,73612000
2016-03-15,170.0188751220703,170.32162478507462,169.07699298480432,169.33769158835602,93169100
2016-03-16,171.0028076171875,171.40648238765817,169.49747721954162,169.5395282788217,129303200
2016-03-17,172.08773803710938,172.59231246338229,170.52353293450798,170.91878995945797,134278500
2016-03-18,172.76393127441406,173.1020490765055,172.27365143252433,172.58641104437726,138372400
2016-03-21,173.00906372070312,173.23730032986407,172.27365041141124,172.50188702057216,72926700
2016-03-22,172.91603088378906,173.48238513416123,172.07918504889994,172.2397825749512,97471900
2016-03-23,171.77488708496094,172.72162705068263,171.60581532105522,172.53565842907807,81052500
2016-03-24,171.69883728027344,171.73265679981606,170.5323218234029,170.75209710695995,84360900
2016-03-28,171.8002471923828,172.32433355093423,171.35223538942148,172.1130067420519,62408200
2016-03-29,173.38941955566406,173.4993136259978,171.0901827963273,171.39449392325025,92922900
2016-03-30,174.1501922607422,174.86869563885705,173.78670345904297,174.38687724392875,86365300
2016-03-31,173.72756958007812,174.47989260303018,173.56695912039737,174.0572389294983,94584100
2016-04-01,174.91102600097656,175.09699468247263,172.4258198922278,172.73859243749058,114423500
2016-04-04,174.34461975097656,175.03777788495927,174.04030862602207,174.8348995022013,63497000
2016-04-05,172.60325622558594,174.35303518920986,172.34966151971454,173.0090000159627,99662200
2016-04-06,174.4883575439453,174.54753525505535,172.42580535820343,172.60332559316583,91839800
2016-04-07,172.40042114257812,173.7613664106227,171.67345634911894,173.4063388926588,113859000
2016-04-08,172.8653564453125,174.00652654940822,172.33280867695225,173.5754115375483,95040600
2016-04-11,172.45960998535156,174.19249264083268,172.3666256604711,173.49933441929358,83757500
2016-04-12,174.06570434570312,174.34465734525966,172.18912082022655,172.62868429513696,115350600
2016-04-13,175.82391357421875,175.90844946124486,174.84335403752408,174.97860629741962,96336400
2016-04-14,175.83229064941406,176.3310315430902,175.48572460932343,175.88301990006264,65212900
2016-04-15,175.63792419433594,175.96759347741101,175.31670333961935,175.83234123349203,75761600
2016-04-18,176.8720703125,176.90587692276193,174.97857767874913,175.6379162149449,82531000
2016-04-19,177.4300079345703,177.68360271971372,176.61852010015124,177.29476856107817,88316100
2016-04-20,177.5990753173828,178.29222062132038,176.99890143737912,177.4722714787738,81100300
2016-04-21,176.64382934570312,177.72582142404946,176.37332487693504,177.61592737131704,85695000
2016-04-22,176.64382934570312,176.9143209161082,175.74780586504409,176.28880190421725,99251700
2016-04-25,176.33956909179688,176.38183703951964,175.4350840243229,176.0437063561041,66166500
2016-04-26,176.60159301757812,177.10878253811143,176.1282230108752,176.70302576233865,75864200
2016-04-27,176.96502685546875,177.3538608551245,175.86612516805843,176.22115256275507,77329400
2016-04-28,175.35903930664062,177.3116975791628,174.94484688420798,176.21280814152047,97216200
2016-04-29,174.41224670410156,175.0884950847974,173.31334469776647,174.74191601616556,142424100
2016-05-02,175.7985382080078,175.97604549570423,174.47986104880636,174.91096307443323,62188000
2016-05-03,174.26853942871094,174.80953553313523,173.52466494824083,174.57285054359738,106422100
2016-05-04,173.29644775390625,174.00651570023666,172.79771953438598,173.27955089445425,92243800
2016-05-05,173.26266479492188,174.11642065500112,172.84001108032206,173.76139308254142,67619200
2016-05-06,173.89657592773438,173.9388438619898,172.34121397469085,172.49336305997522,89315000
2016-05-09,174.04031372070312,174.47141578602287,173.59230189840062,173.769822100806,74374900
2016-05-10,176.20431518554688,176.22122494415262,174.67431094007443,174.74193707613085,77472200
2016-05-11,174.5559844970703,176.28040598098474,174.5559844970703,175.74787107035834,81727000
2016-05-12,174.60667419433594,175.39281669215237,173.6007564414654,175.2237449131014,89586300
2016-05-13,173.08509826660156,174.86024855249067,172.76389030030523,174.31080402981107,96474600
2016-05-16,174.79263305664062,175.26600305543033,173.1950028615428,173.25418056057407,77486800
2016-05-17,173.16122436523438,174.80957119952959,172.63712501144184,174.52216978193292,114924900
2016-05-18,173.2119140625,174.3868906401381,172.12992179956848,172.81461861769614,120062100
2016-05-19,172.6117706298828,172.8991720538204,171.41143565487803,172.49342810835748,115430500
2016-05-20,173.7021942138672,174.2178321605185,173.1696465104042,173.22036288247395,104990400
2016-05-23,173.4654541015625,173.9979887374727,173.27948553081254,173.71903588134776,58682600
2016-05-24,175.7140350341797,176.02680752513348,174.2516569275828,174.27701511625924,93537800
2016-05-25,176.90594482421875,177.32015012450003,175.71405820578408,176.39030675585562,76621400
2016-05-26,176.9565887451172,177.26936114923737,176.64382923936,177.04112461614707,55280700
2016-05-27,177.71743774414062,177.72588617498153,177.06654741509595,177.11726379687676,64211200
2016-05-31,177.37924194335938,178.09775815056543,176.8213361517662,177.98786409812232,109879400
2016-06-01,177.74276733398438,177.92027464165395,176.57623914726463,176.7706562122627,69936200
2016-06-02,178.28375244140625,178.30064929932263,176.8720909034982,177.3454608924536,63044700
2016-06-03,177.75120544433594,178.09778450843905,176.5508707110088,177.72584725899813,101757100
2016-06-06,178.65570068359375,179.01072819715816,177.94563275809935,178.10624320674253,64887000
2016-06-07,178.9346466064453,179.4925525310708,178.7824974806562,178.80785566828771,60974800
2016-06-08,179.51788330078125,179.64468711793805,178.94308060443555,179.06987152322824,66170900
2016-06-09,179.2727813720703,179.39112388317923,178.52045835894236,178.79094999932,73786900
2016-06-10,177.57373046875,178.24151763480347,177.03272135409668,177.90339983651236,113829200
2016-06-13,176.20431518554688,177.82730375580104,176.11979218925129,176.97354797252618,117751200
2016-06-14,175.8577423095703,176.44946779644985,174.9110021679503,175.8239356895269,125059300
2016-06-15,175.612548828125,176.9734937657841,175.42658023552343,175.85768221017472,109124500
2016-06-16,176.13668823242188,176.3057600209619,173.78673483342055,175.61260180337405,149533100
2016-06-17,175.480712890625,176.05850485768823,174.82643777990978,176.033014798285,117055700
2016-06-20,176.61082458496094,178.10629762797106,176.52584907431972,177.43503776949882,82789600
2016-06-21,177.11212158203125,177.51997545201309,176.55131440740573,176.99316366305985,72461700
2016-06-22,176.82327270507812,178.01285221148314,176.6788117256736,177.29059917623738,95560500
2016-06-23,179.12591552734375,179.1768956408914,177.81737840633824,178.2762123937077,102731400
2016-06-24,172.6936798095703,179.15992155939594,172.2518305235005,173.02506353276226,333444400
2016-06-27,169.60073852539062,171.30014467107415,168.793510233839,171.29163934246415,230775800
2016-06-28,172.65969848632812,172.685188546693,170.89231416352035,171.19820785334176,159382400
2016-06-29,175.5996856689453,175.8290962229699,173.95125920581162,174.0532194520448,137328600
2016-06-30,177.99586486816406,178.0468449977692,175.51473249230278,176.06704748239667,165021900
2016-07-01,178.3697509765625,178.85408817817532,177.8344336411896,177.99587937506053,106055300
2016-07-05,177.08663940429688,177.6559389679489,176.49184978297694,177.54547340776043,109803700
2016-07-06,178.14878845214844,178.2677463898298,175.93955479184584,176.59382993181467,96021500
2016-07-07,178.0383758544922,178.99003963910883,177.27364787977478,178.3272719369013,85593800
2016-07-08,180.68936157226562,180.93578273538094,179.1004209018401,179.32984437239284,133971000
2016-07-11,181.3266143798828,181.89592679747858,180.94425062430736,181.14818401115238,73633900
2016-07-12,182.64366149902344,182.94106274210645,181.35210927870276,182.2867877865873,101275600
2016-07-13,182.61822509765625,183.06856679318818,182.13390097614436,183.06007442805392,87324100
2016-07-14,183.63787841796875,184.10521783972584,183.24702214918557,183.87579431169166,91230900
2016-07-15,183.3914337158203,184.39407721649118,182.9495844443756,184.19864912093422,107155400
2016-07-18,183.88433837890625,184.04578411910833,183.25555311849985,183.5104667627428,58725900
2016-07-19,183.69737243652344,183.73135486630622,183.2215406268984,183.4679488977955,54345700
2016-07-20,184.46206665039062,184.6999825118304,183.69733894796877,183.69733894796877,58159500
2016-07-21,183.76531982421875,184.57253529366417,183.3234705175606,184.35161712305623,67777300
2016-07-22,184.58949279785156,184.64047290570412,183.62083185233485,183.88423771986598,62787500
2016-07-25,184.08824157714844,184.43662309260773,183.51044947238742,184.3856429616518,55873100
2016-07-26,184.17323303222656,184.53010694522436,183.33202190237333,183.98629722559252,70080500
2016-07-27,183.97776794433594,184.61504543941956,183.21302717096927,184.54706761742406,84083900
2016-07-28,184.19020080566406,184.47909683608788,183.32349974894834,183.7823338581247,65035700
2016-07-29,184.4875030517578,184.84437674012176,183.6463054168422,183.9267089502935,79519400
2016-08-01,184.33457946777344,184.937861365186,183.8842378940634,184.54700522765324,73311400
2016-08-02,183.15354919433594,184.24116838280028,182.32084358935867,184.08821504653068,92295500
2016-08-03,183.68887329101562,183.74835875194424,182.7966951006453,183.0940835089538,53993600
2016-08-04,183.88433837890625,184.19872452638617,182.04897569889286,183.79936284234307,46585500
2016-08-05,185.38829040527344,185.43077817038306,183.88432465086828,183.88432465086828,71892200
2016-08-08,185.27777099609375,185.67713250638295,185.0143650989755,185.57515931378427,39906500
2016-08-09,185.38829040527344,185.8811199565648,185.06541191442057,185.34581560560937,51251700
2016-08-10,184.929443359375,185.57521326150467,184.5810618613883,185.498743068906,57941100
2016-08-11,185.78762817382812,186.0340494005156,185.19283843509893,185.45624439329015,72504300
2016-08-12,185.62619018554688,185.83861601233525,185.22682859394925,185.4817292137405,61313500
2016-08-15,186.1614990234375,186.5098804996308,185.98306858520257,185.99156095092297,49813500
2016-08-16,185.20130920410156,185.81308356016547,185.20130920410156,185.74511871594618,53213600
2016-08-17,185.5496826171875,185.68563824014774,184.40259108274523,185.23529658385354,75134300
2016-08-18,185.966064453125,186.00004688027445,185.4137624952037,185.52421510752194,52989300
2016-08-19,185.69415283203125,185.87259622920638,185.0144005667477,185.4987247040344,75443000
2016-08-22,185.6856231689453,185.9150466433893,185.09083357357272,185.45619969450132,61368800
2016-08-23,186.05950927734375,186.59482643807337,186.00002383039967,186.2974251342365,53399200
2016-08-24,185.1078643798828,186.00854778048802,184.6915051059202,185.9150799012492,71728900
2016-08-25,184.98037719726562,185.39673641740734,184.5725233066918,184.72546365361646,69224800
2016-08-26,184.63201904296875,186.18697759310794,183.7483333411749,185.16733625551717,122506300
2016-08-29,185.5412139892578,185.80461993903992,184.72549311258223,184.75948850539226,70502200
2016-08-30,185.2352752685547,185.73659698441068,184.6829734413154,185.45619340636233,58114500
2016-08-31,184.7084503173828,185.0228362921073,183.93521744206853,184.90387838555432,85269500
2016-09-01,184.71694946289062,185.0058453943504,183.56135277161167,184.69995177120478,97844200
2016-09-02,185.5496826171875,185.9745342148569,184.98038303216353,185.566680311418,79293900
2016-09-06,186.11056518554688,186.18703539238064,185.11641360036663,185.8301614617093,56702100
2016-09-07,186.0934600830078,186.27190342808075,185.49017817889938,185.94901212053904,76554900
2016-09-08,185.66868591308594,186.03406511838986,185.36279216940278,185.76215380602926,74102900
2016-09-09,181.2246856689453,184.41107246165055,181.19919561183895,184.36009234743784,221589100
2016-09-12,183.82481384277344,184.22417544194204,180.4005104872635,180.4684883089777,168110900
2016-09-13,181.1822052001953,182.81363374777334,180.56192550994362,182.5502278367942,182828800
2016-09-14,181.1142120361328,182.43125444481828,180.56191020286496,181.2331699524724,134185500
2016-09-15,182.924072265625,183.3064360464979,180.77432457814706,180.95276792412224,134427900
2016-09-16,182.21697998046875,182.49026474179965,181.53379413901084,182.31091998830942,155236400
2016-09-19,182.2511444091797,183.5065185723338,181.92662201760845,182.86602208219125,80250500
2016-09-20,182.2596893310547,183.2588623449213,182.22553525004807,183.1051494339888,69665300
2016-09-21,184.3092803955078,184.48861211944993,182.27676731793207,182.95996619560697,110284400
2016-09-22,185.4707489013672,185.76965255883255,185.06938297785203,185.3170359558854,76678700
2016-09-23,184.45449829101562,185.21455378766734,184.36055826194914,185.07791137612742,73630900
2016-09-26,182.95999145507812,183.80543861796872,182.7635631176334,183.62610686926803,89827300
2016-09-27,184.0957794189453,184.18970639548482,182.43047810181935,182.79770286955798,78494800
2016-09-28,185.00958251953125,185.16330848389094,183.36137747790448,184.31784825725526,87411000
2016-09-29,183.3357391357422,185.20599127847757,182.78918256246698,184.8046123697199,128070600
2016-09-30,184.71925354003906,185.4195231660117,183.9164955795557,184.16414857350068,117202900
2016-10-03,184.27511596679688,184.49715006712572,183.6431547153356,184.30928307819204,83512100
2016-10-04,183.3357391357422,184.60819706254165,182.74649321420745,184.38616293403305,119948100
2016-10-05,184.1470489501953,184.57404668886872,183.8908477008039,183.95916890270405,72816000
2016-10-06,184.27511596679688,184.49715006712572,183.3869665345465,183.92497474513854,62927400
2016-10-07,183.6431884765625,184.71923115743763,182.9173001126535,184.54843466186713,89788300
2016-10-10,184.599609375,185.0607610589214,184.45443175171116,184.599609375,51855000
2016-10-11,182.2681884765625,184.2409283258376,181.54230037832636,184.17260714642728,130367400
2016-10-12,182.50735473632812,183.028292428927,181.9095475575587,182.40486643174575,73866100
2016-10-13,181.90957641601562,182.40489536878093,180.37239494370476,181.18368806096598,101357000
2016-10-14,182.00350952148438,183.34428865778796,181.9266530569787,182.88312380888053,93346200
2016-10-17,181.37149047851562,182.2340208715299,181.19214576701324,181.97781972549717,58275700
2016-10-18,182.50735473632812,183.01974413549965,182.13159469170796,182.95997123618378,76869700
2016-10-19,182.99411010742188,183.30154893374586,182.41339956377323,182.77207602266222,66519200
2016-10-20,182.6525115966797,183.2076033070078,181.99493159343336,182.64396330422522,73639800
2016-10-21,182.73793029785156,182.82333504941005,181.69605487732855,182.65253857722863,89089100
2016-10-24,183.51507568359375,183.88230049108293,183.16493443320397,183.60901570123647,60146600
2016-10-25,182.90020751953125,183.59194176253314,182.73794629592604,183.33574051636367,66542300
2016-10-26,182.53297424316406,183.11368483726895,181.84122705063066,182.08035774160138,75705500
2016-10-27,182.04623413085938,183.284525101428,181.96937765696865,183.25037101223376,77220200
2016-10-28,181.5081787109375,182.69523180962065,180.79937398784872,182.0205811693207,140623200
2016-10-31,181.51675415039062,182.06331077329938,181.35449291327214,181.84126359368977,61272500
2016-11-01,180.2015380859375,181.89245811082677,178.9974146530381,181.84120744839947,122781800
2016-11-02,179.11700439453125,180.27843868899564,178.68145838977213,179.89413032457617,103330800
2016-11-03,178.29713439941406,179.54397324800323,178.02386268454555,179.3304744269453,88939300
2016-11-04,178.10073852539062,179.24508920344076,177.95556087497548,178.4081773824272,109122100
2016-11-07,182.0291748046875,182.06334192936873,178.10080247744577,178.10080247744577,109794900
2016-11-08,182.8489532470703,183.4125933311949,181.37154487286696,181.6362813584885,106772100
2016-11-09,184.78749084472656,185.40236844883296,181.33734284047043,181.36296165473044,258429000
2016-11-10,185.2486572265625,186.4357101615232,183.79686783596034,185.57317960750834,172113300
2016-11-11,184.8217010498047,185.06081874280605,183.88231383613845,184.53134571272258,100552700
2016-11-14,184.9669189453125,185.54764277671057,184.22394688268503,185.34267912487482,94580000
2016-11-15,186.41012573242188,186.41012573242188,185.14621611543055,185.35116668357506,91652600
2016-11-16,186.06002807617188,186.29061055031084,185.6757326398999,185.79529150964984,65617700
2016-11-17,187.01649475097656,187.07626766484796,186.10271323531964,186.21373682943002,69797200
2016-11-18,186.59800720214844,187.2555873521638,186.4186624227128,187.08479086709053,86265800
2016-11-21,188.0071258544922,188.03274467997986,187.02503612829443,187.17021381637088,72402600
2016-11-22,188.37432861328125,188.55366037063234,187.64842722721824,188.31454267353945,67429000
2016-11-23,188.47679138183594,188.52802902338945,187.6654983183874,187.86191362132126,56620200
2016-11-25,189.17706298828125,189.21121707036835,188.74151699832356,188.81838648715674,37872300
2016-11-28,188.28890991210938,189.1429053473451,188.18643462978068,188.8696335841565,76572500
2016-11-29,188.65614318847656,189.108759746981,188.02418184691524,188.32308547503106,69886700
2016-11-30,188.2035369873047,189.4332926218375,188.14375104601663,189.2710313879842,113291800
2016-12-01,187.51177978515625,188.502404564412,187.15309024313768,188.502404564412,79040500
2016-12-02,187.60572814941406,188.09251184695535,187.24705159745926,187.59719288541658,74840300
2016-12-05,188.73297119140625,189.07456411693533,188.23765232773474,188.4340676083672,67837800
2016-12-06,189.33074951171875,189.36491661997857,188.44260016096956,188.9208354291371,59877400
2016-12-07,191.80735778808594,191.8671306855542,189.05749176211253,189.17705058798379,110738100
2016-12-08,192.27711486816406,192.7468150805891,191.51705926294514,191.7818088597225,99714400
2016-12-09,193.43850708007812,193.45559063795153,192.46495277627835,192.4991198920252,88005800
2016-12-12,193.21644592285156,193.82278834864064,192.79798351457825,193.34454001164195,102016100
2016-12-13,194.50595092773438,195.0012697300262,193.85691923728294,193.87400279072287,110477500
2016-12-14,192.9004669189453,194.9073481010056,192.46492096624655,194.20707871517268,142501800
2016-12-15,193.69476318359375,194.5487588860255,192.90908870106938,193.13967118938922,124972600
2016-12-16,193.3158416748047,194.20923899620848,192.9980052029393,194.14910068653683,156420200
2016-12-19,193.73678588867188,194.15771476654723,193.3502255069753,193.4962588463833,90341100
2016-12-20,194.48416137695312,194.63020784253237,194.03747573218476,194.26940412582675,89838800
2016-12-21,193.94296264648438,194.52709601948894,193.94296264648438,194.3552928572959,67909000
2016-12-22,193.6079559326172,193.91720689008744,193.21279683394997,193.7969433570569,56219100
2016-12-23,193.8914337158203,193.90001928669471,193.4619192327482,193.65089354617749,36697800
2016-12-27,194.37246704101562,194.7676129828244,194.1405255748076,194.15770982245942,42672500
2016-12-28,192.7660675048828,194.64734277198784,192.65440266833653,194.63017163266682,64095000
2016-12-29,192.7231903076172,193.1870602698056,192.2850770629314,192.83485518110567,48696100
2016-12-30,192.01876831054688,193.13550873090074,191.331542428195,193.04960058020293,108998300
2017-01-03,193.48768615722656,193.9945100938081,192.31940625644611,193.3158698803758,91366500
2017-01-04,194.63870239257812,194.78473568212368,193.80544359925509,193.81402916649793,78744400
2017-01-05,194.48416137695312,194.63879341379015,193.69385626573714,194.37249651963222,78379000
2017-01-06,195.17994689941406,195.6438167017955,194.05460811776294,194.59580047699106,71559900
2017-01-09,194.53573608398438,195.05974436018457,194.5013675795894,194.92229655809248,46939700
2017-01-10,194.53573608398438,195.38616650547345,194.14916250213238,194.552907228438,63771900
2017-01-11,195.0854949951172,195.0854949951172,193.78835279054965,194.44980880377815,74650000
2017-01-12,194.5957794189453,194.7847667903599,193.24711111320138,194.57000960536502,72113200
2017-01-13,195.04249572753906,195.34314794916313,194.73324482878263,194.76760021409356,62717900
2017-01-17,194.35528564453125,194.81056990593012,193.96872526700736,194.40682528050235,61240800
2017-01-18,194.78482055664062,194.82777462704385,194.0546406830118,194.6044187040439,54793300
2017-01-19,194.063232421875,194.9995708275679,193.63371794868652,194.86212305028965,66608800
2017-01-20,194.7761993408203,195.26583895213346,194.11474347933733,194.74183084769052,129168600
2017-01-23,194.26943969726562,194.8364020899103,193.51350294815083,194.77627686461182,75061600
2017-01-24,195.51499938964844,195.92732962629242,194.37248928326196,194.48415413642564,95555300
2017-01-25,197.20733642578125,197.20733642578125,196.29675447855837,196.4599721210582,84437700
2017-01-26,197.00112915039062,197.32756437647967,196.72623356889608,197.0612543665033,59970700
2017-01-27,196.69180297851562,197.22439657936877,196.51140118366078,197.07836327293285,59711100
2017-01-30,195.4720001220703,196.03036358200856,194.492707844136,196.00459376741074,79737300
2017-01-31,195.45481872558594,195.51495703235008,194.41540123435126,194.98235027150696,75880800
2017-02-01,195.53219604492188,196.36545530561506,194.9480625591026,195.45488657316525,79117700
2017-02-02,195.6610107421875,195.94449184417536,194.84493593159607,195.5321485461528,69657600
2017-02-03,197.0097198486328,197.190121717151,196.25378319533692,196.5630341786944,80563200
2017-02-06,196.65748596191406,197.00110539735095,196.32246520470133,196.60594632353383,57790100
2017-02-07,196.6660919189453,197.2845938178819,196.47710449939572,197.04406675804452,57931200
2017-02-08,196.92376708984375,197.05261616691757,196.12486348876837,196.66605582795688,51566200
2017-02-09,198.09207153320312,198.3927237865184,196.92379169339242,196.92379169339242,65955200
2017-02-10,198.87376403808594,199.09711992769516,198.1092288870743,198.4356640440478,66015900
2017-02-13,199.9561767578125,200.21388807002674,199.3376748515951,199.36344467204233,55182100
2017-02-14,200.7550506591797,200.763649337106,199.4321519248641,199.7757582406565,71109000
2017-02-15,201.80311584472656,201.99210329651262,200.48880236223332,200.54034201131242,86785800
2017-02-16,201.63128662109375,202.00926147588143,200.88393559041765,201.82885961964467,84722400
2017-02-17,201.94912719726562,201.94912719726562,200.95265039792142,200.96983464832184,77204100
2017-02-21,203.15176391601562,203.32356708684515,202.30990609578996,202.31850477436353,88946100
2017-02-22,202.97134399414062,203.1946867855585,202.58478361725787,202.74800120272272,62115200
2017-02-23,203.1088409423828,203.50398698501354,202.3528911457067,203.48681584072088,74615900
2017-02-24,203.36651611328125,203.40945707411748,202.22400604937198,202.2669601179496,82381600
2017-02-27,203.68431091308594,203.8561140444704,203.03145377072948,203.28056634507615,56515400
2017-02-28,203.1345672607422,203.54689746709954,202.74800687304838,203.30637042107935,96961900
2017-03-01,205.97792053222656,206.44180341536486,204.76668680237975,204.7838710482061,149158200
2017-03-02,204.68081665039062,205.7975568254465,204.6292770143903,205.78895814761938,70246000
2017-03-03,204.80966186523438,204.97287944797426,204.2169298469644,204.59490464746935,81974300
2017-03-06,204.19973754882812,204.55192938758756,203.59840691520102,204.0193357371922,55391500
2017-03-07,203.58985900878906,204.25131496349996,203.38368734417045,203.89910995184624,65103700
2017-03-08,203.21189880371094,204.13965169965755,203.07445101740572,203.88194037727087,78168800
2017-03-09,203.46961975097656,203.79605498195744,202.5075114168135,203.33217195816954,90683900
2017-03-10,204.18258666992188,204.46606778725314,203.23764961215105,204.42311371958334,81991700
2017-03-13,204.28562927246094,204.32858333241956,203.79598969060137,204.12241170926148,57256800
2017-03-14,203.5039825439453,203.79606239121486,202.89407924127278,203.74450963623073,59880800
2017-03-15,205.26498413085938,205.6859130744163,203.83899279496555,204.07093430327186,96081800
2017-03-16,204.86117553710938,205.4796772945059,204.53475352073914,205.402367851766,78344000
2017-03-17,204.50144958496094,205.3124518330771,204.50144958496094,205.12264223608113,89002100
2017-03-20,204.27719116210938,204.7862201460407,203.88894893986972,204.5015056724597,52537000
2017-03-21,201.6543426513672,205.0018797601246,201.5249329857266,204.88109301727087,131809300
2017-03-22,202.12884521484375,202.41355961375712,201.0676465750876,201.68883923366832,97569200
2017-03-23,201.91317749023438,203.04339913250152,201.54219433458178,202.12886904531643,100410300
2017-03-24,201.76644897460938,202.7845064935825,200.9899648725032,202.21509096226112,112504900
2017-03-27,201.55941772460938,201.81825019482486,199.82526255426836,200.10134086833625,87454500
2017-03-28,203.02613830566406,203.4488852969795,201.14530123845407,201.25746505154598,93483900
2017-03-29,203.2159423828125,203.44889293999827,202.51710387602253,202.74143151063373,61950400
2017-03-30,203.86300659179688,204.06145228376155,202.9829946026055,203.15554519863713,56737900
2017-03-31,203.3884735107422,204.05279389108298,203.33669648930265,203.52650607361866,73733100
2017-04-03,203.03477478027344,203.638708497298,201.8096483358042,203.44027595415443,85546500
2017-04-04,203.1641387939453,203.25042066188962,202.3703956349636,202.75001479029498,56466200
2017-04-05,202.5602264404297,204.81204651620817,202.3531578345219,203.8371165982791,108800600
2017-04-06,203.12966918945312,203.64732099263955,202.2582669322238,202.69828610441428,69135800
2017-04-07,202.922607421875,203.61282301419865,202.43946045667866,202.87946647896086,74412300
2017-04-10,203.04339599609375,203.83713932676267,202.5171080832324,203.0606550063687,67615300
2017-04-11,202.80178833007812,202.90531604474356,201.31782965096872,202.66374260068065,88045300
2017-04-12,201.91317749023438,202.71555692081887,201.68886301226544,202.52574729916523,81864400
2017-04-13,200.6017608642578,202.31004738858752,200.6017608642578,201.57669086568936,92880400
2017-04-17,202.37901306152344,202.37901306152344,200.92093651514458,201.11936899540362,68405400
2017-04-18,201.7751007080078,202.31002463439688,201.09352129125438,201.6456910607653,83225800
2017-04-19,201.4041748046875,202.70694722770114,201.179847132741,202.3359640237427,68699900
2017-04-20,203.04339599609375,203.48341518711555,201.69748281953486,202.01670210339964,92572200
2017-04-21,202.39625549316406,203.01744801328724,201.9993905393296,202.96568416407084,110389800
2017-04-24,204.62222290039062,204.82929149211256,202.3704029788798,204.6308458215921,119209900
2017-04-25,205.8128662109375,206.1579674025081,205.17441452528865,205.2606964055646,76698300
2017-04-26,205.6834716796875,206.6584017688753,205.64034389838443,205.77837649513734,84702500
2017-04-27,205.85595703125,206.15791720916425,205.3210332003571,206.00262566019637,57410300
2017-04-28,205.4073486328125,206.140691897407,205.27792582275546,206.1148099683487,63532800
2017-05-01,205.92501831054688,206.3477784632554,205.51089424478687,205.92501831054688,66882500
2017-05-02,206.00265502929688,206.18382852892205,205.59715392949636,206.06304180758352,57375700
2017-05-03,205.75244140625,206.09755572089628,205.07948494864596,206.00265092996418,73137700
2017-05-04,205.99403381347656,206.1320795520473,205.14852670307175,206.05443376088857,61462700
2017-05-05,206.80502319335938,206.8222822007975,205.9249981207301,206.36501723942743,62001300
2017-05-08,206.7705078125,206.9948222387099,206.34774772277183,206.84815359486905,48385700
2017-05-09,206.58074951171875,207.22782418827242,206.23563511869597,207.02939164026435,51363200
2017-05-10,206.95162963867188,206.95162963867188,206.3304372052725,206.53750573799275,54293800
2017-05-11,206.52894592285156,206.69287358241365,205.45048833601197,206.50306399394864,62358300
2017-05-12,206.18385314941406,206.57209528830768,205.91639774628214,206.27875795356732,53912700
2017-05-15,207.3226776123047,207.4434643287316,206.58932122807815,206.60658023464333,61918900
2017-05-16,207.13290405273438,207.64193293442258,206.7446619084767,207.61605100245654,51241800
2017-05-17,203.45748901367188,207.13286751699474,203.3970890732269,207.13286751699474,172174100
2017-05-18,204.27719116210938,205.12269849395105,203.1210742547524,203.3799067911687,107047700
2017-05-19,205.60581970214844,206.27015339035034,204.70854860873789,204.76031247656204,115011400
2017-05-22,206.6497344970703,206.81366215810078,206.04580087598345,206.1148105771657,61010600
2017-05-23,207.1069793701172,207.2709070152425,206.64107836136483,207.0206975048625,48341700
2017-05-24,207.59014892578125,207.693676643599,207.0034611403605,207.33995255279973,46927700
2017-05-25,208.5823516845703,208.85844318754206,207.89214925667585,208.09920471913722,64071700
2017-05-26,208.5392303466797,208.70314487126794,208.31490270239541,208.39254850321635,46629900
2017-05-30,208.35800170898438,208.608198071749,208.06466441063546,208.2199559810207,35201900
2017-05-31,208.30630493164062,208.68592422340433,207.616089234322,208.6514061979152,91796000
2017-06-01,209.96275329589844,209.98001230359506,208.47879458836476,208.76350897391356,68962000
2017-06-02,210.66159057617188,210.81689531507217,209.7211787156477,210.0145160210793,88666100
2017-06-05,210.5063018798828,210.77375725994833,210.3078562016436,210.48904287204337,44698800
2017-06-06,209.83331298828125,210.49763329272264,209.75565404737722,209.94546361000724,50375400
2017-06-07,210.22158813476562,210.44590257830131,209.50549070204522,210.16982427585478,54144300
2017-06-08,210.32518005371094,210.7997041798505,209.7988920528597,210.3165571295156,65950700
2017-06-09,210.00588989257812,211.38630769016876,208.7462456520709,210.59256449448196,132256400
2017-06-12,209.96275329589844,210.01451715422266,209.11724622548317,209.76432078406708,86108100
2017-06-13,210.9894256591797,211.04118951225954,210.1525415950174,210.49764272539258,60067000
2017-06-14,210.72195434570312,211.26548792663178,209.90231618481425,211.2568650066931,78602300
2017-06-15,210.31649780273438,210.43728453124618,209.0999944310873,209.37607273992884,66464900
2017-06-16,210.36244201660156,210.52716909236761,209.48680357522417,210.47515280085526,84553100
2017-06-19,212.11370849609375,212.17438975310907,211.09067303745704,211.18604063759295,65123800
2017-06-20,210.68321228027344,211.7669290874146,210.66588233621394,211.75826411538486,56906400
2017-06-21,210.63119506835938,211.18605754202875,210.1630352304678,211.07335999027543,55977600
2017-06-22,210.53582763671875,211.1340414287775,210.36243559398292,210.63987344553215,44148100
2017-06-23,210.78726196289062,211.1167028826192,210.21505630325362,210.59652674301162,66986800
2017-06-26,210.92596435546875,211.8709754678572,210.7178991944742,211.45481868793817,56700500
2017-06-27,209.22669982910156,211.00399800962012,209.20935665635997,210.70921698887196,82247700
2017-06-28,211.09938049316406,211.29878069236827,210.00698542585917,210.24107197299102,70042600
2017-06-29,209.24403381347656,211.29875652280958,208.03894132566631,211.2467402358337,106949700
2017-06-30,209.63418579101562,210.4231348165138,209.44345057102782,210.05032934873213,86820700
2017-07-03,209.98965454101562,211.0040119354262,209.98965454101562,210.57052519103027,39153800
2017-07-05,210.47511291503906,210.68317804165946,209.54744512898048,210.3537371815229,54427600
2017-07-06,208.55047607421875,209.83359313782432,208.36840582021688,209.71221737814497,65400800
2017-07-07,209.90296936035156,210.05035327822975,208.55915769515238,209.12269844712193,57972300
2017-07-10,210.12831115722656,210.50111654937825,209.5994569234503,209.90290286522583,36663300
2017-07-11,209.97230529785156,210.28441627395364,208.81056403140255,210.12835417142,50354600
2017-07-12,211.55014038085938,211.7148674168705,210.93459677456346,210.93459677456346,59610400
2017-07-13,211.90567016601562,212.01838095900973,211.3334644570759,211.5588860430641,39471600
2017-07-14,212.89404296875,213.2495053328414,211.81032592869164,211.90569355737549,60262700
2017-07-17,212.86801147460938,213.19746565192824,212.69461941300807,212.8159951790256,33531900
2017-07-18,212.98069763183594,213.0327139214029,212.12238916708705,212.46050827823697,42742500
2017-07-19,214.13377380371094,214.142438775647,213.2841303112444,213.29280851214529,51034300
2017-07-20,214.22914123535156,214.50656585569095,213.68294373763698,214.3851901038616,47135200
2017-07-21,214.03842163085938,214.0644297775078,213.43152959848751,213.6569511747282,82340800
2017-07-24,213.98641967773438,214.12512539283267,213.51824654875693,213.9603983003764,46622300
2017-07-25,214.50656127929688,214.83601541107564,214.2811529532698,214.73196960532394,54915600
2017-07-26,214.51524353027344,214.82735451474008,214.25516206735588,214.79268139600626,47575400
2017-07-27,214.3158416748047,215.00942310480684,212.99803828069716,214.9747499863412,70766600
2017-07-28,214.0644073486328,214.19444806824973,213.38816914869605,213.83898579601097,50088400
2017-07-31,213.94302368164062,214.5585673703291,213.73494530899112,214.46319976981857,65838700
2017-08-01,214.4198760986328,214.57592496688747,213.89968674652113,214.54125185026356,55050400
2017-08-02,214.52394104003906,214.66265998539095,213.59627297558586,214.5499491886717,47211200
2017-08-03,214.10777282714844,214.4372137482906,213.83033496832851,214.41120560264687,40856000
2017-08-04,214.4978790283203,214.82731990459592,214.11640863887794,214.5932466256809,60191800
2017-08-07,214.89669799804688,214.89669799804688,214.46321128680444,214.56725709319855,31995000
2017-08-08,214.3678741455078,215.79838843328037,213.99508187076393,214.58461753193095,61719400
2017-08-09,214.3592071533203,214.41122344893725,213.32750652702967,213.68296885236728,62632600
2017-08-10,211.33343505859375,213.6569306918411,211.2814187702836,213.52687674210125,120479500
2017-08-11,211.64556884765625,212.23511771301636,211.32479288249857,211.55887943410963,74869900
2017-08-14,213.74363708496094,213.96038045612352,212.88534180169498,212.92001492033617,73291900
2017-08-15,213.7176055908203,214.14242731431625,213.41417284172098,214.1250841424076,55242700
2017-08-16,214.09043884277344,214.63663638266544,213.66561706408348,214.2378227507355,56715500
2017-08-17,210.75254821777344,213.79563313907357,210.75254821777344,213.48352220429825,128490400
2017-08-18,210.42312622070312,211.7062431881432,209.98096130653698,210.58784005945023,136748000
2017-08-21,210.587890625,210.8479853612628,209.66023571472303,210.3624822423551,65469700
2017-08-22,212.7899627685547,212.94601163751298,211.15138349966844,211.16872667254094,63140100
2017-08-23,212.02700805664062,212.4518297759899,211.68022399563662,211.82760788301152,50203800
2017-08-24,211.53285217285156,212.56453944331724,211.3247737870032,212.40849057565453,50741700
2017-08-25,212.02700805664062,212.9373327529811,211.87962416926572,212.32177583139043,64445900
2017-08-28,212.03570556640625,212.58188985077862,211.61954878054664,212.55588170528304,40565600
2017-08-29,212.27850341796875,212.53858492970105,210.61390236907377,210.7266131768031,51135700
2017-08-30,213.28411865234375,213.552891515247,212.07902617086643,212.2610964032894,62030800
2017-08-31,214.56727600097656,214.81002752234653,213.31883204595056,213.89970270272624,103803900
2017-09-01,214.8706817626953,215.2955034861434,214.7232978738984,214.9400412213581,62007000
2017-09-05,213.32749938964844,214.59328653283174,212.36515826603326,214.36786495407853,91398800
2017-09-06,214.05577087402344,214.3852250665595,213.47490016489778,214.00375457603712,57916900
2017-09-07,214.0297393798828,214.37653671024327,213.6222607848127,214.35919353648387,58034700
2017-09-08,213.7783203125,214.23781519434118,213.53556879865806,213.74363396539954,63832800
2017-09-11,216.0584259033203,216.13645032681,215.02672554063565,215.04405548210252,71364800
2017-09-12,216.7867431640625,216.8214162860115,216.24054558335658,216.42261585324746,56896000
2017-09-13,216.8907928466797,216.92547920032825,216.38794655051822,216.50065735642428,59228000
2017-09-14,216.8214111328125,217.02082457342183,216.39660256144148,216.56999462499903,95446300
2017-09-15,217.11325073242188,217.20037034849545,216.57306391107275,216.67761276820727,95432400
2017-09-18,217.57504272460938,217.92354780506648,217.1916791593366,217.47920183329117,46235200
2017-09-19,217.79286193847656,217.87999485598516,217.4704940740048,217.81899915480582,47108100
2017-09-20,217.8712615966797,217.98453172428358,216.87800754698327,217.87998286472055,59574100
2017-09-21,217.2875213623047,217.8015710121978,217.11326882102426,217.71445138886594,48211400
2017-09-22,217.3311309814453,217.49667558165336,216.96519658369985,216.99133380535173,51214000
2017-09-25,216.88670349121094,217.4269035897625,216.14612695268764,217.0783852528558,57064400
2017-09-26,217.01744079589844,217.55762769427997,216.78219253918303,217.3136714631001,54082000
2017-09-27,217.86256408691406,218.24592764987884,216.83445150490712,217.7144487638807,81001400
2017-09-28,218.12396240234375,218.20237405540473,217.49664258862123,217.58376221603876,44778800
2017-09-29,218.8906707763672,218.96909572207406,217.93227513116253,218.1152356503722,85578000
2017-10-02,219.84036254882812,219.84036254882812,218.94293605473234,219.11720188713397,59023000
2017-10-03,220.31088256835938,220.3370197886667,219.7619743526678,219.8403993082085,66810200
2017-10-04,220.57225036621094,220.81620659924897,220.04947941277652,220.16274955476476,55953600
2017-10-05,221.87918090820312,221.89659685855617,220.6071119176476,220.90334260907198,63522800
2017-10-06,221.62644958496094,221.91397223140945,221.17339568263182,221.43476782066193,80646000
2017-10-09,221.2605438232422,221.91400084179554,220.99915835689742,221.85301843326477,35803100
2017-10-10,221.84426879882812,222.21892435476173,221.28665274607897,221.8268528526845,43057400
2017-10-11,222.19285583496094,222.19285583496094,221.58296516599395,221.74849647322682,47674300
2017-10-12,221.86170959472656,222.22764390203182,221.62646136338174,221.8791388363933,47065100
2017-10-13,222.1318359375,222.41065066702748,221.86174247740652,222.29738052132967,54800400
2017-10-16,222.4280548095703,222.61973660229094,222.01856730106783,222.35836442550584,38221700
2017-10-17,222.58486938476562,222.6284358414579,222.15793938056714,222.3757583694124,31561000
2017-10-18,222.80276489257812,223.0031547086448,222.61108305299416,222.95958823699016,40888300
2017-10-19,222.86366271972656,222.89852120166648,221.6090365568159,222.0272452777861,61903800
2017-10-20,224.0137939453125,224.03995775498825,222.84630041162484,223.65659412906825,89176400
2017-10-23,223.1425018310547,224.36230960211688,223.06409017535535,224.33617238355043,63915300
2017-10-24,223.53463745117188,223.76987247167875,223.177410990167,223.56949594692009,66935900
2017-10-25,222.4280548095703,223.3167600944917,221.30411456554228,223.2034899548066,103715300
2017-10-26,222.71559143066406,223.30805279459497,222.59361330899486,223.0379726265612,69798000
2017-10-27,224.5365447998047,224.6933946976007,222.72430230377432,223.45617099962706,85562500
2017-10-30,223.70008850097656,224.44067833771587,223.40385788412692,223.4561323112633,54285700
2017-10-31,224.0486297607422,224.30130725889842,223.7523990960091,224.07476697853525,60304800
2017-11-01,224.3448944091797,225.16389614307118,223.97897330464704,224.82411226029086,54202700
2017-11-02,224.43197631835938,224.57138366575603,223.2121952651795,224.27515302350042,56449500
2017-11-03,225.1812744140625,225.22482757480614,224.17928582464648,224.58878657471539,59589700
2017-11-06,225.52984619140625,225.6605323015323,224.98093793963778,225.05062833529198,49652600
2017-11-07,225.37294006347656,225.96540127122017,224.86758517099048,225.63431218770776,57502200
2017-11-08,225.75634765625,225.85220185796175,224.919930007638,225.19874475358787,50469600
2017-11-09,224.9373779296875,225.12905974845975,223.36034361796567,224.55401429214294,95085500
2017-11-10,224.86766052246094,225.0419263898298,224.24034062486652,224.55401386828285,59984700
2017-11-13,225.0767364501953,225.30327673794346,224.15318593908685,224.18804442702557,50228600
2017-11-14,224.55397033691406,224.65851920137254,223.4997072454137,224.27515563886934,61315200
2017-11-15,223.4299774169922,224.10957150521716,222.7242461172673,223.5868006859914,80811500
2017-11-16,225.3294219970703,225.69536966039584,224.32745979427324,224.371012963824,67777000
2017-11-17,224.66722106933594,225.30326213412084,224.58880941848312,224.9808942619812,75756800
2017-11-20,225.05056762695312,225.24224939984404,224.66720408117126,224.91118687324328,48075500
2017-11-21,226.52304077148438,226.7060278773804,225.01575029501927,225.8173093322673,69176800
2017-11-22,226.3226776123047,226.66246144893927,226.15713303394276,226.53177535792597,45033400
2017-11-24,226.84542846679688,226.9500039318348,226.67118920353894,226.81059656768687,27856500
2017-11-27,226.73219299316406,227.18524700086792,226.53178991457588,226.8890163124573,52274900
2017-11-28,229.03225708007812,229.0583942895719,227.09802380985838,227.19387797081984,98971700
2017-11-29,228.8928985595703,229.6944841369649,228.44856590345722,229.16299197832421,77512100
2017-11-30,230.89691162109375,231.80301971444402,229.72940471719923,229.80781638359073,127894400
2017-12-01,230.41763305664062,231.15822294087286,227.1939279565007,230.67903179831612,164390900
2017-12-04,230.1388397216797,232.45641032524014,230.08653870314865,232.029493622884,94040600
2017-12-05,229.31118774414062,231.01888167006166,229.18050163054153,229.31118774414062,77994500
2017-12-06,229.35464477539062,229.7815880198297,228.89286964141954,229.40691919891725,75898600
2017-12-07,230.07786560058594,230.39151220579578,229.09331944106495,230.07786560058594,77218600
2017-12-08,231.33253479003906,231.34122947069542,230.0430365399105,231.02758282536652,76563900
2017-12-11,232.02947998046875,232.09047567414237,231.30633269152332,232.02947998046875,83077500
2017-12-12,232.43907165527344,232.90956826462156,232.06442925766308,232.81371405288377,85195800
2017-12-13,232.41287231445312,233.11860374523278,232.32573939686347,232.68296574651777,102905400
2017-12-14,231.46316528320312,232.8223535982249,231.4108908548739,232.7090834737679,100666700
2017-12-15,233.3906707763672,233.8548063287974,232.4098580410537,232.46239967150672,144610300
2017-12-18,234.87063598632812,235.2209224016226,234.6779744491451,234.7830577012194,83653600
2017-12-19,233.9686279296875,235.1596070467942,233.89855461389328,235.11583126827747,82382900
2017-12-20,233.84605407714844,234.9844917700065,233.548309245557,234.93195013649887,76751500
2017-12-21,234.32766723632812,235.03703265605478,234.08246406690523,234.4677871510185,67032300
2017-12-22,234.266357421875,234.38020650875674,233.73214864307707,234.34516985314593,78720900
2017-12-26,233.98619079589844,234.20512319293601,233.7234826095118,233.86357582548726,45244400
2017-12-27,234.10000610351562,234.45905838981105,233.82853210841412,234.15254773320353,57751000
2017-12-28,234.58168029785156,234.6254828123087,234.21388883723003,234.59921199369285,45116100
2017-12-29,233.69712829589844,235.17711307836552,233.5044934894406,235.15960811190743,96007400
2018-01-02,235.3697967529297,235.40483341428163,234.17005167176094,234.55537477120606,86655700
2018-01-03,236.85862731933594,237.00751313638506,235.53626684050087,235.53626684050087,90070400
2018-01-04,237.85690307617188,238.33857038973744,236.91989271824468,237.4978774594355,80636400
2018-01-05,239.44198608398438,239.56457432430008,238.15466257237145,238.64506898392446,83524000
2018-01-08,239.87973022460938,240.03735505080778,239.05654272095333,239.34552156898374,57319200
2018-01-09,240.42274475097656,241.0445051103658,240.01989000533143,240.30012981313524,57254000
2018-01-10,240.0549774169922,240.317712314285,239.00411800325506,239.6696542810785,69574300
2018-01-11,241.806396484375,241.80639648437497,240.44026076498284,240.6066514881906,62361500
2018-01-12,243.3827362060547,243.54910021148692,241.77137052837904,242.06914205424664,90816100
2018-01-16,242.5507354736328,245.28300650303194,241.85890187159384,244.63497539930265,106555100
2018-01-17,244.8627471923828,245.24807036472453,242.5508348834796,243.47910614635362,113258800
2018-01-18,244.45114135742188,245.16921922426718,243.9607082585169,244.74888617541,100728000
2018-01-19,245.5633087158203,245.5633087158203,244.451141888114,245.0290998315473,140920100
2018-01-22,247.56002807617188,247.56002807617188,245.30063051105597,245.35319887956612,91322400
2018-01-23,248.08541870117188,248.37439767846362,247.27973579833136,247.60375143882754,97084700
2018-01-24,247.9890594482422,249.32018531746706,246.81558519125946,248.72466897985188,134816100
2018-01-25,248.09414672851562,248.94360537851676,247.30599555509468,248.8472879654413,84587300
2018-01-26,250.96658325195312,251.01038576813065,248.67217591890113,248.92614499225988,107743100
2018-01-29,249.30267333984375,250.83519999984549,249.14504844027815,250.39733523984498,90118300
2018-01-30,246.74559020996094,249.3552474149969,246.272688724594,247.48119989544978,131796400
2018-01-31,246.86817932128906,248.09419546803977,245.79978809516038,247.59504988607,108364800
2018-02-01,246.58790588378906,247.88399519129385,245.7997546627316,246.14130200277143,90102500
2018-02-02,241.2197723388672,245.40575950976418,241.18473566553274,245.27437866604785,173174800
2018-02-05,231.1313018798828,241.5700102435903,230.58835381573178,239.468264594396,294681800
2018-02-06,235.68505859375,236.18423076768082,226.55120733107026,227.6371032391523,355026800
2018-02-07,234.40655517578125,238.51370243690877,234.32771599318662,235.13339898901052,167376100
2018-02-08,225.61424255371094,234.84444089747083,225.57920588334198,234.70432094114412,246449500
2018-02-09,229.00331115722656,230.8510879526417,221.48954890465834,228.39028969160273,283565300
2018-02-12,232.36607360839844,233.8285537034904,229.14339530591576,231.04371344712894,143736000
2018-02-13,232.9440460205078,233.48699403220186,230.58833153740176,231.16631621198863,81223600
2018-02-14,236.08790588378906,236.44695817544297,231.45528947945988,231.46405532625278,120735700
2018-02-15,239.10040283203125,239.1091686782895,235.36978694519354,237.82184535995404,111200300
2018-02-16,239.17044067382812,241.10582186620243,238.43483119386315,238.4786336984104,160420100
2018-02-20,237.6730499267578,239.66097357273725,236.88489849306805,238.224763947886,86369700
2018-02-21,236.49075317382812,240.58042191213403,236.39443575185126,238.1108581787282,98883700
2018-02-22,236.7972412109375,239.11791894051447,236.13170499282666,237.4102625244751,110511300
2018-02-23,240.5716552734375,240.5716552734375,237.54163853771126,238.01453997396973,92766400
2018-02-26,243.36520385742188,243.46154799203504,241.05329205354371,241.64001580702427,86491400
2018-02-27,240.32650756835938,244.25855229752713,240.2652000721573,243.54918661675515,99099200
2018-02-28,237.89190673828125,241.8677260411564,237.5766569550853,241.42109545648609,121907800
2018-03-01,234.4327392578125,239.22297949478823,232.94398878977802,237.6816874078948,176855100
2018-03-02,235.6413116455078,236.2017914238493,231.91072168086615,232.76891959437472,139083200
2018-03-05,238.3648223876953,238.97784374741312,234.3539661829814,234.4590761754729,97307400
2018-03-06,238.96908569335938,239.41571631929486,237.4803347570045,239.33687714106907,79213200
2018-03-07,238.8815460205078,239.23183255477923,236.6221751580803,236.81483676070198,87063500
2018-03-08,240.03749084472656,240.16007909274316,238.56627151764727,239.5558235253451,66901200
2018-03-09,244.2147216796875,244.2147216796875,241.1233971036844,241.43867367277355,113625300
2018-03-12,243.90818786621094,245.12546478485694,243.52286472111044,244.50370427918602,71924800
2018-03-13,242.3318634033203,245.5633073309155,241.72760792254118,245.06413511198616,91968900
2018-03-14,241.08831787109375,243.47030315254528,240.536630741596,243.28640744271272,105895100
2018-03-15,240.82569885253906,242.2356110250205,240.3265264445171,241.59634536489168,83433000
2018-03-16,241.08676147460938,242.13305550077044,241.03400940876764,241.35052180381805,100343700
2018-03-19,237.8247833251953,241.26260286497254,236.18061459577604,240.33941484185743,109208400
2018-03-20,238.22927856445312,238.8623302848663,237.55224889423462,238.22047760805523,59757300
2018-03-21,237.77194213867188,240.26897080862622,237.56093394554563,238.18518440499145,78709600
2018-03-22,231.82838439941406,236.4003997693107,231.55579629929971,235.55633993415995,148785900
2018-03-23,226.88705444335938,232.59331974598862,226.69362126645365,232.26800641032418,183534800
2018-03-26,233.09442138671875,233.37578356166424,228.08278845234977,230.47431327503872,141956100
2018-03-27,229.12916564941406,234.55404286800356,227.58169995606218,234.02652213816415,129941400
2018-03-28,228.45211791992188,230.9227983594075,227.35307176606125,229.26102769532312,146452300
2018-03-29,231.37120056152344,233.22640449908832,228.46092837170607,229.5863506067516,111601600
2018-04-02,226.37716674804688,231.35365172391622,223.91530029860573,230.84367920346043,186286300
2018-04-03,229.27854919433594,229.7533445348601,225.8231553338091,227.60800479729187,119956900
2018-04-04,231.73165893554688,232.43503767325393,225.6121780545231,225.7440582138208,123715300
2018-04-05,233.56045532226562,234.43969204280026,232.3998564114378,233.4813004051032,82652600
2018-04-06,228.35537719726562,233.0944494808967,226.84308886487935,231.60856401075682,179521200
2018-04-09,229.4807891845703,232.85705504696494,228.54880038656336,229.80610248528535,105442900
2018-04-10,233.12969970703125,233.91223356522963,231.22177032419438,232.35596680567997,103529000
2018-04-11,231.90750122070312,233.56047065698417,231.58218790589447,231.65251504199753,91140200
2018-04-12,233.81541442871094,234.75620415850642,233.0504827757245,233.22634085253358,68890500
2018-04-13,233.12969970703125,235.23108914739143,232.12738341732475,235.11678403712108,85079200
2018-04-16,235.04635620117188,235.81131473753118,233.93853610609082,234.75621987041131,63405300
2018-04-17,237.56101989746094,238.15889454908293,236.2949166162728,236.80486221155488,64682000
2018-04-18,237.7368621826172,238.53694409515595,237.27964185296193,238.000622501896,57303900
2018-04-19,236.4180450439453,237.28848107010103,235.3893259685204,237.0862469045913,77655900
2018-04-20,234.4133758544922,236.56751734914624,233.5341388088677,236.34770808774013,99953100
2018-04-23,234.378173828125,235.53877291125386,233.30550379653852,234.9848494019342,65558000
2018-04-24,231.22177124023438,235.6179565315236,229.7270575083218,235.39814726695914,112885500
2018-04-25,231.79318237304688,232.23280073605542,229.34890534800624,231.1601308570275,103840900
2018-04-26,234.14950561523438,234.97599019692552,232.37345727594735,232.81307559249913,67731900
2018-04-27,234.36941528320312,235.05521907784504,233.4374261990022,234.7562817142508,57053600
2018-04-30,232.5669403076172,235.53876505828364,232.49658633585722,234.98484156743206,82182300
2018-05-01,232.9801483154297,233.08565242532617,230.45671647025824,232.0041816345384,74203400
2018-05-02,231.41514587402344,233.59563605382283,231.02827951976636,232.7867531910517,86368900
2018-05-03,230.90518188476562,231.5558085805169,227.7662998275908,230.58866949186387,136311500
2018-05-04,233.89462280273438,234.57165248189582,229.61274280112596,229.93805620593548,91222100
2018-05-07,234.6858673095703,235.6530061954485,233.97366091050623,234.6594912823586,55304900
2018-05-08,234.6858673095703,235.04633073740538,233.12960120755787,234.3165760964324,67499200
2018-05-09,236.95437622070312,237.27968962403472,234.83541178862617,235.3541584090988,59666100
2018-05-10,239.17005920410156,239.49539946051001,237.58744320381433,237.69294735954202,72063900
2018-05-11,239.89979553222656,240.16355587155402,238.78314748731788,239.29311991959236,59871500
2018-05-14,240.01405334472656,240.9811922865384,239.46890403053305,240.3305656895721,54790600
2018-05-15,238.3611602783203,238.8095529103585,237.42037023197227,238.7919778296341,87036100
2018-05-16,239.36343383789062,239.82065417703188,238.36989189436235,238.39629475901697,53942600
2018-05-17,239.1612548828125,240.23392505091894,238.38752206225277,239.099701855681,56536400
2018-05-18,238.56341552734375,239.17889229469225,238.2117260169402,238.81840182606695,64368000
2018-05-21,240.35693359375,240.8932819361762,239.6535549630851,240.04042125960322,58025900
2018-05-22,239.68875122070312,241.13071257278165,239.36343787063615,240.87572636643998,52966400
2018-05-23,240.34817504882812,240.37457791350718,238.26438798482874,238.4226710120053,64694200
2018-05-24,239.85581970214844,240.22511101264362,238.07977079326324,239.95254971554198,76043800
2018-05-25,239.28433227539062,239.90858300131285,238.7831607706077,239.28433227539065,56374800
2018-05-29,236.5322723388672,238.42265290912437,235.42445222582273,237.666495314586,115908600
2018-05-30,239.68875122070312,240.12836965748122,237.76324715322068,237.83357429694598,69678400
2018-05-31,238.22052001953125,239.58332689462455,237.62264518608316,239.2843894779005,93519900
2018-06-01,240.55921936035156,240.85815668419576,239.44257133332516,239.51292531080648,71258400
2018-06-04,241.70225524902344,241.95724150186234,241.13955750007207,241.37694183963492,45385200
2018-06-05,241.87806701660156,242.25613242896702,241.06915729434598,241.83408907402762,51135000
2018-06-06,243.90028381347656,244.00578793670007,241.86924894489002,242.48472543993108,62732200
2018-06-07,243.87396240234375,244.67407129222383,242.9683493656107,244.38393488837818,72969400
2018-06-08,244.59483337402344,244.64758542376748,243.24960244120658,243.41665954278665,72139700
2018-06-11,244.92019653320312,245.6323761820433,244.7003873370876,244.81469241221603,58892500
2018-06-12,245.23681640625,245.59727999414864,244.59496368285235,245.33351960490913,72329000
2018-06-13,244.45419311523438,245.72909713866116,244.25195900266613,245.47411096754055,79070600
2018-06-14,245.06976318359375,245.59728397061392,244.4806625285059,245.315948494932,77097600
2018-06-15,244.7571563720703,245.0927711120333,243.18508755277847,244.28906922230018,120041600
2018-06-18,244.25364685058594,244.37730569060352,242.8317319063907,243.30863241102696,52917600
2018-06-19,243.3174591064453,243.53825534882864,241.5775836383579,241.99268165214522,97531500
2018-06-20,243.73252868652344,244.39491733639957,243.39691412482676,243.99747336540864,53785500
2018-06-21,242.2046356201172,243.74139578349843,241.7100541970671,243.7237148345327,71061400
2018-06-22,242.64625549316406,243.5736159805693,242.4254592274965,243.45879760999512,54898500
2018-06-25,239.34312438964844,241.65706467464207,237.66507835457156,241.4980978503294,137854200
2018-06-26,239.87307739257812,240.72092753773757,239.15769962124514,239.90841234315522,68547400
2018-06-27,237.88587951660156,241.87786591926562,237.7357262109778,240.4559510401618,105110700
2018-06-28,239.24603271484375,240.00555898908178,237.12636684148768,237.8329311168301,76650500
2018-06-29,239.5904083251953,241.69239278499663,239.47558997110553,240.33228043700777,97592500
2018-07-02,240.1027069091797,240.2617007234997,237.7887660807343,238.0272433258781,63554800
2018-07-03,239.25479125976562,241.09183100084982,238.83087974464235,240.99466664352408,42187100
2018-07-05,241.20657348632812,241.2684028873001,239.30773166946832,240.3764046200083,56925900
2018-07-06,243.24688720703125,243.61780990906817,240.85343583468116,241.23322596652264,66493700
2018-07-09,245.4370574951172,245.49004642840816,244.20060413055813,244.24475259074663,50550400
2018-07-10,246.32032775878906,246.41749213863287,245.5961094823945,245.8875756692546,51966800
2018-07-11,244.5185546875,245.56073333737447,244.21827506047302,244.7746858512768,77054700
2018-07-12,246.73541259765625,246.78840154648117,245.1721847019817,245.77274409044392,60124700
2018-07-13,246.9296875,247.2299671615263,246.10833193000164,246.55876489862447,48216000
2018-07-16,246.70887756347656,247.1151350885674,246.26728509408838,246.97384921670871,48201000
2018-07-17,247.70689392089844,248.09549747066842,245.88753500727847,245.94052395018647,52315500
2018-07-18,248.22793579101562,248.3339136623,247.34475092676163,247.78634335888864,44593500
2018-07-19,247.29183959960938,247.94538797941058,246.81491207649066,247.56562483723806,61412100
2018-07-20,247.00918579101562,247.71574999539607,246.85021895228073,247.08866921038307,82337700
2018-07-23,247.46847534179688,247.67159066471092,246.4616313923837,246.80608651802618,47047600
2018-07-24,248.7136993408203,249.55273581935538,247.84819534471634,248.87269311489285,68026900
2018-07-25,250.83338928222656,251.1513229561097,248.4222844446066,248.46643291508985,78882900
2018-07-26,250.24156188964844,250.92160443891615,250.0207657038611,250.11793004099042,57919500
2018-07-27,248.54592895507812,250.66556751675208,247.62740902904164,250.56840315355595,76768700
2018-07-30,247.2476348876953,248.78436805939725,246.72653205442597,248.62540123873816,63742500
2018-07-31,248.4663848876953,249.0757845975121,247.6273754420126,248.00713846330046,68570500
2018-08-01,248.05130004882812,249.17296213045086,247.4065923164075,248.66954026480906,53853300
2018-08-02,249.4026336669922,249.57041402631015,246.5499363158962,246.7530785758447,63426400
2018-08-03,250.4712371826172,250.52422611916688,249.34957513610027,249.52622289304165,53935400
2018-08-06,251.38973999023438,251.69883311496747,250.11795169378726,250.5065551706273,39400900
2018-08-07,252.2199249267578,252.59971490730823,251.91964530335906,252.05214459683614,43196600
2018-08-08,252.1139373779297,252.51138133778014,251.65469096318049,252.05213492303093,42114600
2018-08-09,251.76951599121094,252.56437697935834,251.63704365196358,252.1757734824573,35717000
2018-08-10,250.0826416015625,250.87750262765104,249.37607750407815,250.3387727714421,77076000
2018-08-13,249.1464385986328,250.9657971386577,248.85497251982284,250.35639746768555,65732900
2018-08-14,250.73626708984375,250.97474433803862,249.4821592283488,249.8707628635741,43842000
2018-08-15,248.86395263671875,249.53518208925374,247.43319676383211,249.39386920700025,102925400
2018-08-16,250.8775634765625,251.7430945986613,250.2593231103961,250.29465806200673,69967900
2018-08-17,251.76068115234375,252.202273594827,250.26809654053721,250.67435404087598,65618500
2018-08-20,252.29949951171875,252.56444426079298,251.7607425850408,252.21117561113726,39807500
2018-08-21,252.8911590576172,253.74784948203643,252.33474826253425,252.81167565155732,67272000
2018-08-22,252.74111938476562,253.26219541605653,252.2200164008015,252.48498813119105,44993300
2018-08-23,252.4054412841797,253.4210986138187,252.08748067813048,252.56440811087106,49204900
2018-08-24,253.92457580566406,254.0658886666027,252.92657225524715,252.97956120901512,57487400
2018-08-27,255.9293670654297,256.03534496080584,254.95785810336608,255.11682494643034,57072400
2018-08-28,256.0528869628906,256.49447925577095,255.59361372859615,256.38847446524983,46943500
2018-08-29,257.4307556152344,257.66036537146607,256.02649479713034,256.26494502760124,61485500
2018-08-30,256.3885803222656,257.3247542134845,255.79686149898535,256.95383162780604,61229500
2018-08-31,256.3974304199219,256.8390229116999,255.49659143965482,255.9823323995439,66140800
2018-09-04,255.9557647705078,256.30903327242515,254.95776171191352,255.98225923433512,57594400
2018-09-05,255.26693725585938,255.805694074358,254.2601204588702,255.6025518390774,72452400
2018-09-06,254.4986572265625,255.67328171458774,253.474159133028,255.37300197293223,65909900
2018-09-07,254.0040283203125,254.97553727559858,253.2179806806409,253.4564578962428,73524800
2018-09-10,254.445556640625,255.27575254267305,254.25125489859965,255.01078092027728,50210900
2018-09-11,255.28460693359375,255.7261994222889,253.45643451442245,253.80086264021804,50530500
2018-09-12,255.34646606445312,255.94702545032362,254.56044535849583,255.2934771158569,59810800
2018-09-13,256.85662841796875,257.0421166354183,256.12359687917535,256.40622248919806,51034200
2018-09-14,256.9008483886719,257.24527651158894,256.1236413026373,257.0598152146336,55079900
2018-09-17,255.5406951904297,256.88312642756125,255.26691004965062,256.84781844031767,68244000
2018-09-18,256.92730712890625,257.51902588302914,255.7261617213501,255.75265618865916,61930400
2018-09-19,257.2012634277344,257.61636166024147,256.8568081708394,256.98046706901107,49080600
2018-09-20,259.285400390625,259.6033609568986,257.2187510441675,258.45523141530987,100360600
2018-09-21,259.048583984375,260.1398289412236,258.8888975247424,260.02449080659574,105479700
2018-09-24,258.18798828125,258.61384587039015,257.61132474312956,258.4718933406768,53409600
2018-09-25,257.94854736328125,258.74700692728453,257.70901761648605,258.64054926204227,44370000
2018-09-26,257.17657470703125,259.27031328454706,256.75959767511273,258.09037198021355,79739700
2018-09-27,257.8952331542969,258.97759751708634,257.3717984236816,257.64682299273915,59249500
2018-09-28,257.9219055175781,258.41872595233053,257.2387841884643,257.27425202331585,70091400
2018-10-01,258.81793212890625,259.8825355901914,258.1525448125983,259.15503895977173,62078900
2018-10-02,258.6671142578125,259.3768499402842,258.2945125006531,258.6671142578125,47258200
2018-10-03,258.8090515136719,260.1309456508911,258.45418369340865,259.713968516545,64694600
2018-10-04,256.7862243652344,258.38314277789755,255.20703986393897,258.32991396912035,111545900
2018-10-05,255.3489532470703,257.5225348048375,253.92945538964233,257.0079807072881,105951700
2018-10-08,255.3489532470703,255.70382094275988,253.2906827075332,254.66580518133145,87742200
2018-10-09,254.97633361816406,256.27161293700686,254.4174041171463,254.96748020085963,74339000
2018-10-10,246.9030303955078,254.54169048566087,246.5304286787264,254.4707006802982,214731000
2018-10-11,241.464599609375,247.4353236388137,239.85877353327564,245.82064414383953,274840500
2018-10-12,244.81814575195312,245.82952023558337,241.64201563082707,245.5456151938126,183186500
2018-10-15,243.44309997558594,245.78527695915773,243.35437622778036,244.4633553886337,102263700
2018-10-16,248.76612854003906,249.1387573439858,244.92463774239474,245.39484368863774,118255800
2018-10-17,248.81048583984375,249.43149770167693,246.2465139465882,248.80160534585232,110626000
2018-10-18,245.2174072265625,248.47338116689744,243.94874187181802,247.87895656782334,134557500
2018-10-19,245.08433532714844,247.79023299591103,244.39233358097664,245.8650607996869,139901600
2018-10-22,243.9842071533203,246.069065557759,243.45189193476455,245.74969267143155,82415800
2018-10-23,242.7421875,243.86004701958655,238.30627140600038,240.3823039637134,146352700
2018-10-24,235.38743591308594,242.8752637396362,234.83738670124848,242.493754414769,177806700
2018-10-25,239.61038208007812,241.14521847687237,236.19474905649375,237.215004131383,138061500
2018-10-26,235.39627075195312,240.42661064396773,232.6992537277967,235.91973258608328,201574600
2018-10-29,234.0920867919922,239.7611989981916,230.5345014729558,238.47477285454744,160749100
2018-10-30,237.5609588623047,237.87147829678315,233.4355637318732,233.9235305788176,157116000
2018-10-31,240.09841918945312,242.40510116881217,239.64594704560946,240.11615310844653,128296300
2018-11-01,242.65345764160156,242.84863900602303,239.87657021470125,240.95893467655137,99495000
2018-11-02,241.21624755859375,244.17943612779212,239.17571000187786,243.75357845494347,122634100
2018-11-05,242.5469970703125,243.09704625212134,240.73713599252275,241.70416230807044,65622500
2018-11-06,244.08177185058594,244.2414582856126,242.4227440457888,242.4848533509687,60085900
2018-11-07,249.3072509765625,249.3870941807821,245.82060194428163,246.24645944145698,102752100
2018-11-08,248.85482788085938,249.49360071455664,247.71923474036157,248.5088135200468,65584900
2018-11-09,246.4239044189453,247.7369176416943,245.0221404261499,247.55061683367435,98812600
2018-11-12,241.81944274902344,246.15775292916524,241.30486151968046,245.91822329978518,99673600
2018-11-13,241.3669891357422,244.2680676104156,240.6483731183949,242.28078648339832,98176600
2018-11-14,239.71688842773438,243.62934213793963,238.164317976971,243.23012598112277,125335900
2018-11-15,242.2187042236328,242.68005673296886,236.88675255543484,238.4570567918774,135101400
2018-11-16,242.84860229492188,243.75351917061937,240.61288389957744,241.12746518011798,126668000
2018-11-19,238.740966796875,242.538109209669,237.82716932830735,242.2453236381277,103061700
2018-11-20,234.3227996826172,236.87789138228501,233.4622309792524,235.42289807982084,136021300
2018-11-21,235.12118530273438,237.01088907417954,235.11233188515655,235.86641563554755,75563700
2018-11-23,233.55091857910156,234.94380235022106,233.3912321412432,233.48880927282028,42807900
2018-11-26,237.32147216796875,237.54326793635002,235.40515348019304,235.7955161985184,79981400
2018-11-27,238.11988830566406,238.11988830566406,235.68901578925252,236.292293671845,75502400
2018-11-28,243.6027374267578,243.6027374267578,238.0578427389706,239.18458266732486,127629600
2018-11-29,243.07046508789062,244.4633221477671,241.6953148706064,242.8309082939206,82346400
2018-11-30,244.55198669433594,245.11091631207717,242.60020035383283,242.9195732355842,98204200
2018-12-03,247.7902069091797,248.76611364711172,246.20216879552547,248.65965601655134,103176300
2018-12-04,239.7612762451172,247.39105770337696,239.45075668888228,246.96519999128182,177986000
2018-12-06,239.39744567871094,239.5127837949778,232.83229721703475,235.9197036518377,204185400
2018-12-07,233.83482360839844,240.62176796352492,233.00086944453446,239.06031726102623,161018900
2018-12-10,234.2784423828125,235.2454686908417,229.4432837679875,233.65740339707534,151445900
2018-12-11,234.3316650390625,237.64972100638724,232.86781841081208,237.46342014543708,121504400
2018-12-12,235.51161193847656,238.65224761061933,235.43176871054226,237.29485858637878,97976700
2018-12-13,235.43182373046875,237.31264796049797,234.3228446255284,236.45207909207684,96662700
2018-12-14,231.08456420898438,234.2429336202688,230.53451506399446,233.293641283114,116961100
2018-12-17,226.55105590820312,231.2442481147202,224.92750936156915,230.1352693427575,165492300
2018-12-18,226.30267333984375,228.84889811612692,224.7057410060324,228.18351077181723,134515100
2018-12-19,222.9136199951172,230.13528986049326,221.21911056886134,226.38250915204682,214992800
2018-12-20,219.28501892089844,223.23298053526167,217.0493139863957,221.67154333984448,252053400
2018-12-21,214.79196166992188,222.83216813756005,214.14945865139123,220.18184659021884,255345600
2018-12-24,209.1165771484375,214.91694316664362,209.05411874876637,213.31068523832312,147311600
2018-12-26,219.68214416503906,219.68214416503906,208.59898586844616,210.5711161307168,218485400
2018-12-27,221.36865234375,221.56495981537358,213.23921912561593,216.4606523762273,186267300
2018-12-28,221.08309936523438,224.34022131598698,219.92302387031256,222.71612651620765,153100200
2018-12-31,223.0195770263672,223.26051908414857,220.8332882654994,222.69832548812266,144299400
2019-01-02,223.25157165527344,224.1707189074987,219.47687654809107,219.5036463731044,126925200
2019-01-03,217.9241943359375,221.81490149040854,217.44231020403743,221.5114874154967,144140700
2019-01-04,225.2237091064453,225.8662121607663,220.56556877081383,220.94035994976915,142628800
2019-01-07,226.99952697753906,228.40053118136873,224.59906597413217,225.49142984951663,103139100
2019-01-08,229.13221740722656,229.6141014303248,226.66037976243663,229.17685193188655,102512600
2019-01-09,230.20310974121094,231.04193396167105,228.61470313427708,229.83723728481584,95006600
2019-01-10,231.0151824951172,231.26504331046658,227.99898800303666,228.6771933158935,96823900
2019-01-11,231.10440063476562,231.13117046106527,229.36428022693917,229.94431128528677,73858100
2019-01-14,229.69447326660156,230.4975953679924,228.81104167835025,229.21258911265252,70908200
2019-01-15,232.326904296875,232.63923705127664,230.06029278047396,230.0692251323306,85208300
2019-01-16,232.8891143798828,233.77254582759014,232.55001177856187,232.7552380236273,77636700
2019-01-17,234.65594482421875,235.51263356154,231.97885379384078,232.02348831734736,96118400
2019-01-18,237.77923583984375,238.24328241616914,234.69166490768163,236.45855492637688,127900300
2019-01-22,234.56675720214844,236.52996863776605,232.96051310594098,236.31581002034758,115531200
2019-01-23,235.0576171875,236.28908393117433,232.60361605512537,235.59304106293965,86030300
2019-01-24,235.18246459960938,235.762522845976,233.8706887465937,234.87906418069994,59204100
2019-01-25,237.1724395751953,237.99342621865938,235.28063275699907,237.02072575323166,96883400
2019-01-28,235.369873046875,235.43231781289492,233.61191535787162,235.03970281433,85613700
2019-01-29,235.0576171875,236.07489804132476,234.2277251586028,235.51273156654216,66136300
2019-01-30,238.7786407470703,239.61746471194593,235.80708193350844,236.56559644210142,92473700
2019-01-31,240.87571716308594,241.35760116657454,238.50202655014016,238.7162123476783,104012100
2019-02-01,240.99179077148438,242.00909868126865,240.20650618837755,241.07210025392237,85782500
2019-02-04,242.687255859375,242.74972786238473,240.36710449040405,241.036377352639,60744800
2019-02-05,243.7044677734375,244.00786808364893,242.61578325666855,243.11550461851937,79552800
2019-02-06,243.38328552246094,243.91870923015293,242.65156792915562,243.42792005055753,58347800
2019-02-07,241.06321716308594,242.3214264023821,239.41233836356707,241.77709744963002,95482000
2019-02-08,241.35772705078125,241.45587403322736,239.0018726785705,239.82285965964783,75788900
2019-02-11,241.4915313720703,242.26788366283455,240.96503990169904,242.00911772110445,68021400
2019-02-12,244.596923828125,244.97170137499526,243.02635482048785,243.09775917507974,72270200
2019-02-13,245.39111328125,246.22993743403887,245.0074033821267,245.42681545852113,65277200
2019-02-14,244.8468780517578,245.97126558706591,243.49939948057383,244.31145411909716,83234400
2019-02-15,247.51492309570312,247.55062527003284,246.40840078649993,246.61362701514128,97088700
2019-02-19,247.9433135986328,248.59472181280694,246.71184706665318,246.72077942009167,59120800
2019-02-20,248.44297790527344,248.89809210112116,247.40783275817145,247.90755424535467,76610800
2019-02-21,247.55963134765625,248.1664323280742,246.60479533762955,247.80949217681587,64214700
2019-02-22,249.0944366455078,249.290730532081,247.54170516233032,248.17527581592702,78114600
2019-02-25,249.43360900878906,251.03094840870796,249.35329950592723,250.51338920155666,69030700
2019-02-26,249.2551727294922,250.12967220895942,248.88036778629626,249.0856213543314,56844100
2019-02-27,249.1480255126953,249.49603329183844,247.61315843074175,248.5411973303144,56921600
2019-02-28,248.68402099609375,249.37115878247786,248.36278299164755,248.93388185492677,69268300
2019-03-01,250.23658752441406,250.6470671139488,248.80880046147263,250.25442499082058,78880500
2019-03-04,249.32640075683594,251.53054008280552,247.04195196952872,251.2896116987926,106494600
2019-03-05,248.98736572265625,249.6477335273438,248.4430368150685,249.45141237991535,59114600
2019-03-06,247.4792022705078,249.11224302146866,247.1579644240893,249.10331067036444,75039800
2019-03-07,245.40899658203125,247.17585961549707,244.57017236568086,247.0330781283753,94885100
2019-03-08,244.91818237304688,245.08773368851894,243.09777966921686,243.5617990820547,85795800
2019-03-11,248.46983337402344,248.63045235753074,245.60535257032447,245.63212240090903,65098900
2019-03-12,249.4067840576172,249.92437038317783,248.83568530809956,249.02307410669908,79667500
2019-03-13,251.05763244628906,251.985698439076,250.12956645350215,250.29021263711815,80639200
2019-03-14,250.8970489501953,251.50384989428085,250.45979933354343,251.08443775264809,67518400
2019-03-15,252.13661193847656,252.94327154458463,251.25823345246562,251.44647499765688,81309000
2019-03-18,253.05076599121094,253.34655843745105,252.12758392601302,252.35165750836913,62199800
2019-03-19,253.11355590820312,254.87028543181057,252.226233125084,254.10845700531755,90268100
2019-03-20,252.35165405273438,254.09943891227132,251.2492295483872,252.89840780961697,84609200
2019-03-21,255.20188903808594,255.60520506642865,251.4912174609429,251.5360485881354,79550400
2019-03-22,250.29019165039062,254.36831991076338,250.2274444826354,253.84848123456993,122659300
2019-03-25,250.10194396972656,251.13267684048535,248.84713754651028,249.9495619188549,85575200
2019-03-26,251.9663543701172,252.91642453630638,250.5681368669428,251.8498316860622,68125900
2019-03-27,250.6487274169922,252.53992285404814,249.1070999307263,251.95730960273139,72224700
2019-03-28,251.59878540039062,252.04693258620367,250.12887685434526,251.27613255591731,56238500
2019-03-29,253.18536376953125,253.50801676670727,251.9843320254653,253.10470052023726,82186800
2019-04-01,256.1878662109375,256.48365873807614,254.90617153397596,255.17507631798742,77617900
2019-04-02,256.3133239746094,256.5463692835884,255.5245804852058,256.37607115052464,40070400
2019-04-03,256.7167053222656,257.91773677565595,256.11617591920054,257.523364972723,68243200
2019-04-04,257.3978271484375,257.64878849405113,256.3491779856979,257.03931484795163,48997500
2019-04-05,258.6437072753906,258.6974827565158,257.7743005268839,258.061121328043,58621700
2019-04-08,258.8408508300781,258.9484017747412,257.5681008285221,258.22240554553275,53566300
2019-04-09,257.5143127441406,258.20444950708367,256.96758635130226,257.88179668889666,66142300
2019-04-10,258.3927917480469,258.4824266834013,257.51441314596076,257.9267010253007,52601500
2019-04-11,258.32098388671875,258.88565369694953,257.7563140764879,258.8766820006816,55093100
2019-04-12,260.0687561035156,260.3466051469437,258.3658024123571,259.92534573388645,69727800
2019-04-15,259.8984680175781,260.23906423948523,259.1007529344028,260.1404576397442,49596700
2019-04-16,260.0687561035156,260.8306117253508,259.4771985860694,260.7768362558313,52153200
2019-04-17,259.43243408203125,261.2070795502625,259.020118949662,261.1801918114328,58268300
2019-04-18,259.94329833984375,260.21220307800036,258.72435105561925,260.0150172111129,68708500
2019-04-22,260.1673889160156,260.3197710128511,259.091851951437,259.18148687000274,40160100
2019-04-23,262.5067138671875,262.73975916905067,260.30183725475945,260.5348552038877,52246600
2019-04-24,261.9241027832031,262.7576499482489,261.7806924075933,262.4260254214715,50392900
2019-04-25,261.7628173828125,262.41712226378763,260.5797293423119,261.82556456716753,57770900
2019-04-26,262.9818115234375,263.0535030588638,261.03684013482405,261.80766774254926,50916400
2019-04-29,263.39404296875,263.91390906199985,262.98175518470526,263.07139009934167,57197700
2019-04-30,263.52850341796875,263.81532422738735,261.6463068189115,263.053468419192,81111700
2019-05-01,261.547607421875,264.36198432958724,261.53863572703256,264.1558268173081,71671900
2019-05-02,260.9831237792969,262.3455094357622,259.49527106922153,261.4312711972925,65030200
2019-05-03,263.53741455078125,263.8152635983207,261.09052124050993,262.4529060957811,56543700
2019-05-06,262.45294189453125,262.89211741292036,258.9394556892126,259.2531642106628,107198100
2019-05-07,258.070068359375,260.6514008912022,256.16992839920704,260.05984323993033,144729900
2019-05-08,257.7115173339844,259.41447115468867,257.11995977153765,257.7115173339844,91568300
2019-05-09,256.9317321777344,257.53223405255756,253.92016904937915,255.6500378691589,103471100
2019-05-10,258.22247314453125,258.9753573069999,253.0239481854764,255.99965274623816,112429300
2019-05-13,251.7333526611328,254.0906124389428,250.8998050344331,253.1315977595532,127290500
2019-05-14,254.00978088378906,255.5334920253126,252.62053575978123,252.7460027293387,77003200
2019-05-15,255.4976348876953,256.1339961418753,252.18133524534448,252.38749276835136,73956400
2019-05-16,257.86395263671875,259.2173388055751,256.1251390237881,256.1968305524886,76749600
2019-05-17,256.1968078613281,258.67058934984783,255.55147474922455,255.56941814436465,100353000
2019-05-20,254.5028076171875,256.30434077404203,253.75886794240608,254.6013868725707,62877600
2019-05-21,256.79730224609375,257.1737305545002,255.93683997855635,256.1878013017382,46847100
2019-05-22,256.0085754394531,256.95864532113876,255.5335404986103,255.84724901110678,49482500
2019-05-23,252.8804931640625,253.83950730062355,251.47330451372397,253.7947035256118,98733800
2019-05-24,253.4541778564453,254.7269281832901,252.83573241383797,254.31461298639218,55268100
2019-05-28,251.09683227539062,254.68200932691212,251.0789162371159,253.73193959647733,70029400
2019-05-29,249.4118194580078,250.38877701925782,248.01360245725246,249.9854609725397,104972900
2019-05-30,250.09303283691406,250.9982989609334,248.99955254201674,250.16472435586059,62523800
2019-05-31,246.72299194335938,248.38114233820747,246.69610420085868,247.5565666663596,86862800
2019-06-03,246.09556579589844,247.87021124414102,244.7690402055251,246.75881491471756,96428000
2019-06-04,251.43739318847656,251.5718318384973,247.93287983006158,248.381026898615,77231900
2019-06-05,253.6154327392578,253.64232047470728,251.2492299615094,253.0507629420872,71169700
2019-06-06,255.2646942138672,255.93691517196487,253.26597473754416,253.91130795142757,69430400
2019-06-07,257.8191223144531,258.89468671754076,256.10719643845385,256.27749459148833,74272200
2019-06-10,259.00213623046875,260.6602859720538,258.9125013398669,259.3606484401478,60799100
2019-06-11,258.9394226074219,261.18015839902773,258.29408960533016,260.81267444687654,58641300
2019-06-12,258.4823303222656,259.26210199894365,257.9714359986725,258.706403900747,47096300
2019-06-13,259.5489196777344,259.90745931903905,258.68848471461854,259.3875932507878,48945200
2019-06-14,259.2620849609375,259.8625867942744,258.50022937362166,259.2620849609375,52324700
2019-06-17,259.3607482910156,260.1226041253445,259.1904501391278,259.4951870023116,39205700
2019-06-18,262.0765075683594,263.12518417352123,260.81272903505663,261.1712687189415,85434800
2019-06-19,262.6679992675781,263.19680960996527,261.2428946460134,262.21088043232373,78674400
2019-06-20,265.17767333984375,265.581016799397,262.73080690028075,265.3390271353072,116570000
2019-06-21,264.79217529296875,266.1611589574299,264.57602721062443,264.90926466616133,83309500
2019-06-24,264.46795654296875,265.3145457048724,264.3148333255094,264.99933890935563,47582700
2019-06-25,261.87408447265625,264.5490271209979,261.76601042395885,264.52200860882357,82028700
2019-06-26,261.6129455566406,263.2701454731416,261.5048714838348,262.7657814761968,51584900
2019-06-27,262.5406188964844,263.04498289515925,261.99123319591143,262.36949245202936,40355200
2019-06-28,263.8915710449219,264.386919654963,262.99993255253844,263.51328434422294,59350900
2019-07-01,266.2872314453125,267.4220637118567,265.0893468337903,267.2058881698985,78705600
2019-07-02,266.98077392578125,267.0348109497761,265.40462992580103,266.24223128349144,61504500
2019-07-03,269.1153869628906,269.1334176326338,267.51222404503983,267.6563319741,40898900
2019-07-05,268.8090515136719,268.97119004226147,266.60246680207615,267.8903947852347,51677300
2019-07-08,267.3321228027344,268.6290667418327,266.7917249138137,267.5032492589889,45841800
2019-07-09,267.6651916503906,267.9623951847691,266.1250820007255,266.1791190069761,41101300
2019-07-10,268.94415283203125,269.88985558425395,268.1966224529746,268.7280047678734,58448500
2019-07-11,269.5746154785156,269.8177820454118,268.5749032177327,269.58363080958173,50826100
2019-07-12,270.7815246582031,270.85359234497,269.7547937508127,270.06101270514915,40326000
2019-07-15,270.87158203125,271.21383481192174,270.3672181920815,271.21383481192174,33900000
2019-07-16,269.998046875,270.9887717422666,269.69182782253176,270.78161143363604,36650100
2019-07-17,268.16070556640625,270.133139969381,268.16070556640625,269.9710288505612,36036300
2019-07-18,269.142333984375,269.5206206333886,267.22396468495583,267.66527620399694,51392600
2019-07-19,267.6472473144531,270.2591373052025,267.47612092845327,270.2321187961376,58678600
2019-07-22,268.30474853515625,268.84514628615204,267.5301994978204,268.04355124978355,43638100
2019-07-23,270.2231140136719,270.2231140136719,268.59293310299523,269.42154655627746,44564500
2019-07-24,271.4930419921875,271.4930419921875,269.37650038995713,269.4665712532843,47213200
2019-07-25,270.1961364746094,271.09679026285806,269.39454140989733,271.04275323442494,55394100
2019-07-26,272.00640869140625,272.2045535873242,270.75448696588677,270.8805916659106,45084100
2019-07-29,271.5110778808594,272.00645394595506,270.9616922741828,271.8893645581002,38126500
2019-07-30,270.8446044921875,271.2499096855078,269.7367904533448,270.11507713282856,45849000
2019-07-31,267.88140869140625,271.2768905449335,265.8729686415346,271.0877334885615,104245200
2019-08-01,265.5487060546875,270.9796462027079,264.7561264832074,268.0345188041901,142646600
2019-08-02,263.54931640625,264.9002971362273,262.0001907364451,264.6571304997098,116749700
2019-08-05,255.62353515625,259.5773905358963,253.73215692294193,259.4693164915534,178745400
2019-08-06,259.20819091796875,259.4243665522127,256.037898968751,257.5059692772363,120711700
2019-08-07,259.3612365722656,260.1267976833788,254.0203669444034,256.1458963970514,140572300
2019-08-08,264.449951171875,264.449951171875,260.2979505540792,260.847336151514,87713900
2019-08-09,262.6486511230469,264.10770585001865,260.874362075684,263.51327105647977,93730000
2019-08-12,259.45135498046875,262.6396497436987,258.50565196905086,261.15357642378325,65527600
2019-08-13,263.4861755371094,264.9272266621899,258.8117815826576,259.1540343170127,94299800
2019-08-14,255.69557189941406,260.0547323721658,255.56949467797537,259.45130980415513,135622100
2019-08-15,256.3711242675781,257.2627903089228,254.33566516669413,256.5782845571381,99556600
2019-08-16,260.15380859375,260.58610474870034,256.4250893426971,258.01926387137956,83018300
2019-08-19,263.2879943847656,263.9634844297794,262.486427157278,263.16191720229176,53571800
2019-08-20,261.2706298828125,263.3151038974845,261.1445526567622,262.78372151003504,51596400
2019-08-21,263.39617919921875,263.7654230198255,262.73869211921766,263.4231977101356,49524700
2019-08-22,263.31512451171875,264.72915753530043,261.54985080842727,264.09871638415376,51666400
2019-08-23,256.5511779785156,263.67535110067126,255.30827163933517,262.01815181035266,149161500
2019-08-26,259.3882141113281,259.3882141113281,257.20862049623975,258.7307271459625,72423800
2019-08-27,258.3704833984375,261.14451176642103,257.61393770328715,260.77524050704426,66668900
2019-08-28,260.1899108886719,260.35202198942807,256.91151759369086,257.71311273483263,59696700
2019-08-29,263.5132141113281,264.0356085832633,261.7389254473887,262.7386652204971,57899400
2019-08-30,263.39617919921875,265.00832949353685,262.46850701004956,264.99032631484863,62901200
2019-09-03,261.8560791015625,262.61262500129374,260.53211690558965,261.7029833463762,69101400
2019-09-04,264.8282165527344,264.8462197315112,263.2700757868123,264.01763373547163,46887300
2019-09-05,268.2326354980469,269.1422768547037,264.7921324861671,267.304963480264,83258100
2019-09-06,268.4398193359375,269.07930324088835,267.8724306034567,268.5479208659887,49584300
2019-09-09,268.5749206542969,269.51158062995825,267.63823319286826,269.42153725651303,51260300
2019-09-10,268.5118713378906,268.5749236886284,266.5664561971447,267.81835045130987,57947100
2019-09-11,270.4212951660156,270.5023507072399,268.16966073499134,268.8181325505572,68821100
2019-09-12,271.3579406738281,272.4116900319859,270.56536107938297,271.32190683250764,72908700
2019-09-13,271.17779541015625,272.150516712728,270.8085241273065,271.79924860741954,62104800
2019-09-16,270.34027099609375,271.2229216903592,269.700814439494,270.05205515889173,58191200
2019-09-17,271.02471923828125,271.1147626182504,269.9709423321039,270.142068731276,41475500
2019-09-18,271.18682861328125,271.29490265718533,268.6109447952342,270.6374155757433,73375800
2019-09-19,271.1688232421875,272.564853068215,270.83558574714397,271.57412843040197,76560500
2019-09-20,269.8875427246094,272.05005842523434,269.1003600595931,271.76954107242454,89565000
2019-09-23,269.8243103027344,270.53912039251946,268.97378376873814,269.22713033550053,43476800
2019-09-24,267.7069091796875,271.2990164354877,266.74780999818125,270.9099536305294,94869400
2019-09-25,269.29046630859375,269.7338158847859,266.31362352330837,267.7884732719116,71854000
2019-09-26,268.72943115234375,269.507556991821,267.3269822031937,269.2994676970623,56179700
2019-09-27,267.2817687988281,269.5890586383506,265.7345462186397,269.4804578779437,84746600
2019-09-30,268.5213928222656,269.22714598589437,267.7523237227943,267.7975533359256,51662400
2019-10-01,265.32733154296875,270.0504560848609,265.110185278463,269.3989896786448,88242400
2019-10-02,260.6405029296875,263.76211969138757,259.3556835761103,263.75306272280875,122539500
2019-10-03,262.7758483886719,262.8029916787892,257.7088892026817,260.4142716976358,85278800
2019-10-04,266.3316955566406,266.5850420764219,263.37293955799163,263.42725373830876,65091200
2019-10-07,265.18255615234375,267.1550692865488,264.9020663585836,265.5354464421896,59610500
2019-10-08,261.06573486328125,264.06972112299644,261.0295346060289,263.33682468669383,95708100
2019-10-09,263.54486083984375,264.47681708385716,262.45004489012706,263.0743680413565,62359400
2019-10-10,265.32733154296875,266.20500117894466,263.3005594403848,263.4634191387641,55296300
2019-10-11,268.07806396484375,270.3038967897542,267.951404470645,268.06900699643364,98720400
2019-10-14,267.7794189453125,268.4308854111592,267.4355855865738,267.7613050131464,40394800
2019-10-15,270.4305114746094,271.1724647551186,268.7023153463166,268.8199454533121,46754500
2019-10-16,269.99615478515625,270.68382140216397,269.561862279844,269.9690115035742,48928200
2019-10-17,270.7923583984375,271.66097090586624,270.1046918731806,271.154277975475,45736600
2019-10-18,269.6070861816406,270.90096193087385,268.75655989311184,270.2585525385415,64304000
2019-10-21,271.43487548828125,271.63393547659007,270.4848327697691,270.9191530022715,39048600
2019-10-22,270.54815673828125,272.2582390304072,270.4576699114692,271.96869222968974,48594700
2019-10-23,271.33526611328125,271.3895526721118,270.08662003478764,270.2947369187683,34352200
2019-10-24,271.7787170410156,272.4120972808288,270.9553337743407,272.26732386565135,35453100
2019-10-25,272.8916320800781,273.4345254538607,271.15437880651467,271.2086653826225,45205400
2019-10-28,274.4298095703125,274.9274733563282,274.07694681042267,274.10409009964496,42147000
2019-10-29,274.3482666015625,275.2711932800511,274.03157661605553,274.1582636553359,44284900
2019-10-30,275.1897888183594,275.56073778143866,273.2444191334657,274.54735182453754,49643900
2019-10-31,274.4569091796875,275.1807761315872,273.00923050128966,275.1807761315872,69053800
2019-11-01,276.99945068359375,277.04468028616344,275.7326904592425,275.8955777764334,71141500
2019-11-04,278.1123962402344,278.6824329073958,277.74141955822927,278.5467164658584,60606900
2019-11-05,277.8046569824219,278.6099535824334,277.515110275944,278.3113499124113,42933200
2019-11-06,277.8680725097656,278.13950535949533,276.9270592762012,277.8047289739284,46487100
2019-11-07,278.84527587890625,280.1753521514452,278.3747830389513,279.1981662183995,54272300
2019-11-08,279.5329284667969,279.5872150373997,277.804732335404,278.50142839994095,49032100
2019-11-11,278.99896240234375,279.1708790002259,278.0217493604149,278.15749333651326,35797300
2019-11-12,279.5872497558594,280.48300589473985,278.8181530932133,279.36104647935787,46484600
2019-11-13,279.6777038574219,280.07582378648766,278.37477092824327,278.6009741782715,53917700
2019-11-14,280.08489990234375,280.16635738513116,278.76388043318025,279.3972606840879,51219900
2019-11-15,282.111572265625,282.15680185760044,280.727209876316,281.4148487828875,62023600
2019-11-18,282.31976318359375,282.55502341704454,281.4240070834595,281.87641361689356,49228000
2019-11-19,282.23822021484375,282.92588670614794,281.5958109263683,282.9168297430437,67804700
2019-11-20,281.1887512207031,282.165964811224,279.64152858386626,281.65021472804375,79406200
2019-11-21,280.7363586425781,281.4059391324079,279.94014628642975,281.29736597532883,54664700
2019-11-22,281.360595703125,281.6139421962558,280.35626669515204,281.47822579148874,44850200
2019-11-25,283.5412292480469,283.5412292480469,282.2835536082596,282.2835536082596,48647200
2019-11-26,284.1836853027344,284.3646589671821,283.2607858845415,283.5774759909728,37569000
2019-11-27,285.45037841796875,285.45037841796875,284.4460217587132,284.66316801468287,44444600
2019-11-29,284.3918151855469,285.13376858572957,284.165611901055,284.88945136634675,36592700
2019-12-02,281.9759521484375,284.7084776187902,281.55068891044095,284.64513407824325,75767800
2019-12-03,280.08489990234375,280.16635738513116,277.8952675396062,279.27057358882394,73941700
2019-12-04,281.8130187988281,282.4101986278276,280.7815464488824,281.1253797697638,49080000
2019-12-05,282.31976318359375,282.52788012954665,281.0168301582875,282.50979380878255,40709000
2019-12-06,284.8984069824219,285.2965268305146,284.2107404061352,284.2197973703587,48927000
2019-12-09,284.0027160644531,285.1789619492192,283.9303155595032,284.5094091482941,34838500
2019-12-10,283.6860046386719,284.60890391207636,283.03453820665106,283.9484081271428,52649800
2019-12-11,284.4912109375,284.7445573797789,283.60448458317836,284.13832074324125,53429100
2019-12-12,286.9433288574219,287.72145472298655,284.2650903166584,284.5003229017807,96389600
2019-12-13,287.1152038574219,288.33670665798,285.9389306517123,286.7080270530041,81503900
2019-12-16,289.0877685546875,289.6758915127746,287.0519391986686,288.83442200600217,82749700
2019-12-17,289.151123046875,289.7663893151713,289.0696931830743,289.4678131479023,61097700
2019-12-18,289.1692199707031,289.76639993984145,289.11493339284556,289.54019666119984,48133000
2019-12-19,290.35443115234375,290.42683164173593,289.1057850309427,289.3591315184229,85310500
2019-12-20,291.62744140625,292.754916750099,290.4090343656645,291.3819230502159,147142100
2019-12-23,292.0729675292969,292.4639432977859,291.92748236576335,292.409389830018,52990000
2019-12-24,292.0820617675781,292.3457276057537,291.7819899538515,292.3002756332288,20270000
2019-12-26,293.63690185546875,293.6460033496912,292.4548730417836,292.46394678754814,30911200
2019-12-27,293.56427001953125,294.4189783855356,293.0369103514606,294.36442489395824,42528800
2019-12-30,291.9456787109375,293.7824047534291,291.4637712118447,293.6460210741499,49729100
2019-12-31,292.65496826171875,292.90048668881275,291.10013846680937,291.4456623653372,57077300
2020-01-02,295.391845703125,295.4100486962451,293.2641766429561,294.18253984463786,59151200
2020-01-03,293.155029296875,294.27343102956564,291.96389884711743,292.01845232203294,77709700
2020-01-06,294.2734069824219,294.3552371881082,291.29100260562666,291.4092110411044,55653900
2020-01-07,293.44598388671875,294.182483506946,293.0004268675797,293.70964975181556,40496400
2020-01-08,295.0098571777344,296.2191625683041,293.39137307879764,293.6368636547452,68296000
2020-01-09,297.0102844238281,297.08304088810894,295.9828144164329,296.5647551368362,48473300
2020-01-10,296.1556091308594,297.7468170445733,295.69190455067536,297.5922581006665,53029300
2020-01-13,298.1922302246094,298.20130396792484,296.3464310454051,296.773784931647,47086800
2020-01-14,297.7376708984375,298.80149124864306,297.18300698847196,297.75584613787055,62832800
2020-01-15,298.4104919433594,299.16516667291756,297.5648855268959,297.64671572057415,72056600
2020-01-16,300.892822265625,300.892822265625,299.5562067752238,299.7835221460508,54050300
2020-01-17,301.829345703125,302.0384580750324,300.8291525707732,301.6020303434294,95846000
2020-01-21,301.23834228515625,302.03849689387584,300.80191449746235,300.87464321259114,77742400
2020-01-22,301.2746276855469,302.7385527682541,301.1200688078495,302.09295728378254,48914900
2020-01-23,301.6202392578125,302.02941805033095,299.51984731959936,300.62914750870215,51963000
2020-01-24,298.93792724609375,302.3567597530786,297.6558650559744,302.27492953861935,87578400
2020-01-27,294.1460266113281,295.61902545785193,293.3822504593696,293.7186726961124,84062500
2020-01-28,297.2284851074219,298.1013683192747,294.23700720360983,295.5645211349526,63834000
2020-01-29,296.9829406738281,298.8105648851513,296.78290206488504,298.58324954537295,53888900
2020-01-30,297.9468078613281,298.155948000126,294.1824796021824,294.92805295887075,75491800
2020-01-31,292.53668212890625,297.4830663972043,291.6274207229464,297.3284797488705,113845600
2020-02-03,294.7098693847656,296.5647708437156,293.8915394832608,294.00974793263214,69083000
2020-02-04,299.2016296386719,300.0654392862416,297.9832223847323,298.30146950480867,62573200
2020-02-05,302.6567687988281,302.8659089327399,300.66551164748887,302.1203078450114,65951100
2020-02-06,303.6751403808594,303.866077510334,302.6021908116986,303.611485421549,50359700
2020-02-07,302.05670166015625,303.68425987543606,301.5111391738703,302.62043938821614,64139400
2020-02-10,304.3116455078125,304.3753004752346,301.1383316131343,301.1747098442984,42070000
2020-02-11,304.8389587402344,306.4392397930032,304.3115716359892,305.6572883777854,54864500
2020-02-12,306.8030090332031,307.01212140657594,305.90282133354975,306.2665203619199,43992700
2020-02-13,306.4756774902344,307.43949245570366,305.11178524682026,305.3845525961196,54501900
2020-02-14,306.96673583984375,307.084944293039,305.6937750909398,306.8849056218924,64582200
2020-02-18,306.1756591796875,307.0303672773859,304.79356383100367,305.97562052387593,57226200
2020-02-19,307.63958740234375,308.3124321527396,306.8576356922582,307.13950458761127,48814700
2020-02-20,306.3756103515625,307.91226418959036,303.402308100626,307.0939068095637,74163400
2020-02-21,303.2205505371094,305.33911773127744,302.40219294643487,305.02997213526146,113788200
2020-02-24,293.1640625,303.29321971101865,292.09111299686066,293.8187317949431,161088400
2020-02-25,284.2806091308594,295.15536915780245,283.40772583983846,294.54617947757,218913200
2020-02-26,283.2349548339844,289.2451599784566,282.5075567395727,285.671768973568,194773800
2020-02-27,270.5143737792969,283.28948562315003,270.5143737792969,277.7429854148297,284353500
2020-02-28,269.3778076171875,270.85990822902744,259.63052370677684,262.50379323523845,384975800
2020-03-02,281.0436096191406,281.1072645783154,267.7411105744401,271.1508409072188,238703600
2020-03-03,272.9966735839844,285.3626359732163,270.5689608318298,281.41644425276655,300139100
2020-03-04,284.4715576171875,284.68979925998445,275.8062960824147,278.343143597917,176613400
2020-03-05,275.01519775390625,280.47986769668034,272.7875239528955,277.3065542615763,186366800
2020-03-06,270.4689636230469,271.669195665043,263.895019628656,266.550048117172,228667200
2020-03-09,249.3468475341797,258.4030863530408,248.63762451369897,250.3197364704086,309417300
2020-03-10,262.24920654296875,262.3401104916032,248.6830131414344,258.8121992811534,276444100
2020-03-11,249.4649658203125,256.35718336366966,246.30075363543554,255.22970801029587,255316300
2020-03-12,225.5968475341797,242.4636493556754,225.20585791580433,232.77091945781268,392220700
2020-03-13,244.88229370117188,246.84630170947224,225.96965328165044,239.21758503257703,329566100
2020-03-16,218.0863494873047,233.5892450551575,215.82228363619473,219.29565492416742,297240000
2020-03-17,229.86129760742188,232.92551813203102,215.55861886674538,222.80541986754847,262070500
2020-03-18,218.22274780273438,225.83326169260155,207.32979952636524,214.81301736831665,327597100
2020-03-19,218.68646240234375,224.93309788570622,211.14869122239375,217.54079799071988,289322000
2020-03-20,209.26234436035156,223.59425218036205,208.98795912832034,221.81991016314782,347158800
2020-03-23,203.91188049316406,210.0671893215918,199.6223661157914,208.70443213492814,326025200
2020-03-24,222.38693237304688,223.25582114846083,213.83535584057927,214.40240834174568,235494500
2020-03-25,225.7161407470703,234.45980644396235,219.27730546743715,223.96009476171582,299430300
2020-03-26,238.8956756591797,240.35902646613818,227.78317753221316,228.21304450745478,257632800
2020-03-27,231.78001403808594,238.53896824316124,229.6123970169316,231.64282838705617,224341200
2020-03-30,239.30722045898438,240.02061371023277,231.8806066353149,233.8653046759227,171369500
2020-03-31,235.740234375,240.84373521827933,234.3408851186473,238.31028086600318,194881100
2020-04-01,225.1308135986328,235.6579634150699,223.0729450503608,226.80454835925843,189554600
2020-04-02,230.3257598876953,231.1031684005244,223.70399220839067,224.2527626516447,177660400
2020-04-03,226.9966278076172,231.688572678805,224.28024014069945,229.34716379458789,135561200
2020-04-06,242.24307250976562,244.20034711644243,226.97827601776527,235.82253410567466,188061200
2020-04-07,242.49005126953125,251.54466592390668,242.27055425611888,250.79468057924873,201427200
2020-04-08,250.63002014160156,252.43179895349527,242.5997633058501,245.07834308177027,153774500
2020-04-09,254.4440460205078,257.18787098300805,251.94715525644546,253.87696541582113,189999200
2020-04-13,252.12091064453125,253.81294146989543,248.23382562674,253.4745408871483,114839100
2020-04-14,259.556640625,260.57184221885353,251.9836866702338,256.98659409583337,134143400
2020-04-15,254.0416259765625,259.69389891968154,251.938010010102,253.86784815593566,121775000
2020-04-16,255.26715087890625,256.1177297950417,252.21236288007296,255.31287012366016,131798300
2020-04-17,262.163330078125,262.76694697908226,258.2853720013515,261.0109147166747,146684800
2020-04-20,257.54449462890625,262.3004679707895,257.3249976139845,258.477384853948,100109300
2020-04-21,249.7246856689453,254.2977276747629,248.79176723631318,253.09959290216938,126385700
2020-04-22,255.26715087890625,257.0049008539564,253.26415671405383,254.581194737837,92951600
2020-04-23,255.2488555908203,259.69386615566833,254.947047152438,256.5384565598926,104709700
2020-04-24,258.80670166015625,259.47437574126815,254.7184016023535,256.7579880798874,85063200
2020-04-27,262.5382080078125,263.65403085355933,260.31571732778553,260.7730213151962,77896600
2020-04-28,261.3309631347656,266.51677504774557,261.029126853578,266.16921952958876,105270000
2020-04-29,268.1722412109375,269.6996490647606,265.6113496189512,266.6357062557457,118745600
2020-04-30,265.6753845214844,268.2728683089117,263.94676172651174,266.8003346785692,122901700
2020-05-01,258.64215087890625,265.84011545689634,257.48058019643804,260.94695429837986,125180000
2020-05-04,259.3554992675781,259.65730774517107,255.294635917444,256.76714197902675,80873200
2020-05-05,261.751708984375,264.5504076936841,259.4834707215646,262.16329381700166,79569900
2020-05-06,259.9773864746094,263.82787926465915,259.54751949484415,263.44375944285997,73632600
2020-05-07,263.1144714355469,265.03515417332994,262.6114481071013,263.1785007061858,75250400
2020-05-08,267.4679870605469,267.9344461094257,265.10828260205517,266.2332605798592,76452400
2020-05-11,267.52288818359375,268.89480043068914,265.12661925786074,265.5473311983813,79514200
2020-05-12,262.19073486328125,269.11429745742555,262.0535213092714,268.70274053027424,95870800
2020-05-13,257.5536804199219,262.6663370220257,255.13910132073806,261.6328252672218,144721100
2020-05-14,260.63592529296875,260.7639559394108,249.67890794003233,255.12999344010436,121977900
2020-05-15,261.8340148925781,261.8797341345246,257.3158484879118,258.2578937473351,111146300
2020-05-18,269.8093566894531,271.4099206698143,267.7057694799125,268.0258599466881,119703800
2020-05-19,267.0381774902344,270.9161076201453,267.01989537303587,269.21494963691697,95189300
2020-05-20,271.5746154785156,272.4343494490496,270.33076168126627,270.5594137391396,85861700
2020-05-21,269.69970703125,272.25147207031785,268.611320892823,271.4466122793838,78293900
2020-05-22,270.2118835449219,270.38566135817075,268.18145196368334,269.4161787745879,63958200
2020-05-26,273.5410461425781,276.3854925534355,270.2301684648863,276.147685456707,88951400
2020-05-27,277.61102294921875,277.6476150920947,271.51972905102286,276.32142205120357,104817400
2020-05-28,277.0989074707031,280.63843750525734,276.4312332919458,278.63544288061865,90405200
2020-05-29,278.33349609375,278.918830663609,273.8976419849883,276.63231080462043,119090800
2020-06-01,279.45849609375,280.06214079412035,277.18113083769884,277.6933091449905,55758300
2020-06-02,281.7724914550781,281.8182386135936,279.04697679082,280.3731419784623,74267200
2020-06-03,285.5223388671875,286.47353906948985,283.473625734496,283.7479969891875,92567600
2020-06-04,284.7724609375,286.2724321264174,282.6871548806483,284.5438088351626,75794400
2020-06-05,292.0709228515625,293.83610963798606,290.0770840592824,290.14111331971145,150524700
2020-06-08,295.60137939453125,295.7934392999696,292.3362214439441,292.87583692887944,73641200
2020-06-09,293.3971862792969,295.6745518741366,292.089275278113,292.9490092600261,77479200
2020-06-10,291.76007080078125,294.8606065808559,291.04667738676187,293.97343534314683,95000800
2020-06-11,274.9403991699219,285.49498720882065,274.3916564962647,284.8639052224834,209243600
2020-06-12,278.23297119140625,282.68710895546064,273.1020322461087,281.91884136581535,194678900
2020-06-15,280.8304138183594,281.9553918611026,271.4008062757648,272.57150356014085,135782700
2020-06-16,286.2358093261719,288.6869808136118,281.3975514551438,288.5406401343892,137627500
2020-06-17,285.0467834472656,287.5436737805925,284.3150801698456,287.25099246962446,83398900
2020-06-18,285.1565246582031,285.63211084262696,283.08037422942215,283.53767829923845,80828700
2020-06-19,283.52691650390625,288.7998612118977,281.5885862007756,288.60695612206905,135549600
2020-06-22,285.34576416015625,285.740769602764,281.7906591077808,282.92975500160884,74649400
2020-06-23,286.65948486328125,288.9101474643075,286.2552840040401,287.98231894180475,68471200
2020-06-24,279.3470764160156,285.24471199491313,277.5190059080618,284.62921561406836,132813500
2020-06-25,282.3419494628906,282.6083609686921,276.7658386213742,278.7776477847255,89468000
2020-06-26,275.6358337402344,281.45999191166675,275.05711847124337,281.24869621906464,127961000
2020-06-29,279.6869812011719,279.82477053732015,274.6069420891826,276.88516190649545,79773300
2020-06-30,283.2696838378906,284.9599933798619,279.09910982852165,279.2552617532368,113394800
2020-07-01,285.2539367675781,286.51248764873316,283.9219356089049,284.3812521535075,72396500
2020-07-02,286.82476806640625,290.01242543532555,286.1633512394865,288.6712011809494,69344200
2020-07-06,291.2525634765625,291.83130671638787,289.8838093619901,290.6278998033505,61713800
2020-07-07,288.2486572265625,291.6843356231875,287.87201433816693,289.71847561105767,82910000
2020-07-08,290.453369140625,290.5636006128082,287.25654430949635,289.0111086325023,54638600
2020-07-09,288.7997741699219,291.2984564209568,285.4008217135947,291.05960293018705,83354200
2020-07-10,291.7486267089844,292.0150381063535,287.31164202517806,288.7355118423281,57550400
2020-07-13,289.222412109375,296.45204937769444,288.57019052506786,294.081988558485,102997500
2020-07-14,292.9704895019531,293.74213796529875,286.6135359213563,287.807747773912,93657000
2020-07-15,295.6620178222656,296.7551932653832,293.2919291339535,296.1764500267383,87196500
2020-07-16,294.6883239746094,295.1384452286561,293.12663646975597,293.7696908622151,54622500
2020-07-17,295.5426025390625,296.32344617655446,293.7236991518469,295.6895871795454,62774900
2020-07-20,297.9311218261719,298.6752124646105,294.5321678217421,295.2762584601807,56308800
2020-07-21,298.5649108886719,300.3286704937744,297.5819668813905,299.8877446097255,57292200
2020-07-22,300.2643737792969,300.57673367466816,298.096413320775,298.20664479704493,57792900
2020-07-23,296.6817321777344,300.6043133781374,295.32217315904694,299.9061432651097,75738000
2020-07-24,294.77093505859375,295.7906041405015,293.27355891752757,294.83524609108844,73766600
2020-07-27,296.9205017089844,297.0950441878384,294.66984008236017,295.45987888682316,48293000
2020-07-28,295.037353515625,297.3063779975777,294.74338424671515,296.1948119559722,57495000
2020-07-29,298.66595458984375,299.2263352942239,295.8733024378187,295.910055607234,48454200
2020-07-30,297.600341796875,298.0137378647775,293.631868503502,295.70796004076783,61861700
2020-07-31,299.9519348144531,300.05299898791674,295.1842289270002,299.3823870341238,84986800
2020-08-03,302.037353515625,302.7998065744939,301.063604773236,301.6055948819654,53077900
2020-08-04,303.2038879394531,303.2038879394531,301.1828849108516,301.1828849108516,41917900
2020-08-05,305.08721923828125,305.344463414178,304.2328972007619,304.49930864404297,42697700
2020-08-06,307.1265563964844,307.2459831711578,304.1869476378153,304.50847479244663,43679400
2020-08-07,307.3470153808594,307.6317893364543,305.26170076056275,306.16197109291363,57308300
2020-08-10,308.2657165527344,308.4494263523326,305.8680695802584,307.79720470001274,44282100
2020-08-11,305.7210693359375,310.0754090778702,304.99536940766205,309.4415500274836,69601100
2020-08-12,309.98345947265625,310.7551076734617,308.11863597876425,308.1461938418484,53774400
2020-08-13,309.4231872558594,310.7276586457943,308.5045541186952,309.2210868443049,41816100
2020-08-14,309.4324035644531,309.9652265194765,308.3116699396521,309.03739801692717,47260400
2020-08-17,310.4153137207031,310.8103192248424,309.4415648789166,310.4428715922836,35481000
2020-08-18,311.0859680175781,311.50853145040617,309.2211156622591,310.81036123006845,38733900
2020-08-19,309.79058837890625,311.9769111702149,309.23020772218825,311.4624789799715,68054200
2020-08-20,310.7551574707031,311.2328365188577,307.9441428478694,308.0727368847193,42207800
2020-08-21,311.8575744628906,312.0780374355691,310.0845912760767,310.4245090715658,55106600
2020-08-24,315.0176086425781,315.0910869399419,311.8299513355394,314.28268549668286,48588700
2020-08-25,316.12005615234375,316.2027297772164,314.4205791047331,315.57806592187154,38463400
2020-08-26,319.289306640625,319.55569004926366,316.1659597726134,316.7079499261824,50790200
2020-08-27,319.9873962402344,321.4296566689116,318.3338681796613,320.1527714738535,58034100
2020-08-28,322.05438232421875,322.1830044157413,319.8221106024278,321.0071551601329,48588900
2020-08-31,320.8877258300781,322.7157967275495,320.65806755514126,321.84311210346374,66099200
2020-09-01,323.9100341796875,324.01107036337214,320.82341240947085,321.7144876310069,54908700
2020-09-02,328.59503173828125,329.55958516400403,324.6724509289128,325.8115748999467,69540000
2020-09-03,317.2867126464844,327.3824818511358,314.714523042197,326.91396998023686,148011100
2020-09-04,314.696044921875,319.528034384878,307.6225611503972,317.96637544605505,139156300
2020-09-08,306.0976257324219,314.7603542943237,305.7944892452685,309.31284051450297,114465300
2020-09-09,312.14227294921875,314.59500703013146,309.22099909582585,310.0845162424743,91462300
2020-09-10,306.7224426269531,314.65941863884626,305.76705628038263,314.00719693771174,90569500
2020-09-11,306.87860107421875,309.551827020083,304.06758575680686,308.49540445893774,84680200
2020-09-14,310.9205322265625,312.6843200062255,307.02553709097856,310.0294570524929,65605700
2020-09-15,312.4913635253906,314.1908119497624,310.929676393618,313.36404795300973,52920900
2020-09-16,311.2512512207031,315.1462463127431,310.9756444899073,313.72237632422525,82096000
2020-09-17,308.5137634277344,310.2224357183526,305.89565326106145,306.419280901288,91523300
2020-09-18,304.9618225097656,309.425799922104,302.4900382490499,309.31512721590326,105877900
2020-09-21,301.5677795410156,301.7153525566458,296.7348829024936,300.39645567196135,99450800
2020-09-22,304.6390380859375,305.19242981762375,300.54397867680115,303.043459504694,63612100
2020-09-23,297.5741271972656,305.46909895110974,297.07607189061287,305.1923890488942,93112200
2020-09-24,298.36737060546875,301.4109832200537,294.9548113676943,296.26450432799584,76681300
2020-09-25,303.1910400390625,303.97498118619103,296.65186414481286,297.5188098317548,71069400
2020-09-28,308.22686767578125,308.9370364423363,306.3453468665424,307.3322255987747,64584600
2020-09-29,306.5482482910156,308.7617872255907,305.85651561479375,308.02395029629054,51304000
2020-09-30,308.8724060058594,312.00825434196105,307.0185539193598,307.2122311361581,104081100
2020-10-01,310.85546875,312.4233793586627,308.9831799827863,311.4549648105674,88698700
2020-10-02,307.9040222167969,310.82775782543484,305.4599059080019,305.93029309925635,89431100
2020-10-05,313.3641662597656,313.54861143748366,309.9055025274307,309.95160678519085,45713100
2020-10-06,308.90936279296875,315.58690808900525,308.4021034182183,313.5024779338328,90128900
2020-10-07,314.2864990234375,315.08890456314975,311.8239178856879,311.8515860716545,56999600
2020-10-08,317.0718688964844,317.13643737983216,315.301020539978,316.2141269777659,45242500
2020-10-09,319.90338134765625,320.36453656708585,318.0956607685628,318.7135930004572,59528600
2020-10-12,325.04986572265625,326.51633596319084,321.9416840040375,322.43050741754905,80388500
2020-10-13,322.9285583496094,325.08676139819215,321.9693476124568,324.911520163135,73255500
2020-10-14,320.8994445800781,324.5886861095269,320.170839643621,323.50036661354255,57727900
2020-10-15,320.50286865234375,320.9824599345007,316.4723766493068,317.0073043045326,60357700
2020-10-16,320.3091735839844,323.5003595562706,320.13393236342415,321.849416126788,89501900
2020-10-19,315.43939208984375,322.19068289440474,314.5447498669606,321.5635185712875,68425600
2020-10-20,316.7029724121094,319.93105904406303,316.0204716740059,316.7767448648712,60051900
2020-10-21,316.10345458984375,318.8150494267142,315.79907639467757,316.65681831436444,63575000
2020-10-22,317.8373107910156,318.41837073196325,314.184970207926,316.31550456028447,55399300
2020-10-23,318.9164123535156,319.1100896099065,316.47229601014976,319.05475325093767,49143900
2020-10-26,313.02294921875,316.33404027290226,309.5458208963196,315.5500707808946,91473000
2020-10-27,311.9438171386719,313.69620122734307,311.7316756189508,313.36418300170556,65994100
2020-10-28,301.2818603515625,311.9714324418126,300.793037060004,306.29923020856904,127094300
2020-10-29,304.3439636230469,307.49824909412393,299.83385273532434,301.5124642403669,90597700
2020-10-30,301.17120361328125,304.07647533605143,297.5372988957393,302.77601447703177,120287300
2020-11-02,304.546875,306.5390404964642,301.8168162223565,304.546875,86068300
2020-11-03,309.92401123046875,311.9715417657075,304.62995771047446,307.765807933328,93294200
2020-11-04,316.8504638671875,320.90862324436983,313.20732720493976,314.37865106265446,126959700
2020-11-05,323.0299377441406,324.8284540169857,321.757145076795,322.10762748046125,82039700
2020-11-06,322.95611572265625,324.201240016789,320.64110830931844,322.74397426177785,74973000
2020-11-09,327.01434326171875,336.0714373165098,326.55318810389855,335.69328670949596,172304200
2020-11-10,326.53472900390625,327.5861480533205,323.2789749451511,326.0274414780705,85552000
2020-11-11,328.9603576660156,329.7811990235241,327.47542376010495,328.7113159236971,58649000
2020-11-12,325.7691650390625,329.0064827205813,323.9706771078529,327.95503562356157,67546200
2020-11-13,330.2793273925781,331.01716438135384,327.1526819336186,327.669173455097,62892200
2020-11-16,334.4019470214844,334.595624242483,331.65345305937234,332.9354774834451,74541100
2020-11-17,332.6035461425781,333.80256645757106,330.5006797195766,332.0040500584204,66111000
2020-11-18,328.60064697265625,333.41510690360417,328.56374668695173,332.8709473128143,70591300
2020-11-19,329.9842224121094,330.3531409524172,326.63623106912223,327.9735924427535,59940900
2020-11-20,327.72454833984375,329.9288837485737,327.6507758909664,329.72597433081063,70417300
2020-11-23,329.6889953613281,330.94335186636596,327.3002153270848,329.5229862809576,63230600
2020-11-24,335.00152587890625,335.5456855418986,331.37685339761396,332.2253630547063,62415900
2020-11-25,334.4849853515625,334.94614040309006,333.39666618515844,334.91847222586523,45330900
2020-11-27,335.4166564941406,335.8870156877651,334.4113133262943,335.5734335097883,28514100
2020-11-30,333.931640625,334.90928722000234,331.2661786885653,334.6418093714301,83872700
2020-12-01,337.5841064453125,339.1151453770365,336.578791296413,337.16908357467605,74231400
2020-12-02,338.2942199707031,338.45099696751333,335.90543955018524,336.47726746171054,45927000
2020-12-03,338.2018737792969,339.5853388514051,337.10432257035757,338.1926416718821,62882000
2020-12-04,341.1163635253906,341.1163635253906,338.69068369066343,338.78292032118566,50749900
2020-12-07,340.4154357910156,340.90425902440904,339.1518754413008,340.35086732798777,48944300
2020-12-08,341.4115905761719,341.9741863066491,339.105814998791,339.1519192516688,42458900
2020-12-09,338.3494567871094,342.22314221575647,337.51938334859,342.0663652650748,74098300
2020-12-10,338.2388610839844,339.2810480632366,336.1175305396437,336.9845044596191,57735400
2020-12-11,337.84222412109375,338.2480428717824,335.03842130301246,336.5509954355729,57698600
2020-12-14,336.3296813964844,341.070341758888,336.15444018565523,340.00048656717314,69216200
2020-12-15,340.87664794921875,340.87664794921875,337.49178503398645,338.8567862142581,63865300
2020-12-16,341.4115905761719,342.32466869787885,340.2125703879291,341.08877636600363,58420500
2020-12-17,343.32080078125,343.52371018713376,342.2232491966983,343.04411893080777,64119500
2020-12-18,341.9499206542969,343.77461802271546,339.949235092986,343.6079012926033,136542300
2020-12-21,340.7272033691406,350.54536946267484,335.3272275643537,338.0503799855159,96386700
2020-12-22,340.1530456542969,341.16264587198805,339.0323009380207,341.051501373403,47949000
2020-12-23,340.45867919921875,342.35746343749054,340.13448894065533,341.116302912313,46201400
2020-12-24,341.7832336425781,341.8110197666795,340.3475701195771,340.93107872570647,26457900
2020-12-28,344.7194519042969,345.10845766342516,343.7005801859581,344.32114641440614,39000400
2020-12-29,344.061767578125,346.41442964061537,343.47823072745575,346.2384414390911,53680500
2020-12-30,344.55267333984375,345.5808164221914,344.16366761858706,344.8768636186617,49455300
2020-12-31,346.3033447265625,347.0258123167665,343.8488092128349,344.3582309785791,78520700
2021-01-04,341.5887145996094,347.75748825794324,337.91153359546706,347.6278008405059,110210800
2021-01-05,343.9413146972656,345.02502991311206,340.90324308131426,340.94957212585825,66426200
2021-01-06,345.9976501464844,349.17468134346575,341.8944053169438,342.44088464548366,107997700
2021-01-07,351.1382141113281,351.87919612243684,348.1835009953903,348.3594891696927,68766800
2021-01-08,353.1389465332031,353.351964049799,349.28577737519294,352.51835210952186,71677200
2021-01-11,350.7585144042969,352.5090967320955,349.86005871507695,349.9804746734245,51034700
2021-01-12,350.83258056640625,351.8421806908139,348.60033453721564,350.94375332137713,52547700
2021-01-13,351.7773742675781,352.768431491567,349.98046294933357,350.75850265414215,45303600
2021-01-14,350.5455017089844,353.01858002037034,350.2120681928386,352.5184014794921,49989100
2021-01-15,347.9891357421875,349.7304469833883,346.13665171538145,348.93389241985994,107160000
2021-01-19,350.7214660644531,351.25870215945235,348.96161222679353,350.43433335620296,51233300
2021-01-20,355.5749816894531,356.40859366437286,352.6109965934532,353.00000232397593,61836100
2021-01-21,355.89910888671875,356.5567608588735,354.9821386306928,356.13066931635393,47840100
2021-01-22,354.639404296875,355.79720634900036,353.6761050748442,354.0558675399395,52860500
2021-01-25,356.0380859375,356.3900340645269,350.5454507834374,355.3711907354322,70402000
2021-01-26,355.48236083984375,357.39041675362216,355.2508003816992,356.9828680859552,42665300
2021-01-27,346.794189453125,352.2682817840443,344.57121482669146,352.17565195238956,123351100
2021-01-28,349.77667236328125,353.7595005336595,348.1650207830178,348.6003272642872,94198100
2021-01-29,342.7743225097656,348.8875242713741,341.1070702475137,347.9242248487391,126765100
2021-02-01,348.4799499511719,349.5080647438886,343.0614299643618,346.1550740721614,75817600
2021-02-02,353.40753173828125,354.95436791269526,348.563305430762,351.64767805001776,64450700
2021-02-03,353.6854553222656,355.3990083944463,352.41650851313454,354.2319346206023,52427100
2021-02-04,357.705322265625,357.7516230488669,353.79658074701985,354.7135510817987,47142600
2021-02-05,359.1131591796875,359.8171119122872,357.6589812031138,359.56703683096254,48669800
2021-02-08,361.7066955566406,361.7529963401308,359.7060098700413,360.558136499525,38365200
2021-02-09,361.46588134765625,362.0586896986438,360.46555258868733,360.8730729966688,35551100
2021-02-10,361.308349609375,363.34609265440474,358.9186584626159,363.197890590525,59154400
2021-02-11,361.89190673828125,362.79963383055735,359.4744293353658,362.3828137358075,42913300
2021-02-12,363.6795349121094,363.920338519712,361.0211976334396,361.09531279474186,50593300
2021-02-16,363.3645935058594,365.09668916164804,362.6513976005245,364.9021580602048,50972400
2021-02-17,363.447998046875,363.69807313250533,360.6136724097959,361.6233007480512,52290600
2021-02-18,361.90118408203125,362.6421661884554,359.14097344228867,360.8545263633819,59712800
2021-02-19,361.2621154785156,363.43878952666716,360.8175092048532,363.1516568082577,83241000
2021-02-22,358.4832458496094,360.8822079374942,358.2146279005211,358.5110319638842,67414200
2021-02-23,358.9187316894531,360.26179373405154,352.1571772120316,356.28820811887664,107284100
2021-02-24,362.8736877441406,363.2997792629968,356.8531169079845,357.8349308137793,72433900
2021-02-25,354.1300048828125,362.9756307811768,352.6943414403151,361.614054243243,146670500
2021-02-26,352.3053283691406,357.14031184524765,350.3324570181541,356.0010524866953,152701600
2021-03-01,360.8451843261719,362.0863729249962,352.4997668648122,357.1494894465387,105348800
2021-03-02,358.0295104980469,361.29914289591414,357.52933201527884,361.0675824477177,79595300
2021-03-03,353.2870788574219,358.298020972788,353.1851775841055,357.33475007346016,119940200
2021-03-04,348.915283203125,355.67683676199033,344.45079112435485,353.1018857931817,183433000
2021-03-05,355.3341369628906,356.3807946921803,345.1547488924629,352.39793809635813,152039600
2021-03-08,353.5649108886719,359.0853023823667,353.2870497418902,356.288063193723,123149200
2021-03-09,358.6130065917969,361.15089977025394,356.8901823543628,357.3903607802828,113633600
2021-03-10,360.8451843261719,362.53095079523786,359.5392085656872,360.94708559920224,109899400
2021-03-11,364.5038757324219,366.4675035095816,362.84589526271924,363.29977289296414,86245000
2021-03-12,364.9947814941406,365.1337120879891,362.3457439492556,363.15156966022903,64653600
2021-03-15,367.17144775390625,367.4307942795085,363.1145048939015,365.24484933515953,73427200
2021-03-16,366.7083435058594,368.48671168557286,365.9395470892931,367.78278723665204,73722500
2021-03-17,367.9587707519531,368.7553250112462,364.2908334278087,365.4301208451546,97959300
2021-03-18,362.6051330566406,367.458630815987,361.92896639831395,365.3838583264933,115349100
2021-03-19,361.9342346191406,363.87641702535865,359.76900680699566,362.305939150035,113624500
2021-03-22,364.8241882324219,366.1995258918092,362.3894914731642,362.4452457226715,73778600
2021-03-23,361.9527893066406,365.6327121636265,361.17220132844585,364.1923465537259,90686600
2021-03-24,360.1129150390625,364.97303724015626,360.06646259698806,363.34680473813137,97588600
2021-03-25,362.138671875,362.9285333586431,356.74885698652554,358.6817658979914,116128600
2021-03-26,367.9744873046875,368.3740689250356,362.6869079495488,363.28162946554033,114409100
2021-03-29,367.7886962890625,368.6900947565483,365.02874661927524,366.50629142199597,108107600
2021-03-30,366.8128662109375,367.48194559201005,365.2237849563697,366.5247931234567,76262200
2021-03-31,368.2997131347656,369.85161555750506,367.35186241979716,367.379739547907,112734200
2021-04-01,372.277099609375,372.3328822381399,370.018966615965,370.2234083906302,99682900
2021-04-05,377.6203918457031,378.1593875358287,374.85116890824196,374.92549847279105,91684800
2021-04-06,377.3973083496094,378.43809222549146,376.72822894950895,377.062782829176,62021000
2021-04-07,377.8340759277344,378.17790328320166,376.7747167341118,377.23005259846207,55836300
2021-04-08,379.6275329589844,379.6832872078952,378.1499886443853,379.0792639385405,57863100
2021-04-09,382.3876037597656,382.55489491912203,379.3860617515805,379.5068721158555,61104600
2021-04-12,382.5269470214844,382.796416474297,381.1887881496238,381.79281150001924,56704900
2021-04-13,383.66064453125,384.2832715540899,382.04371434066746,382.42472067416116,56551000
2021-04-14,382.3503723144531,384.68283426978144,381.81137670460754,383.6327485367833,61659900
2021-04-15,386.4577941894531,386.7272920226282,384.43198042379737,384.4784328546867,60229800
2021-04-16,387.7494812011719,388.35350456848977,386.3276909048911,387.7401793717676,82037300
2021-04-19,385.8444519042969,387.2662422093501,384.52489664561284,386.82020814297175,78498500
2021-04-20,383.0195007324219,385.73296934964173,381.55122954047414,384.6364310503438,81851800
2021-04-21,386.6435852050781,386.8480269077358,382.26667807443886,382.4060920583846,66793000
2021-04-22,383.1123046875,387.30334522286734,382.0529456283418,386.47630498080514,97582800
2021-04-23,387.2662048339844,388.66941970392514,383.5955841738986,383.6699137247093,73209200
2021-04-26,388.0747375488281,388.6416103646639,387.3313284741211,387.91677659109115,52182400
2021-04-27,387.99102783203125,388.5672023617423,386.8573107884589,388.3720341226582,51303100
2021-04-28,387.8794860839844,389.3756339925639,387.41484845610245,388.26049234195517,51238900
2021-04-29,390.3514709472656,390.96479619087927,386.98749811712497,390.5930916563602,78544300
2021-04-30,387.7866516113281,388.93897250611576,386.89455507926465,388.0933284049745,85527000
2021-05-03,388.6229248046875,390.14692148322496,388.13041005160017,389.765915223783,68128300
2021-05-04,386.2254333496094,387.13613344183,382.55481257184357,386.64361861912283,101591200
2021-05-05,386.3462829589844,388.0933254085799,385.78871199603554,387.86100653728766,60162200
2021-05-06,389.4314880371094,389.5615718594526,384.42267951252586,386.4206161525747,74321400
2021-05-07,392.2657165527344,392.9162206585883,389.51506938475586,390.1934506174759,67733800
2021-05-10,388.3813781738281,392.84188892503846,388.2605678296134,392.6188718952487,81852400
2021-05-11,384.9151611328125,385.90019080250545,381.058673838158,383.8836790361329,116888000
2021-05-12,376.7375793457031,383.4097705495694,375.4272975032886,382.14596949714075,134811000
2021-05-13,381.2631530761719,383.18676017783554,378.2337058547637,378.28018664555873,106394000
2021-05-14,387.1175537109375,387.9631977718594,383.95802285908553,383.9858999881605,82201600
2021-05-17,386.1325378417969,386.9410313324155,384.1252993987615,386.01175585096786,65129200
2021-05-18,382.80572509765625,386.6343353537289,382.6477357955868,386.39271466558824,59810200
2021-05-19,381.8021545410156,381.9787191715062,376.6632616728331,378.14083481414684,106467100
2021-05-20,385.909423828125,387.1639510846834,382.55475379550967,382.67553575598805,78022200
2021-05-21,385.5935363769531,388.6229832530187,385.1382005063425,387.3870310910262,76578700
2021-05-24,389.5244140625,390.59307518890176,387.5822033599882,387.82382405889604,51376700
2021-05-25,388.66009521484375,390.9554063568541,388.08394906214374,390.6022772028169,57451400
2021-05-26,389.4314880371094,389.93327638516723,388.2141394088324,389.2456215946333,43088600
2021-05-27,389.6358642578125,390.9647211844155,389.3570646409822,390.453631092409,56707700
2021-05-28,390.3328857421875,391.4573011473298,390.10056686910303,391.19710514384474,58520200
2021-06-01,389.9890441894531,392.8233229944938,389.5522835895408,392.68393734755085,54216600
2021-06-02,390.6023864746094,391.4387571720347,389.6359603038898,390.63956543786463,49097100
2021-06-03,389.1526794433594,390.2863966542775,386.83879259158886,388.2977618897576,58138800
2021-06-04,392.7117919921875,393.0091669281305,389.21770739294345,390.99262682035794,55938800
2021-06-07,392.330810546875,392.87907966771104,391.4015350825624,392.7025150607527,51555000
2021-06-08,392.41436767578125,393.2785868878319,390.5929960509878,393.18565368713985,47134300
2021-06-09,391.8290100097656,393.3251583157947,391.6059929640918,393.25080039441156,48436300
2021-06-10,393.6502685546875,394.59814744397846,391.73596383996403,393.0462453239848,51020100
2021-06-11,394.30084228515625,394.4123507955599,392.91623101558656,394.19863560369777,45570800
2021-06-14,395.1837158203125,395.285922514848,393.17647729852365,394.41240125927584,42358500
2021-06-15,394.45880126953125,395.3694729406718,393.5852801928474,395.33232234621505,51508500
2021-06-16,392.25640869140625,394.82121776057716,390.2213217430121,394.5982007490782,80386100
2021-06-17,392.1263732910156,393.10210119599844,389.66379895429577,391.84760199223103,90949700
2021-06-18,386.83642578125,389.5494393113769,386.6313151981734,388.85953482830837,118676300
2021-06-21,392.37432861328125,392.5608031135424,387.7780195471861,388.58912956449535,72822000
2021-06-22,394.4720153808594,395.30178987033617,391.64710042623443,392.36500160297555,57700300
2021-06-23,393.99658203125,395.34842259301394,393.91267704068656,394.54664482628675,49445400
2021-06-24,396.32733154296875,396.74685645396283,395.8798098525635,396.13155325117157,45110300
2021-06-25,397.7351379394531,398.1826596628426,396.7468856958135,397.0732018408674,58129500
2021-06-28,398.53692626953125,398.70473623877365,397.0638802306052,398.25724298746064,53159600
2021-06-29,398.7514343261719,399.5532121672935,398.2200075512794,398.91924432286936,35970500
2021-06-30,399.08697509765625,399.7582434032112,398.26653289619884,398.29450122342985,64827900
2021-07-01,401.296630859375,401.4551370436827,399.77695175037366,399.8422206763837,53441000
2021-07-02,404.3639221191406,404.7182065985421,401.3805008260889,402.4526865249136,57697700
2021-07-06,403.6273498535156,404.6342665447706,400.9050044776281,404.4198237331857,68710400
2021-07-07,405.0538330078125,405.33354476274883,402.303519022366,404.3079918986779,63549500
2021-07-08,401.7535095214844,402.5086829915684,398.5836132571109,399.75834018924974,97595200
2021-07-09,406.0421142578125,406.3404621035636,401.55767811817753,403.25449948236826,76238600
2021-07-12,407.4964599609375,407.74820336371283,405.52928784657445,405.9581450244714,52889600
2021-07-13,406.1072998046875,408.2050096516596,405.8462526062558,406.7132991811884,52911300
2021-07-14,406.71331787109375,408.27962958567196,405.47335073456526,407.7948073005834,64130400
2021-07-15,405.32421875,406.05142380082106,403.43161916568266,405.3801554114466,55126400
2021-07-16,402.14501953125,406.54555043309637,401.7534629006535,406.4989460325066,75874700
2021-07-19,396.2061462402344,402.21026074657135,393.4091995491586,397.34357236601903,147987000
2021-07-20,401.88397216796875,403.1519362165868,396.07563556513816,396.8681095390226,99608200
2021-07-21,405.1377258300781,405.2775959293525,401.83734914667167,403.0773163550678,64724400
2021-07-22,405.98614501953125,406.2285561812566,404.33595664289896,405.31487664645783,47878500
2021-07-23,410.1629638671875,410.49858385610935,407.2261751560549,407.9067473953741,63766600
2021-07-26,411.16986083984375,411.1791931015135,409.5290045509511,409.57560895526535,43719200
2021-07-27,409.2958679199219,410.1629145724487,406.48025668627827,410.1349462433999,67397100
2021-07-28,409.1280517578125,410.4985568598125,407.71094225553276,409.9205257266722,52472400
2021-07-29,410.8249206542969,411.897078053185,410.04177885549115,410.05111111743514,47435300
2021-07-30,408.82977294921875,410.27485092545965,408.13983997332065,408.27037783028055,68951200
2021-08-02,407.9720458984375,411.08597709125746,407.61776136087985,410.5359142126354,58783300
2021-08-03,411.2909851074219,411.4121906770932,406.58280312195876,408.7644180200078,58053900
2021-08-04,409.2679748535156,411.2631157472607,409.0348959179088,410.0138160666502,46732200
2021-08-05,411.8597106933594,411.94361567540324,410.1069529741895,410.4239368348036,38969700
2021-08-06,412.5404052734375,412.9599587602143,411.89710510145704,412.1768169099816,46930000
2021-08-09,412.20465087890625,412.8292863221601,411.44014535097375,412.5123024707758,41222600
2021-08-10,412.7174987792969,413.4260678014038,411.9716576154071,412.65222985315194,43339300
2021-08-11,413.7429504394531,413.8361876751202,412.6614611001366,413.78025102412187,44034300
2021-08-12,414.9830017089844,415.1228718168817,412.6988454575395,413.5938605071988,38909400
2021-08-13,415.7381896972656,415.75682576675683,414.9457157376628,415.43050961256574,39470300
2021-08-16,416.7170715332031,416.84758091171517,412.89457218859576,414.4422193750275,73740000
2021-08-17,413.9854736328125,414.84318814832017,411.0113842575715,414.17191970261024,92673900
2021-08-18,409.45440673828125,414.5355387391959,409.2120240010242,412.978558984422,89351900
2021-08-19,410.08831787109375,411.28170912890874,406.60146670220803,406.741308348979,92812200
2021-08-20,413.3514099121094,413.67772604605483,409.948463834136,410.4332861309736,72008700
2021-08-23,416.98748779296875,417.89183507049324,413.42603534317016,415.02961932645024,54973000
2021-08-24,417.6493835449219,418.18081021842085,417.1366213910618,417.6493835449219,38744700
2021-08-25,418.52581787109375,419.03858009290565,417.46296438324526,417.8359134013071,40529700
2021-08-26,416.0551452636719,418.4791429251638,415.9619080185347,418.24606403832706,57829600
2021-08-27,419.77508544921875,420.14800598686645,416.80099650435585,416.85693316240236,77235100
2021-08-30,421.6210632324219,422.40420486497374,420.203925414651,420.44633655758804,48357400
2021-08-31,420.9964294433594,421.8634761216063,420.39976225528045,421.5278561630646,59300200
2021-09-01,421.22015380859375,422.4414849020611,420.98707492126005,421.9287227307321,48721400
2021-09-02,422.5161437988281,423.31792162382027,421.3227808707356,422.6373493891215,42501000
2021-09-03,422.4135437011719,422.92633435744506,420.98710195716393,421.3880192926544,47170500
2021-09-07,420.9031982421875,422.161830008836,420.23192986344264,422.0685927572297,51671500
2021-09-08,420.39044189453125,421.09901087419547,418.47917779201987,420.3718058247561,56181900
2021-09-09,418.59112548828125,421.9381355350653,418.3487142945361,420.1947096773272,57970400
2021-09-10,415.2906494140625,420.9311472268283,415.16944383774626,420.5116222919028,89948200
2021-09-13,416.3534851074219,418.535128633361,414.0506644540541,418.2740814053361,83738600
2021-09-14,414.106689453125,417.99443010602226,413.2209781306569,417.7893195077674,78197100
2021-09-15,417.56549072265625,418.0596168232787,413.4260074279271,414.52613294221675,78792200
2021-09-16,416.90362548828125,418.013054999152,413.9668082618026,417.04346715334754,77786700
2021-09-17,412.8424377441406,416.55558909091354,412.4870182961472,416.13472017341735,118425000
2021-09-20,405.95867919921875,408.31563107334745,401.1137908654286,406.74432982392835,166445500
2021-09-21,405.5751647949219,409.5782577328852,405.05139775953694,408.2875359159857,92526100
2021-09-22,409.5315856933594,411.5612049090144,405.687505680315,407.8386902585851,102350100
2021-09-23,414.50732421875,416.1067119256756,411.1589540771979,411.39277968477785,76396000
2021-09-24,415.1900634765625,415.90090238586725,412.6647357516255,412.87986556448413,62094800
2021-09-27,414.0023498535156,415.3211013801482,413.31020653137995,414.1613353087631,61371100
2021-09-28,405.6592712402344,411.5703879933465,404.9297366661144,411.24302651478393,130436300
2021-09-29,406.3421936035156,408.7646237192778,405.78100637960586,407.03430833854253,82329200
2021-09-30,401.3757019042969,408.5120355292715,401.0389781842043,407.81055870084094,140506000
2021-10-01,406.1456604003906,407.81985950445574,399.5892107063991,403.0965943208825,129240100
2021-10-04,400.90802001953125,405.8838069157906,398.7755032227819,404.9859246361656,128570000
2021-10-05,405.07952880859375,407.3148869982612,401.60956443702145,402.40454874779994,90682500
2021-10-06,406.76300048828125,406.96876815418193,399.8791886529931,401.49724350728303,113032200
2021-10-07,410.2797546386719,413.1043576140897,409.84952352630745,410.0272332659466,72437500
2021-10-08,409.5315856933594,411.43027738651716,408.90494893100845,411.04679989256687,74557400
2021-10-11,406.5666198730469,411.7762613135145,406.5011418518959,408.8768180412666,65233300
2021-10-12,405.5658874511719,407.8854480523545,404.780236733796,407.48327480593025,71181200
2021-10-13,407.02490234375,407.83861088635894,403.62041636017756,406.5853090624002,72974000
2021-10-14,413.8713073730469,414.0209591805535,410.2049094470439,410.6725606418157,70236800
2021-10-15,417.0233154296875,417.38809710044063,415.35847814408345,415.97578121085803,66260200
2021-10-18,418.2579040527344,418.59459923333367,414.5915058971594,415.24622902810097,62213200
2021-10-19,421.4847412109375,421.55019069451413,419.26805026281613,419.87601973520236,46996800
2021-10-20,423.14019775390625,423.4395013974078,421.830779992545,421.9430117230665,49571600
2021-10-21,424.24383544921875,424.468298903712,422.1113470020355,422.5415781375362,41305400
2021-10-22,423.80426025390625,425.25399624119467,421.86817724672443,423.81362241263184,58845100
2021-10-25,426.07696533203125,426.4043268564078,423.12143508500935,424.8891416475836,45214500
2021-10-26,426.4604797363281,428.8267936967001,426.0863644802023,427.6202741364318,56075100
2021-10-27,424.57110595703125,427.5827803459465,424.49626579280755,426.9187237400485,72438000
2021-10-28,428.6678466796875,428.74265832035,425.98353308393456,425.992866699538,51437900
2021-10-29,429.5377197265625,429.82766124956555,426.0864508436728,426.3763923666759,70162400
2021-11-01,430.2765197753906,430.893822778383,428.55556680181957,430.5196789876019,48433600
2021-11-02,432.0162048339844,432.3248706330071,430.3139474896051,430.4449035360186,48908400
2021-11-03,434.6537780761719,435.05595130001086,431.0154376576969,431.4550309735482,52509800
2021-11-04,436.7020568847656,436.7862306774894,434.90626367716334,435.2523210060828,52847100
2021-11-05,438.2173156738281,440.2001525720331,436.7114922241577,438.91879260724045,66390600
2021-11-08,438.59136962890625,439.8072799359265,437.9086171102104,439.3115707807346,50405200
2021-11-09,437.1416320800781,439.189946581114,435.73867850639124,438.9561209854995,51149100
2021-11-10,433.62493896484375,437.14168548634404,432.1471735790114,435.45812386633844,69429700
2021-11-11,433.76519775390625,435.1868757153558,433.7465019808427,435.11203553677166,34848500
2021-11-12,437.03875732421875,437.59058233417034,434.08319821257237,435.0278628031356,53466700
2021-11-15,437.1884765625,438.4791986852117,436.06613059639767,438.32021323135274,46980500
2021-11-16,438.918701171875,440.05040906326917,436.85169089743965,436.92650252909095,48857500
2021-11-17,437.8525085449219,438.83456471339144,437.23520549442225,438.65685496204304,47858300
2021-11-18,439.3395690917969,439.60145259969585,436.1688805259715,438.8812515456025,50625600
2021-11-19,438.5539245605469,440.4712829256674,438.1891429500095,439.2273148387784,57315600
2021-11-22,437.3193054199219,442.9030613202092,437.11353777117984,440.42451592160756,72762000
2021-11-23,437.8992004394531,438.75032898546374,434.40117885688176,436.9919560370604,73206500
2021-11-24,439.06842041015625,439.1900143055321,435.09338467174774,435.9070933030563,61858800
2021-11-26,429.27569580078125,433.8867292682411,428.15332162867264,432.42765997039646,112669600
2021-11-29,434.54150390625,436.37468863148496,431.8571905656505,434.04579477237445,86268800
2021-11-30,426.08636474609375,434.0083773215289,425.8431769850362,432.10971456592034,148559600
2021-12-01,421.3537292480469,434.6069767536424,421.1573237370427,431.77301163649753,131939200
2021-12-02,427.80731201171875,429.36927957856614,421.176021421513,421.56886098846877,127637800
2021-12-03,424.08489990234375,430.51975754780614,419.87603837650664,429.4628896298023,137331600
2021-12-06,429.107421875,430.9780267874127,424.2157797535011,426.61951391631123,98977500
2021-12-07,437.98345947265625,438.5446466888678,428.9764917091224,434.3638433156849,95484700
2021-12-08,439.1432189941406,439.59217446913857,436.62725298872556,438.37629263787375,72238800
2021-12-09,436.17828369140625,439.24607444800387,435.98187817780683,437.8618166085867,61272600
2021-12-10,440.28424072265625,440.43389253118346,436.32792985552976,438.871953514165,77159800
2021-12-13,436.384033203125,440.115880522037,436.10342536649597,439.7698232123747,87724700
2021-12-14,433.3817138671875,435.60773818463684,430.47293705354144,433.1291924903542,97264100
2021-12-15,440.1532897949219,440.39644899556384,430.9311938196878,433.43782580010543,116899300
2021-12-16,436.2718505859375,442.276476487203,434.7285786686983,441.99589716215934,116568600
2021-12-17,431.62860107421875,436.19952155606984,429.9297585264146,433.20542255890297,135511600
2021-12-20,427.0389709472656,427.4331620445399,423.4347948406732,426.56967673583256,107134800
2021-12-21,434.622802734375,434.7635852852902,428.28733015215136,430.44607231538134,69806300
2021-12-22,438.96844482421875,439.0810708579234,434.1722428370173,434.36936703944747,58890200
2021-12-23,441.69970703125,443.19205915092374,439.860081786321,439.96331276152887,56439700
2021-12-27,447.9506530761719,447.9975710329418,443.0230645907993,443.0699825475692,56808600
2021-12-28,447.5845642089844,449.40542766483634,446.8243100349208,448.3823699323735,47274600
2021-12-29,448.1571960449219,449.1708589058926,446.6930004438283,447.6879018485856,54503000
2021-12-30,446.9181823730469,449.58376955280687,446.45828329869533,448.57947325578937,55329000
2021-12-31,445.7919921875,447.5753046338031,445.51982214196806,446.4302541454655,65237400
2022-01-03,448.37298583984375,448.50440194397424,444.7500489359987,447.04957296731953,72668200
2022-01-04,448.2228698730469,450.50366140781244,446.3738496168056,449.79032507237594,71178700
2022-01-05,439.6159973144531,448.6264508210621,439.52213275474475,447.85680153227196,104538900
2022-01-06,439.2030334472656,441.9061724699496,436.8471675300687,439.15611548728646,86858900
2022-01-07,437.4666442871094,440.385668974707,436.1150747602866,439.21243352735695,85111600
2022-01-10,436.92230224609375,437.13815924974546,428.55947603097115,434.2848710913376,119362000
2022-01-11,440.90185546875,440.995720027767,433.67471407606854,436.65944664953486,74303100
2022-01-12,442.0939025878906,444.1400470908077,440.1416512981123,442.6289048560433,67605400
2022-01-13,436.00250244140625,443.83972192368026,434.97944444252323,443.1920935855011,91173100
2022-01-14,436.1808166503906,436.52808978679013,431.6568135400959,432.8676006358353,95890900
2022-01-18,428.45623779296875,431.71314090139424,427.3487102823898,431.5066502940451,109709100
2022-01-19,424.00726318359375,431.38455344940263,423.7350645572912,429.9954611015999,109357600
2022-01-20,419.3143310546875,430.56799582128895,417.202507339247,425.8844492805024,122379700
2022-01-21,411.0829772949219,420.5439362137734,411.0548207873205,418.1974651021742,202271200
2022-01-24,412.8287048339844,413.3355505734703,394.92045135440037,405.4983319626778,251783900
2022-01-25,407.7884826660156,412.71607151675664,400.9180090511274,406.4650696517462,167997300
2022-01-26,406.7655029296875,416.7708601265954,402.5230644296047,413.65473932325733,186391100
2022-01-27,404.7568359375,414.4712312098772,403.0767833933203,411.34574456850135,149878300
2022-01-28,414.8091125488281,414.856030506667,401.54685522592445,406.10838063603705,164457400
2022-01-31,422.2803039550781,422.62757707476004,412.800555532894,414.1427300497246,152251400
2022-02-01,425.1336364746094,425.77186972605006,419.49271090214194,423.0030224285111,123155400
2022-02-02,429.2633972167969,429.986099950846,425.22745003532464,427.52700300171256,117361000
2022-02-03,419.173583984375,425.15238749253155,418.33822656188164,423.2564492415284,118024400
2022-02-04,421.1446838378906,424.974112427803,416.5737336474782,418.9389950690979,118454400
2022-02-07,419.79302978515625,423.2939459588078,418.46961678958075,421.90485354850045,84472900
2022-02-08,423.24700927734375,424.16683612077446,417.87828306849536,419.2955605639941,81012000
2022-02-09,429.44171142578125,429.7608280199488,427.0670841027158,427.26417963134577,92589900
2022-02-10,421.7265625,429.6013045752705,419.73675960069767,423.62250082711057,140103700
2022-02-11,413.4106750488281,423.87593090171083,411.9840308668378,421.81105342594435,153214600
2022-02-14,412.05908203125,414.4806562198295,408.6050834849175,412.9038345326054,123006300
2022-02-15,418.7042541503906,418.8731931731084,415.96356366027453,416.4798044209463,88482700
2022-02-16,419.173583984375,420.5439150243388,414.79975861551924,416.66754036033973,84863600
2022-02-17,410.2194519042969,419.1454369302685,409.6187702110395,416.00115999955716,102259100
2022-02-18,407.5632019042969,411.7211411385126,405.30120069692,410.4728026773066,132642900
2022-02-22,403.18939208984375,408.7552139612039,399.70720879424357,405.36692386987266,124391800
2022-02-23,396.03741455078125,406.65284780613894,395.47425574268425,406.089688998042,132578000
2022-02-24,401.9974060058594,402.42917729930826,385.4219598312815,385.7785993678831,213942900
2022-02-25,410.8670959472656,410.95156547095496,401.5844423836347,403.22697217896933,121804500
2022-02-28,409.8158874511719,411.2894782206661,404.25006470919953,405.498374768783,145615000
2022-03-01,403.57421875,410.32267110583143,400.88044619372215,408.32347338837735,137785900
2022-03-02,410.9984436035156,412.7160475859228,405.06655868510256,405.8174178662053,117726500
2022-03-03,408.9523620605469,414.020733918867,407.1596546990393,413.42005221055416,105501700
2022-03-04,405.6297607421875,406.7560496342077,401.6032084928617,405.23554101174136,113978200
2022-03-07,393.6721496582031,405.75177851724425,393.6064415917838,405.04783717447077,137896600
2022-03-08,390.6874084472656,400.97432894741854,389.62679900774907,393.85044666663845,164772700
2022-03-09,401.162109375,403.1331509298736,396.85399164926844,399.03152381738494,116990800
2022-03-10,399.3505554199219,400.2421971081939,394.62006242432875,396.57231346186796,93972700
2022-03-11,394.27288818359375,402.4385911569974,393.7660423604264,401.82851434503687,95636300
2022-03-14,391.391357421875,398.4776882871235,390.255673493645,395.0424799965583,95729200
2022-03-15,399.99822998046875,400.62706816648796,392.72416989957503,393.99124132149103,106219100
2022-03-16,408.86785888671875,408.92417189713063,398.7123259052682,403.48976588827804,144954800
2022-03-17,413.9831848144531,413.9831848144531,406.587103776138,406.96253340051334,102676900
2022-03-18,418.5174560546875,418.8375640496455,411.6444865688326,412.3788587296018,106345500
2022-03-21,418.3950500488281,420.34394183547073,414.9020489062175,418.34795760108,88349800
2022-03-22,423.29083251953125,424.222912400997,419.77901181940337,419.77901181940337,74650400
2022-03-23,417.8395080566406,422.2551645839134,417.7547761355378,420.7676007482886,79426100
2022-03-24,424.13818359375,424.1476078293655,418.7433833523975,419.8543513228499,64736900
2022-03-25,426.2095642089844,426.48260848847235,422.1987468815837,424.7690638457169,77101300
2022-03-28,429.2412109375,429.2412109375,423.73340526599765,425.6164137873708,68529800
2022-03-29,434.55120849609375,435.0408090198134,430.43684015134215,433.11070836365906,86581500
2022-03-30,431.8680725097656,434.22183347017983,429.7685073894001,433.41212475893184,79666900
2022-03-31,425.2209777832031,431.9244832020018,424.7690454159792,431.1053791315065,121699900
2022-04-01,426.42608642578125,426.9344779963225,422.86720176985517,426.79325811561665,89048800
2022-04-04,430.0791015625,430.1826819640368,425.80469323655575,426.6237972828837,59601000
2022-04-05,424.6466369628906,431.0488540116193,423.5074249292268,428.59154184820875,74214500
2022-04-06,420.4004211425781,422.6694495834861,417.5288449887846,420.7488018120138,106898000
2022-04-07,422.51885986328125,424.32656069949695,417.5853866950133,419.5248831878406,78097200
2022-04-08,421.38909912109375,424.27010006715244,419.8544424687462,421.7656951059346,79272700
2022-04-11,414.1864929199219,418.96932106645863,413.68749690030825,418.13136863276185,89770500
2022-04-12,412.65185546875,419.67546827237953,411.1077748954318,417.16163958908623,84363600
2022-04-13,417.37823486328125,418.1314267488248,412.22820561338756,412.4070937143792,74070400
2022-04-14,412.18115234375,418.7151941165963,412.0775719357156,417.6041972684777,97869500
2022-04-18,412.3505859375,414.0264622248378,410.1286211368297,411.25843764326237,66002500
2022-04-19,419.0070495605469,419.7225732355812,412.0775635034835,412.24702736869455,77821000
2022-04-20,418.6963195800781,421.38903649977607,417.53828781709484,420.77706452379897,65224400
2022-04-21,412.4354248046875,423.68641414061494,411.5315886046449,422.30240149097096,85417300
2022-04-22,401.11846923828125,412.4541594531157,400.55356095514185,411.35261559680123,132471800
2022-04-25,403.44390869140625,403.6133725242178,394.33955190749504,398.8870325482359,119647700
2022-04-26,391.7598876953125,401.11844136754604,391.73164371973945,400.9207048061077,103996300
2022-04-27,392.8614807128906,398.18100288274366,390.7337005773798,392.8332367337777,122030000
2022-04-28,402.78485107421875,404.5078196004394,393.1721026317529,397.5877589877987,105449100
2022-04-29,387.8996887207031,400.9583459743796,387.15589243754323,398.811717778329,145491100
2022-05-02,390.23468017578125,391.5904485536996,381.328029550651,387.96565155346553,158312500
2022-05-03,392.0235290527344,394.4243533044233,389.18016793893156,390.7336728773015,100028200
2022-05-04,403.9617614746094,404.52666970154934,389.50966726982307,392.6825316045225,144247900
2022-05-05,389.6038513183594,400.1392856315828,385.4894825550537,399.7155972479429,172929100
2022-05-06,387.27838134765625,390.53597823132685,381.9965559339357,387.052429506514,151770800
2022-05-09,374.8787536621094,382.63673935937004,373.30642894835574,381.40337111087143,155586100
2022-05-10,375.7448425292969,382.3259465509393,371.7246306365749,380.82895858059425,132497200
2022-05-11,369.7757873535156,380.4053781846459,369.03199096468177,374.7845967667288,142361000
2022-05-12,369.3897705078125,372.6473671369606,362.62035271566276,366.5935017624292,125090800
2022-05-13,378.2210998535156,379.59568805484594,372.4684937718504,373.50415422453636,104174400
2022-05-16,376.68646240234375,380.3395037850034,374.34212582460293,376.58291071803427,78622400
2022-05-17,384.4349670410156,384.67034306970953,379.03071388415356,382.7496666304879,83029700
2022-05-18,368.9378356933594,380.17939855656863,367.7044674442447,379.8969587790726,117674500
2022-05-19,366.67822265625,371.0844842086102,364.4656820097794,365.88736256542336,98510700
2022-05-20,366.8382263183594,373.8053505175582,358.27995798162,370.24646637027627,131432200
2022-05-23,373.701904296875,374.46452049127714,367.5444580490805,369.85112637485844,76414900
2022-05-24,370.84912109375,372.035396905163,364.32447483504643,369.5969043569321,91448800
2022-05-25,374.12554931640625,376.0838942993882,368.96612427599865,369.3615399815034,91472900
2022-05-26,381.60107421875,383.2298868677585,375.14236904234315,375.34950112064234,82168300
2022-05-27,390.96905517578125,391.08203108602834,383.85128550592344,384.0489933488559,84768700
2022-05-31,388.775390625,392.098899884848,386.0450337124154,389.3591187342328,95937000
2022-06-01,385.63067626953125,391.89167303805095,383.1262718156382,390.8842854474684,86585800
2022-06-02,392.9744567871094,393.02152050473194,383.22988244769175,385.4706670691487,79609600
2022-06-03,386.5251159667969,389.8203804421854,385.55536785619387,388.2762998678674,71874300
2022-06-06,387.7020568847656,392.2400856938536,386.5345720353619,390.517145497597,57508900
2022-06-07,391.4209289550781,391.8728612940174,383.7664955630781,384.22785213796186,59272400
2022-06-08,387.1653747558594,391.4963000067229,386.3745146420819,389.7168432014017,64350000
2022-06-09,377.9574279785156,387.6549092229484,377.9574279785156,385.3953050112038,86289800
2022-06-10,366.9983215332031,372.6285269294592,366.9512578167044,371.78117890548924,132893900
2022-06-13,353.0641174316406,359.4757595056047,351.4635486063113,357.63041909690946,170004900
2022-06-14,352.0002136230469,355.83214308056677,348.91208061939693,354.80590682519255,104011800
2022-06-15,357.01837158203125,361.44342367912293,350.3525063636279,355.28597872744456,125666800
2022-06-16,345.20245361328125,349.24151402615854,342.7827813130142,348.8366741811118,134473300
2022-06-17,345.9466857910156,349.2751150795737,342.45755440518343,345.61575893672597,111113900
2022-06-21,354.65545654296875,356.0359826472647,351.57288467855716,351.6485465469434,76811900
2022-06-22,354.0124206542969,358.1067313139649,350.0315450667165,350.44759870939254,90059400
2022-06-23,357.48272705078125,358.21080665238975,352.59413899210375,356.1400318003812,79292100
2022-06-24,368.848388671875,368.85785361765244,360.6124718749588,360.64083785574906,98050300
2022-06-27,367.43951416015625,370.05873603154885,366.3521130366236,369.7656112640716,66009600
2022-06-28,359.93170166015625,371.76080759717377,359.81823772369825,368.99029067465796,86548900
2022-06-29,359.6385803222656,361.4635259830783,357.82309960843037,360.48015261997824,65676000
2022-06-30,356.7166748046875,359.9410755135529,352.28194431900346,355.7616388202899,112508300
2022-07-01,360.4895324707031,360.9245159721641,353.45448087489706,356.0642664574983,74839700
2022-07-05,361.1702880859375,361.18921797396416,352.6034172054829,355.4212291504755,81438000
2022-07-06,362.3901672363281,364.8675591963436,358.93883808157653,361.31220220280136,70426200
2022-07-07,367.8177185058594,368.61199482225004,362.4090502838774,364.15836271170366,64525900
2022-07-08,367.5152282714844,369.37800498002616,364.66904928186506,366.1914052999561,72397800
2022-07-11,363.31683349609375,365.81312646509326,362.62655612996804,364.84865422697527,58366900
2022-07-12,360.10186767578125,365.1417783353174,358.3620201292297,362.7683853874002,62219200
2022-07-13,358.2107849121094,361.1326258025633,354.26776850827935,354.6838222143904,84224600
2022-07-14,357.3408508300781,358.4187870987838,350.84478066367626,353.27487695591316,89704800
2022-07-15,364.1678771972656,364.2813411355363,359.82770841913714,361.7282870982627,79060400
2022-07-18,361.1609191894531,367.9122823241178,359.9411243028026,367.2409348746152,63203600
2022-07-19,370.9192199707031,371.48656848607965,364.413714078224,365.0661316858812,78506000
2022-07-20,373.28314208984375,374.6920628374867,369.74671494258035,371.10833981504896,71843800
2022-07-21,377.0843811035156,377.1316481251823,370.3140872351293,372.70638143368456,64903900
2022-07-22,373.58575439453125,378.3987087577949,371.3731210571291,377.2073085647602,72197300
2022-07-25,374.03961181640625,374.89062013717165,371.8080487473427,374.20980770925064,53631500
2022-07-26,369.6143798828125,372.6118247488071,368.7255405509069,372.40379790822186,52946400
2022-07-27,379.21185302734375,380.95170043904375,372.60229122410834,372.89541596509065,82342100
2022-07-28,383.968017578125,384.6582659303824,376.4790826649605,380.0155377784304,73966600
2022-07-29,389.56585693359375,390.54925902982006,384.62997427396704,385.3958846128279,87003700
2022-08-01,388.412353515625,390.90867586229285,386.1713539150999,386.88053246496474,69997500
2022-08-02,385.84979248046875,390.52091664915406,384.67729339338854,386.85209567230385,63435400
2022-08-03,391.8920593261719,393.0550936237523,387.68425525698314,387.96791512064965,67820600
2022-08-04,391.62725830078125,392.4971676933185,389.9914096457841,391.81635523733325,45656600
2022-08-05,390.9653625488281,391.60834410065166,387.3060062724685,387.362738241362,56814900
2022-08-08,390.511474609375,394.8894742630945,389.41460845921597,392.64847494128367,53886100
2022-08-09,388.9607238769531,390.28451780261275,387.8922237902104,389.7833662144508,44931800
2022-08-10,397.13043212890625,397.27229089166696,394.0384247471789,395.9862990766892,68665700
2022-08-11,397.13043212890625,401.82048597583395,396.392887760029,399.9671456794408,59489700
2022-08-12,403.853515625,403.9575146188211,398.11389080007996,399.05946211792985,61694500
2022-08-15,405.5176696777344,406.03775117563913,401.593554788117,401.6502867542093,54048300
2022-08-16,406.31195068359375,408.2314590393534,403.6454330101121,404.4491742905428,59289000
2022-08-17,403.4280090332031,406.12289314083716,401.4328673441197,402.7282954712,63563400
2022-08-18,404.60052490234375,405.28130854866936,402.34059560234215,403.6265587430193,49023200
2022-08-19,399.1634826660156,402.11366050668937,398.2935443726278,401.84890169679676,68016900
2022-08-22,390.85186767578125,394.52068860875744,389.9535634784905,394.3504638590042,77695600
2022-08-23,389.9063415527344,392.80925244544267,389.35789402468396,390.42639423875585,49105200
2022-08-24,391.1545104980469,392.51610668513507,388.9986089883818,389.67939265365226,49177800
2022-08-25,396.6766662597656,396.7239332870282,391.5516565876531,392.639057923634,50942300
2022-08-26,383.24945068359375,397.1020626279462,383.1927187216093,396.56310898909396,103087000
2022-08-29,380.71533203125,383.7506074648165,379.3631721580166,380.30874334599116,65370800
2022-08-30,376.5359191894531,382.1053477002366,374.44621480785787,381.8689548878579,85652400
2022-08-31,373.6708068847656,379.40096584880325,373.53844192677496,378.1622699284396,76029700
2022-09-01,374.8434143066406,375.1838061478932,368.8106643632465,371.50554853268886,78740100
2022-09-02,370.890869140625,379.70360038409405,369.08482453543763,378.493270301563,99632100
2022-09-06,369.4914245605469,372.6685300550319,367.2787913361997,371.7324237676469,76637400
2022-09-07,376.12933349609375,376.89524390582346,368.96191606413413,369.17937898507915,70964200
2022-09-08,378.5877685546875,379.04162422279734,372.66848412640496,373.86937791353984,80821700
2022-09-09,384.46923828125,385.32971149707004,380.5545598393792,380.8193186091283,76706900
2022-09-12,388.6014404296875,389.3200838556924,386.22804721967884,386.5306369628963,69256300
2022-09-13,371.7041320800781,381.159846308233,370.5883647267278,379.95895213306545,122947100
2022-09-14,373.1224670410156,374.63538699892314,369.8318682968079,372.99953814630686,85023700
2022-09-15,368.8861999511719,374.4083318177175,367.6191381157885,371.57161846360935,87633800
2022-09-16,366.0720520019531,366.72717860017747,362.79641901083147,364.7238414484203,103084800
2022-09-19,368.9109802246094,368.9109802246094,362.8629523864004,362.9389250642447,73278500
2022-09-20,364.67633056640625,366.60372391938756,361.9324194562877,365.5973034872937,77274900
2022-09-21,358.3150329589844,369.63252654265,358.3055291317483,366.59425728558,106746600
2022-09-22,355.30517578125,359.17894078984193,354.564601780707,357.5458764585063,89472600
2022-09-23,349.3521728515625,351.8872028833452,344.92770661744225,351.8492165492308,122346900
2022-09-26,345.8961486816406,351.49793062480813,344.6808467381226,347.8900111292315,92581200
2022-09-27,345.01312255859375,351.6782893189801,342.62998013123286,349.41858073488055,108294100
2022-09-28,351.8017578125,353.48228367645163,344.2725823827886,345.9626120741058,110802200
2022-09-29,344.4530029296875,348.55462907314757,341.51918862235004,348.26980398508965,112952300
2022-09-30,339.12646484375,347.4152207218765,338.9935561579165,343.51294405259347,153711200
2022-10-03,348.0799255371094,349.92187183515944,341.0539594494883,342.82943689733025,89756500
2022-10-04,358.86566162109375,358.8941441243227,348.0418757679158,353.57718804598346,103602800
2022-10-05,358.0301818847656,360.2803868520497,352.2005400048697,354.517213813191,88065700
2022-10-06,354.3367919921875,359.57777574073987,353.8430566051313,356.6344579970455,82333500
2022-10-07,344.4530029296875,354.4222866629077,342.6965042864364,350.32063154436236,107789500
2022-10-10,341.8229675292969,345.8011884953058,339.5917702265936,345.56382461416007,76042800
2022-10-11,339.658203125,344.68083086003986,337.7308096086358,340.1329308775536,92482800
2022-10-12,338.5378112792969,341.63304512033494,338.29094360606194,340.066449523059,76991800
2022-10-13,347.4722595214844,348.9344292266556,330.5149678078465,331.5593747401117,147254500
2022-10-14,339.5538635253906,351.5454942491852,338.9177154256929,349.9219040593212,123737000
2022-10-17,348.27923583984375,349.38060757787383,339.221423235325,345.61126849106756,93168200
2022-10-18,352.3714294433594,356.4730842166548,348.94387997178285,356.16925149824414,97162900
2022-10-19,349.8744201660156,353.055102507997,347.07351430328094,350.3396441799612,79746900
2022-10-20,346.9405517578125,353.8336082385052,346.18096994205536,349.42812063236454,88283100
2022-10-21,355.3717346191406,355.8559372584329,345.1650872068647,346.6652142635387,131038400
2022-10-24,359.72021484375,360.85006925134127,354.2513416759188,356.8908558861546,85436900
2022-10-25,365.4643859863281,365.777693519867,359.5302897254607,359.64421973765667,78846300
2022-10-26,362.7109375,367.98990714811197,362.0748186150192,362.3311611391799,104087300
2022-10-27,360.77410888671875,365.54036503352893,360.15693963581714,363.70792288491305,81971800
2022-10-28,369.357177734375,369.83190549665636,360.4892666119688,360.66966547964233,100302000
2022-10-31,366.6892395019531,368.7685495858821,365.7872740661706,366.90762472118575,96631300
2022-11-01,365.0845947265625,370.65792248879427,363.91678308143315,370.42055862920466,85407600
2022-11-02,355.9223937988281,368.98691130694584,355.81796759742275,364.49597616975944,126990400
2022-11-03,352.257568359375,355.2863343589234,350.14977554738664,352.6943098681399,87100100
2022-11-04,357.32757568359375,359.7201930621012,351.29852759073634,357.9447159505611,103505200
2022-11-07,360.7456359863281,361.3342937720169,356.5490298438672,358.61883592099326,68286900
2022-11-08,362.69207763671875,365.65437478663796,358.62840839707,361.8470481551247,84641100
2022-11-09,355.2197570800781,361.87544877434425,354.7260217229651,360.72658686650783,78495500
2022-11-10,374.74053955078125,375.07285472285605,366.14798010542626,368.43614203225036,141455800
2022-11-11,378.3675231933594,379.1650623418643,373.7151680311234,375.5951003651524,93839900
2022-11-14,375.1488342285156,379.953076506213,374.873484033921,376.6110037402308,71903500
2022-11-15,378.3485107421875,381.9754376853018,374.55068876407796,380.8740658346402,93194500
2022-11-16,375.46221923828125,377.6744379820254,374.83557508091235,376.72498240572435,68508500
2022-11-17,374.31329345703125,374.9874276635937,370.42054943643274,370.72435314810673,74496300
2022-11-18,376.0129089355469,377.70293878421535,373.1740458969346,377.6364699366345,92922500
2022-11-21,374.6456298828125,375.81347054023524,372.81318778240984,374.693120041292,51243200
2022-11-22,379.68719482421875,379.8486149853694,375.17728183861897,376.5824862104235,60429000
2022-11-23,382.0799560546875,382.5641587339301,379.127133911253,379.35499399560246,68261600
2022-11-25,381.994384765625,382.5450851329431,381.24433584905154,381.51965705763075,30545400
2022-11-28,375.89892578125,380.5512518780544,375.13934400569946,378.9181872794732,67881600
2022-11-29,375.2532958984375,377.2186467005862,373.4208248199859,376.0318273628986,52310000
2022-11-30,387.0739440917969,387.0739440917969,373.59169571730007,375.50008123795743,144566700
2022-12-01,386.7891845703125,389.27675333365096,384.29211197998836,388.1089126426204,76398200
2022-12-02,386.3428955078125,387.24486074159796,381.81400373691196,381.918429921581,85342700
2022-12-05,379.3929138183594,384.4630026318405,378.04470325554814,383.5325548004845,77289800
2022-12-06,373.92401123046875,379.77266003087607,371.84473054042496,379.23149246844036,77972200
2022-12-07,373.28790283203125,375.642562745206,372.1580485447694,373.07902147703123,65927900
2022-12-08,376.21221923828125,377.2756047091014,373.39233538526526,375.16784142056355,60737900
2022-12-09,373.4018859863281,377.5225196894714,373.27845212602426,374.9779857119684,81447700
2022-12-12,378.7851867675781,378.7851867675781,373.52519652525865,374.18979782081095,75405800
2022-12-13,381.65264892578125,389.7419997878151,378.8992336233936,389.4856572201214,123782500
2022-12-14,379.2124938964844,385.00417782900206,376.2786800874481,381.3107822890158,108111300
2022-12-15,369.93634033203125,375.27227545068706,368.28429708214924,374.37028116191146,117705900
2022-12-16,365.56884765625,368.7259745587609,363.4418577702044,367.39063871161915,119858000
2022-12-19,362.46893310546875,366.09344924310705,360.80930355412653,365.75960801740996,79878100
2022-12-20,362.9649353027344,364.5768857232749,360.39916944320595,361.7154394063112,74427200
2022-12-21,368.39215087890625,369.5176461213456,365.01563604345074,365.5497703655622,78167400
2022-12-22,363.1365966796875,368.3730338595665,357.4613834622674,365.35897373224327,100120900
2022-12-23,365.2254333496094,365.36849982820587,360.57080985837734,362.1159860434873,59857300
2022-12-27,363.78521728515625,365.4543943707275,362.11604019958503,365.111034770745,51638200
2022-12-28,359.26409912109375,365.6832870108895,359.0351927479394,363.7184005781533,70911500
2022-12-29,365.73095703125,366.5989324853657,361.57230700428545,362.0969229072174,66970900
2022-12-30,364.767578125,364.9106445983467,360.9523169257117,363.0602696961742,84022200
2023-01-03,363.2320251464844,368.5829161214832,360.380097012264,366.61805852310664,74850700
2023-01-04,366.0361633300781,368.05824707832414,362.4498085414863,365.48293416385536,85934100
2023-01-05,361.8584899902344,364.2048677167,361.26712910136496,364.09041452635574,76970500
2023-01-06,370.1566162109375,371.27259288151197,361.8870541421074,364.9392455332869,104189600
2023-01-09,369.94683837890625,375.51714610031314,369.76564022685335,372.34092442068106,73978100
2023-01-10,372.5412292480469,372.6080033161442,368.43028694753167,369.3650365764805,65358100
2023-01-11,377.2530212402344,377.3293427656513,373.30424098984014,374.11498982562864,68881100
2023-01-12,378.6265563964844,380.08589280712,374.2962553998828,378.3499708858858,90157700
2023-01-13,380.0953674316406,380.667662388672,375.17367737417993,375.4407444730438,63903900
2023-01-17,379.39910888671875,381.7455155288635,378.7219081606364,380.07633872093464,62677300
2023-01-18,373.4091796875,381.6406112039505,373.20888660482075,380.5818900873673,99632300
2023-01-19,370.6907958984375,373.0180784744015,369.37452611387545,371.3775149775483,86958900
2023-01-20,377.5964660644531,377.74908002985853,370.44285016934947,372.08341391228544,91806400
2023-01-23,382.1270446777344,384.05374118740224,377.4438078609924,378.3976232018816,84178800
2023-01-24,381.7169494628906,382.6230566629975,379.2751842732551,380.4579061003212,59524900
2023-01-25,381.8599853515625,382.19382654932406,375.383570904274,377.66320358749766,84800300
2023-01-26,386.0567626953125,386.21892411230044,381.55475308151983,384.5115864864833,72287400
2023-01-27,386.9438171386719,389.3092897646847,384.80727999784443,385.01712054618537,68346200
2023-01-30,382.0889892578125,386.4193202496225,381.7933087492669,384.1969135920661,74202000
2023-01-31,387.7068786621094,387.75455778693544,382.2605719895161,382.6039606559222,86811800
2023-02-01,391.8273010253906,394.5647752993934,383.7675794638579,386.4954771624324,101459200
2023-02-02,397.53118896484375,398.990525390848,393.811314654258,395.6998505537126,101654500
2023-02-03,393.3057861328125,397.71240862486854,392.1039694138387,392.58087711398565,94736800
2023-02-06,390.90216064453125,392.294752115139,389.2520785976726,390.8640289856019,60295300
2023-02-07,396.0146789550781,397.2546275218808,388.74660915034303,389.98655771714573,90990700
2023-02-08,391.684326171875,395.3851349400619,390.9975778529523,394.0497990721952,76227500
2023-02-09,388.2887268066406,395.4232768287697,387.06784419886776,395.27066286428095,78694900
2023-02-10,389.1947937011719,389.57631399027076,386.30473457675294,387.1154542755384,70769700
2023-02-13,393.76361083984375,393.89715897184107,389.3856015126722,389.84344339763004,64913500
2023-02-14,393.5823669433594,395.88103624546926,389.6431050211973,392.2470022111371,88389300
2023-02-15,394.8604431152344,394.93673552677575,390.55872707279593,391.39808914040646,61555700
2023-02-16,389.4237060546875,393.8398755116949,389.2901870501047,389.9101611679617,76431500
2023-02-17,388.4508056640625,388.68925947511036,385.38903777235305,387.3062157277801,89257800
2023-02-21,380.6581726074219,385.4940235203808,380.40065293639157,384.4448207915137,82655900
2023-02-22,380.1336364746094,382.6040151198372,378.68381828938857,381.06835703282917,83742300
2023-02-23,382.15576171875,383.6246458927599,377.9494314305459,383.0141899369639,96242400
2023-02-24,378.0733947753906,378.9032096079787,375.45994960459336,377.1577400402733,108194400
2023-02-27,379.36102294921875,382.7566035647617,378.4262733452024,381.4021728412389,80444700
2023-02-28,377.9588317871094,380.8393432984588,377.85389697573885,378.88403372314593,96438600
2023-03-01,376.50909423828125,378.3690459735666,375.2119192229247,377.1481633851746,99706800
2023-03-02,379.4372863769531,380.2766485518157,374.2103677204858,374.54420891841545,85127800
2023-03-03,385.522705078125,385.7707064328963,380.60101340338394,381.24960098401937,90120000
2023-03-06,385.7896728515625,388.6320529045699,385.35092596691464,386.342872914107,72795900
2023-03-07,379.8760070800781,385.98044825489535,379.26558042747604,385.7419944311332,108310600
2023-03-08,380.49603271484375,381.2495258844479,378.2736266459541,379.9905117430244,74746600
2023-03-09,373.4759826660156,382.93784492488635,372.4935538973947,381.2781862155012,111945300
2023-03-10,368.0869140625,375.0020758920174,366.5703510301064,372.9322836127058,189253000
2023-03-13,367.562255859375,372.3599748381927,363.06979387547824,364.17622313398334,157790000
2023-03-14,373.6380615234375,375.27862493164645,369.1741839934809,372.46485827708165,149752400
2023-03-15,371.3012390136719,371.501532087288,365.9884805177744,368.0678201070447,172996900
2023-03-16,377.8158264160156,378.1592151165088,368.4493807575096,368.9549017850136,143254200
2023-03-17,373.3980712890625,377.62045366564536,372.01933299388344,376.49066315741425,140553400
2023-03-20,376.98858642578125,377.4003145707897,373.47474047713115,374.17366441642594,93055800
2023-03-21,381.9385986328125,382.41732640991324,378.75025527455585,380.33963500083723,91524200
2023-03-22,375.42791748046875,385.36631171212144,375.3896402926609,381.7662983699507,111746600
2023-03-23,376.44281005859375,382.3024333278602,373.7427784049594,378.2811083450335,119351300
2023-03-24,378.9130554199219,378.9992229180059,372.8332064884797,375.169400500622,107682400
2023-03-27,379.62158203125,381.94822147173227,378.7311552876925,381.18223941875726,74010400
2023-03-28,378.76947021484375,379.62159057011246,376.9407263724681,378.9322213165427,62871700
2023-03-29,384.2748107910156,384.51417469094537,381.7183914833068,382.9152109829554,77497900
2023-03-30,386.5248107910156,387.14715104431514,384.66734471738545,386.8982032553057,69840000
2023-03-31,391.9728088378906,392.2696177717363,387.33869746852054,387.44403279107553,112062600
2023-04-03,393.46649169921875,393.86860679186793,391.0632681750065,391.45582857827213,67391100
2023-04-04,391.2834777832031,394.39520915818025,389.91429377159653,394.10795488433524,66601500
2023-04-05,390.25897216796875,391.31217934389673,388.6121470981262,390.55578111492605,65200200
2023-04-06,391.7812805175781,392.05895083799805,388.4206018294357,389.4642249836437,63743300
2023-04-10,392.1833801269531,392.2599929388598,388.69825688508763,389.3110132842087,63681000
2023-04-11,392.28875732421875,393.68663448889265,391.52280443872803,392.8057915925013,59297900
2023-04-12,390.6897277832031,394.63446921650785,390.1056939195026,394.3472150182869,86420400
2023-04-13,395.87921142578125,396.2334653614746,390.63234364464273,391.771718270874,85814800
2023-04-14,394.9121398925781,397.4302528676945,392.6142522306835,395.2472552060106,78161500
2023-04-17,396.3291931152344,396.348331709265,393.600438675659,394.82598073584927,66436400
2023-04-18,396.5877380371094,398.0335055698033,395.2185833271868,397.89944773956887,63560000
2023-04-19,396.5207214355469,397.4207029205089,394.62494861239765,394.6823936174116,55227300
2023-04-20,394.3567810058594,396.0993570505261,392.8152624373547,393.71527295628266,75840400
2023-04-21,394.6632080078125,395.1227679931791,392.71957431843055,394.6536241017087,73457400
2023-04-24,395.07489013671875,395.4961729182456,393.1312565298119,394.462104556598,64332100
2023-04-25,388.8036193847656,393.6675109735628,388.74617437711476,393.1121702739636,97766700
2023-04-26,387.15673828125,390.48869433886614,386.6014268812606,389.4163487256269,80447000
2023-04-27,394.86431884765625,395.13240528174725,389.43553203327593,389.6844798717997,92968400
2023-04-28,398.2344665527344,398.24405045806503,393.92591672212814,393.98336171566496,89433100
2023-05-01,397.8324279785156,399.8526454839488,397.6026187410231,397.794121569062,62122300
2023-05-02,393.361083984375,397.1717680701673,390.4695783796922,397.12387775512695,103998500
2023-05-03,390.6610107421875,396.2621316646499,390.4216468499389,393.85890883632186,91531800
2023-05-04,387.8940734863281,389.9430137072709,386.56319589718476,389.61748224111113,94901900
2023-05-05,395.07489013671875,396.1185131848387,391.2546518243353,391.51315430513483,87891800
2023-05-08,395.18023681640625,395.6589646428425,393.7823597445963,395.4004621354889,50046800
2023-05-09,393.447265625,394.557917748492,393.2174856060807,393.63876845358556,49220100
2023-05-10,395.28558349609375,396.9036859335044,391.4748993691881,396.2717616781344,96142900
2023-05-11,394.59619140625,394.8834164060592,392.52808374994316,394.42385640636445,70157100
2023-05-12,394.0791931152344,396.0419948569671,391.6664152391856,395.83135343149405,70481500
2023-05-15,395.43878173828125,395.84089676313823,392.77705610324665,394.68238356588824,54289400
2023-05-16,392.796142578125,395.2568103742265,392.7865586723953,394.3376320009185,57705500
2023-05-17,397.5643005371094,398.1674730228259,393.1695828258179,394.80682372550075,87287000
2023-05-18,401.3941345214844,401.81541733647197,397.02813918363745,397.24833527836256,97177200
2023-05-19,400.8100891113281,402.82075186824875,399.5941309256764,402.29416293584904,103793300
2023-05-22,400.9728698730469,402.5048047952054,399.59413136502695,400.8292573658007,60745400
2023-05-23,396.4728088378906,400.9058331974647,396.0802485128697,399.33559189738094,86383500
2023-05-24,393.6004333496094,395.2568421165078,392.44192021304394,394.8738657064858,89213700
2023-05-25,397.0090026855469,398.4547701518932,394.8643112540631,397.0951701927873,90961600
2023-05-26,402.1505126953125,402.8686044347789,397.5834597512282,397.6600433469777,93830000
2023-05-30,402.3037109375,404.6015986704079,400.9249724539097,404.0750097467597,72216000
2023-05-31,400.0728454589844,401.38455501215435,398.51218808898716,400.4845443720238,110811800
2023-06-01,403.87396240234375,404.9271694953685,399.0579614953215,400.3026421930234,88865000
2023-06-02,409.7144470214844,410.4995384716648,405.9133468070171,406.4399357427851,91426200
2023-06-05,408.9293212890625,411.34209905139056,408.23036813311154,410.0591119636998,65460200
2023-06-06,409.8197326660156,410.34632157550055,407.8665149969257,408.51760703277364,64022200
2023-06-07,408.4027099609375,411.3421059208301,407.9814271228122,410.2123152273252,85373300
2023-06-08,410.87298583984375,411.32299120581996,407.7038096821584,408.4697625854569,61952800
2023-06-09,411.6101989746094,413.6112778783288,410.6240207738437,411.66764397898567,85742800
2023-06-12,415.34423828125,415.4208510939883,411.86869890795646,412.58679062643665,76104300
2023-06-13,418.0826110839844,418.724090042695,416.13897717424237,416.79962394733377,95899700
2023-06-14,418.5804748535156,420.3804962400345,415.14321240552647,418.4177237476961,100612100
2023-06-15,423.7698974609375,425.0145781797127,417.6709093443267,417.7666315386717,110303100
2023-06-16,422.3264465332031,426.31464161242656,421.8555599029222,425.7476478890072,114165800
2023-06-20,420.1353454589844,421.2789524290957,418.0691749032241,420.3948375467811,76160400
2023-06-21,417.982666015625,419.9527293765365,417.3964332987813,419.15510212154635,76982300
2023-06-22,419.4914245605469,419.59712182011833,416.69487567418776,417.03123579350665,70637200
2023-06-23,416.3200988769531,418.0979773634387,415.60895921346514,416.051016626355,92074500
2023-06-26,414.619140625,417.6655331304873,414.37888755488666,415.75312807727073,72823600
2023-06-27,419.1646728515625,419.77970536315974,415.04192260990584,415.49359948325997,72813700
2023-06-28,419.3761291503906,420.3851802319676,417.47331443133595,418.0883469905335,75636000
2023-06-29,421.029052734375,421.1924377171977,418.559273599848,418.96288231167824,67882300
2023-06-30,425.9974670410156,426.97768888145606,423.9120577597363,424.22920819454237,104964000
2023-07-03,426.4875793457031,426.76625174608176,425.37280176090064,425.6515034890419,32793400
2023-07-05,425.8533630371094,426.5837417319984,424.6713074116075,424.6809269189928,58418400
2023-07-06,422.5186462402344,422.94149397333916,420.0200085430969,422.2880126868195,80658300
2023-07-07,421.451904296875,425.3824701498979,421.21165123791485,421.52880169929125,86134200
2023-07-10,422.5186462402344,422.69162140529556,420.52934385873226,421.0963375627214,62443500
2023-07-11,425.20941162109375,425.6995371839706,422.30716559567895,423.2777972154116,64463800
2023-07-12,428.63067626953125,430.03377528061355,427.5639667416878,428.98627543991233,91924500
2023-07-13,432.0326232910156,432.82066029903234,430.0049017154937,430.43733958982216,72425200
2023-07-14,431.7635498046875,433.7624422290722,431.00434197291605,432.9167761484475,69815800
2023-07-17,433.2627868652344,434.3102867651178,431.5713958126242,431.6194640248455,52680200
2023-07-18,436.4822082519531,437.12607011272536,432.5036029849238,432.93607028012957,80668200
2023-07-19,437.4527587890625,438.6347850080483,436.4052296979119,437.2701641275052,65891700
2023-07-20,434.5505065917969,437.35667523001575,433.8393669208048,436.4629408876448,70591600
2023-07-21,434.5505065917969,436.4629408876448,434.54091641230104,436.26110720174216,71275600
2023-07-24,436.4917907714844,437.29903757006053,434.6658439711447,435.6941341528586,54023400
2023-07-25,437.68341064453125,438.93271480747865,436.1746144107411,436.2226826187103,55191200
2023-07-26,437.7507019042969,439.1729812727202,435.70374110756154,436.7512409467643,71052900
2023-07-27,434.8484191894531,441.5274659900454,433.94506533743083,441.1238279449385,92194400
2023-07-28,439.1056823730469,439.93213874075076,434.84837627989594,438.10622153007387,80011800
2023-07-31,439.9418029785156,440.2973728160184,438.26962173264826,439.5766136336967,62040400
2023-08-01,438.68292236328125,439.42289130513115,437.7315002063095,438.4810886564202,55291500
2023-08-02,432.5804748535156,435.8382913269027,431.8308864264539,435.57882856176263,93933400
2023-08-03,431.3406677246094,433.2146530519303,429.9279787635821,430.5718697752152,64276100
2023-08-04,429.3898010253906,435.2423610174693,428.87084629536446,433.14736174170275,100128900
2023-08-07,433.1378173828125,433.2915828601554,430.523862923515,431.2157929076751,58357500
2023-08-08,431.25421142578125,433.12819688898776,427.90987851511386,430.61032036745866,71361300
2023-08-09,428.3711853027344,431.6866891018031,427.61197745800644,431.5233041246725,78789600
2023-08-10,428.52496337890625,434.08923235537964,427.3621468022029,430.71607007168745,93005500
2023-08-11,428.2751159667969,429.284196455691,426.0647994577727,426.660622377887,68690900
2023-08-14,430.63916015625,430.63916015625,427.0546034425639,427.3621343832933,47867400
2023-08-15,425.6226806640625,429.22647618823385,425.0556576931614,428.8708770611947,75707500
2023-08-16,422.49945068359375,426.8624252963623,422.39372408289853,425.2094830101528,80107200
2023-08-17,419.2799987792969,424.2195859756661,418.7610440069637,423.9601232533812,95711300
2023-08-18,419.4818115234375,420.5101015823301,416.12788844047134,416.4738387437825,98852000
2023-08-21,422.2110900878906,422.9510589127824,418.3478316599045,420.4908700639508,68719000
2023-08-22,421.0674743652344,423.97934005301454,420.51010021357035,423.97934005301454,64994200
2023-08-23,425.7572326660156,426.37229454971487,421.98046176867535,422.12460773274086,68441000
2023-08-24,419.8565979003906,427.86181593129874,419.8277393822269,427.3524806823666,88517300
2023-08-25,422.81658935546875,424.09472283005493,418.04035697735236,421.57687525748486,102325100
2023-08-28,425.49774169921875,426.1127742143462,422.816509634439,424.99799661992967,61595400
2023-08-29,431.648193359375,431.92689507692256,425.20940063279374,425.3919952759013,83081900
2023-08-30,433.4261169433594,434.0603885077203,431.2830492029172,431.9845986592022,69053900
2023-08-31,432.79180908203125,435.17510034218884,432.6092144351305,434.04111309241955,66084600
2023-09-01,433.5990905761719,435.9824113556043,432.1479527903315,435.5019052625726,58944100
2023-09-05,431.72503662109375,433.47408556103574,431.6577880678343,433.15696449413895,55166200
2023-09-06,428.8228759765625,431.0236021823755,426.5068329962555,430.91787558724553,70758500
2023-09-07,427.5061950683594,428.178885873282,425.48806399807364,425.8340142415609,70355400
2023-09-08,428.1501770019531,429.67818299559536,427.1987842372508,427.5543540855631,61659700
2023-09-11,430.9659118652344,431.2734134651807,429.0630972437641,430.7640781970579,60180100
2023-09-12,428.6017761230469,431.04275506328975,428.0251923265627,429.5243688529451,67565400
2023-09-13,429.1015930175781,430.2547901313596,427.72732319853264,428.8228912507801,60199300
2023-09-14,432.8013610839844,433.49329091442695,430.2643045908678,431.56167668891766,83430800
2023-09-15,427.58697509765625,431.5506832250515,427.1530117903473,431.22279002690107,111848900
2023-09-18,427.83770751953125,429.1300027993312,426.8057902109989,427.2783378211123,55752200
2023-09-19,426.95037841796875,427.50974802962753,424.27899561562054,426.9214475367596,66514600
2023-09-20,423.02532958984375,428.61884971067485,422.8227839687489,428.2041638924205,82562600
2023-09-21,416.0334167480469,420.45036521142913,415.8791088874586,420.1899872517448,104095800
2023-09-22,415.0979309082031,418.64692328267273,414.6832156713709,417.05566583396023,100829700
2023-09-25,416.8435363769531,416.88209127104136,413.45847553843805,413.89246826227424,70874500
2023-09-26,410.71954345703125,414.5192898301892,409.8901424025337,413.8152657492611,96168400
2023-09-27,410.8834228515625,412.445778671282,407.2572916755206,411.88640908082164,104705800
2023-09-28,413.26556396484375,414.93399013925836,409.745502299644,410.333802865898,92258300
2023-09-29,412.2626037597656,416.47703605865223,410.74848546003295,416.3034507511099,115111300
2023-10-02,412.0986328125,413.34271968319354,409.35008111589474,411.4331930512835,83798600
2023-10-03,406.582275390625,412.15651831824437,405.22246490596143,409.928751834983,103760600
2023-10-04,409.54296875,410.28554771633696,405.5889145488821,407.0451710291783,87453000
2023-10-05,409.388671875,410.22769695288724,406.17722598529116,409.25364146047264,70142700
2023-10-06,414.2492370605469,415.78263268562836,405.627480956343,406.9487069673823,113273300
2023-10-09,416.9013671875,417.47036086082164,411.80932558041656,412.3590123769111,80374400
2023-10-10,419.07122802734375,421.65581816785743,417.1327707063527,417.52817903423306,78607300
2023-10-11,420.7878723144531,421.03859681205853,417.7596360182193,420.1320860419277,62451700
2023-10-12,418.2226257324219,421.7716184606987,415.87913565080567,421.3955169391734,81154200
2023-10-13,416.1394348144531,420.91323616360404,414.5771083892652,419.717357751377,95143100
2023-10-16,420.51788330078125,421.578731455087,418.135809030701,418.3769095461698,75433200
2023-10-17,420.4985656738281,422.54312271495667,417.0556727686725,417.40284337508905,75324700
2023-10-18,414.8954162597656,419.6884958400442,413.8152906244154,418.7337471858001,93559800
2023-10-19,411.2499084472656,417.41245091445234,410.5748447541702,415.60902401214975,121323000
2023-10-20,406.1965026855469,411.3560595506144,406.09040315558224,410.8159967559263,123919900
2023-10-23,405.4924621582031,409.3404462034215,402.9271492717955,404.6727145608842,92035100
2023-10-24,408.5496520996094,409.69729291312706,405.7625160007192,407.60452747929617,78564200
2023-10-25,402.6860656738281,406.90052736992106,402.1749337627123,406.8715964855641,94223200
2023-10-26,397.86407470703125,402.4739155692253,396.9479103704744,401.62526644318154,115156800
2023-10-27,396.0606384277344,399.8411075241665,394.6429661954743,399.4456991403426,107367700
2023-10-30,400.79583740234375,401.84703208667196,397.5458072598068,398.8381024524088,86562700
2023-10-31,403.3128967285156,403.6311364139704,399.4649130352955,401.36478600442194,79665200
2023-11-01,407.6141662597656,408.4242604346672,403.746904694568,404.27734347074426,98068100
2023-11-02,415.4258728027344,415.58018067597357,411.375372066054,411.3946495135024,94938900
2023-11-03,419.21588134765625,420.75893033677426,417.59569315312746,417.72107011423,100167800
2023-11-06,420.1803283691406,420.62394506807493,418.24187084518337,419.96815874248256,67831700
2023-11-07,421.3761901855469,422.0126990847071,419.04235365317487,420.1803410344543,64256100
2023-11-08,421.6847229003906,422.49481694951754,419.3894417122594,421.9740316925039,61746000
2023-11-09,418.39617919921875,422.86136537152765,417.9718399454001,422.822781049031,83174400
2023-11-10,424.9251403808594,425.23375607657056,418.386496162944,420.45998395564305,89462200
2023-11-13,424.52008056640625,425.6194834433293,422.81309977511563,423.59426297038516,52236100
2023-11-14,432.7561340332031,434.0387757848984,430.2100985439841,430.43192160638574,97176900
2023-11-15,433.67236328125,435.3118587523366,432.82368465768604,434.0870491532855,77327600
2023-11-16,434.2027587890625,434.52099852551896,432.16785509736394,433.22870327091186,66665800
2023-11-17,434.74273681640625,435.35031471691406,433.29613397946775,434.21229811746946,83133200
2023-11-20,438.0893249511719,438.9283501028601,434.48244093914565,434.49209437852244,69936200
2023-11-21,437.1344909667969,437.9638920043512,435.87112668099957,437.0476983171483,49244600
2023-11-22,438.82220458984375,440.1338066653199,437.73245500948576,438.783649698811,59394900
2023-11-24,439.0921936035156,439.28508576492015,438.542506862815,438.87039999223333,29737400
2023-11-27,438.30145263671875,439.2754786903425,437.9156682731926,438.4653845031241,50506000
2023-11-28,438.7354431152344,440.0277384058116,437.35635516684414,437.91569543871145,62115000
2023-11-29,438.4267883300781,442.0047410159344,438.0314094012158,440.8763777024274,63146000
2023-11-30,440.1531066894531,440.5003067450598,437.2020386572685,439.2658732507552,79752700
2023-12-01,442.7569885253906,443.28739788218263,438.95724208115644,439.5455132066452,89183400
2023-12-04,440.4327697753906,442.7762596678929,438.1664190963143,439.3815750840775,72430900
2023-12-05,440.3459777832031,441.3007263857532,438.67755165712543,439.05368258007826,69793500
2023-12-06,438.571533203125,442.5062810437914,438.13754046110813,442.4773501564048,69124700
2023-12-07,441.9179382324219,442.56407108973934,440.04699600140833,440.6449205313009,66995400
2023-12-08,443.8178405761719,444.3482499376319,440.93425839840177,441.1753589138319,83194400
2023-12-11,445.5440673828125,445.7176821092958,443.1137849553907,443.3259545711253,65002200
2023-12-12,447.5789794921875,447.67542557959507,444.20357245141867,445.1969053461678,68327600
2023-12-13,453.7511291503906,454.00188308183056,447.5982398420778,447.9550638637653,93278000
2023-12-14,455.2074279785156,456.8662007070536,452.54566886194607,455.6799755722313,119026000
2023-12-15,454.45794677734375,455.784559299069,452.61815952788186,454.6128802736885,141553700
2023-12-18,457.0142822265625,457.9922869448393,455.00020597615196,456.0556626634462,70375300
2023-12-19,459.7933349609375,459.8708164807692,457.4790843028072,457.5565362720974,55761800
2023-12-20,453.4218444824219,460.8197337409229,452.9957847839671,458.9412058569742,102921000
2023-12-21,457.72113037109375,457.99225657048584,453.98343038961036,456.39451800386655,86667500
2023-12-22,458.6410827636719,460.31627356318023,456.75289164165196,458.8444200582337,67160400
2023-12-26,460.57769775390625,461.478221018987,458.97029593582954,459.04777746109835,55387000
2023-12-27,461.410400390625,461.5556412930502,459.8417395433534,460.3742993690924,68000300
2023-12-28,461.584716796875,462.41745105376606,461.16834966842947,461.76869846768426,77158100
2023-12-29,460.2484130859375,461.9139110481109,458.3020963459827,461.39101424995863,122283100
2024-01-02,457.6727294921875,458.66042679258095,455.58117171261154,457.19826599724024,123623700
2024-01-03,453.9350280761719,456.25897115713644,453.3346793148978,455.5230445204575,103585900
2024-01-04,452.472900390625,456.03628201144517,452.2501779578706,453.46056814569334,84232200
2024-01-05,453.09259033203125,455.53272607542186,451.6497852739501,452.6761936894624,86118900
2024-01-08,459.5608825683594,459.7061234587128,453.46049921867973,453.58638450716506,74879100
2024-01-09,458.8637390136719,459.88045489034096,456.4139106022468,456.91742225203353,65931400
2024-01-10,461.4587707519531,462.320582628156,458.8540090718071,459.13482782984977,67310600
2024-01-11,461.2555236816406,462.9694256422812,457.2951303185307,462.4562213568548,77940700
2024-01-12,461.5750427246094,463.4342151118614,460.171007794378,462.69828839912003,58026400
2024-01-16,459.8804016113281,461.5071586457482,458.0696629366484,460.1999611130578,85014900
2024-01-17,457.32415771484375,457.8083137942025,454.9808292885089,456.8690498182248,68843900
2024-01-18,461.3910217285156,461.9429667160371,457.4500139514087,458.98962663985805,91856200
2024-01-19,467.1427917480469,467.4236105266518,461.43944893766223,462.51426116700225,110834500
2024-01-22,468.1304931640625,469.8443949304159,467.4817110595385,468.67274557207963,75844900
2024-01-23,469.4958190917969,469.7378971314764,467.5882725076425,468.6727773973201,49945300
2024-01-24,470.0090637207031,473.28193407003323,469.5152150522186,472.3523626504235,81765000
2024-01-25,472.5653076171875,472.8364337971392,470.0089792848625,472.12955539380135,72525000
2024-01-26,471.96502685546875,473.6208323517754,471.12260001612924,472.1393159497028,76641600
2024-01-29,475.70269775390625,475.8479682163698,471.7326415921786,472.27489403038163,61322800
2024-01-30,475.33477783203125,476.0416268075263,474.5794659669119,475.0152182659358,58618400
2024-01-31,467.5785217285156,473.58203863496095,467.55913657540736,473.136623371545,126011100
2024-02-01,473.6982421875,473.7272903654765,468.4693337474314,469.2730492556767,91891600
2024-02-02,478.6850891113281,480.33120193919586,473.79509531108175,474.1340104537586,99228200
2024-02-05,476.94207763671875,478.71410519650345,474.6956161898589,478.0556601095021,75757100
2024-02-06,478.32684326171875,478.6560658444282,476.45797836644056,477.88139839933996,55918600
2024-02-07,482.3162536621094,482.73262076498764,479.6630584646698,480.56361115879434,70556500
2024-02-08,482.52935791015625,482.90698431385846,481.50294930962457,482.3163280373736,52343600
2024-02-09,485.3180236816406,485.7537463849515,482.69387668269746,483.03279181896556,63979400
2024-02-12,485.10504150390625,487.54517753380475,484.3884704038274,485.28902318022654,56502300
2024-02-13,478.4236145019531,481.33824328857344,475.17010013129357,478.8593667536311,113099200
2024-02-14,482.7713623046875,483.2555183461787,478.73348791641325,481.0477679790003,68387800
2024-02-15,486.10235595703125,486.2863376159792,482.99405290883,483.46854592163555,61683000
2024-02-16,483.6815490722656,486.93506329206355,482.9456224770808,485.8021547710952,75532900
2024-02-20,481.01873779296875,482.6164468795506,478.78193916164605,481.9483091532552,71736700
2024-02-21,481.4544372558594,481.609370733512,477.92010410161913,479.7211799226085,59293400
2024-02-22,491.4183654785156,492.37698495204523,487.08031685540794,488.03896587947617,76402500
2024-02-23,491.75726318359375,493.9650133978183,491.03102917167075,493.132249697867,61321800
2024-02-26,489.9561767578125,492.62872731944213,489.83029147041157,492.1929751015984,50386700
2024-02-27,490.8664855957031,491.089208034972,488.7555721385278,490.64379270697685,48854500
2024-02-28,490.2176818847656,490.79864549092105,488.9588584535033,489.3171291941457,56506600
2024-02-29,491.98004150390625,493.58744327560555,489.33656815361434,491.9703784764342,83924800
2024-03-01,496.5988464355469,497.02490613181874,492.4448087227075,492.85151281479995,76844800
2024-03-04,496.0662841796875,497.90610083671146,495.7758023657051,495.80488009764395,49799300
2024-03-05,491.1084899902344,494.5169672600257,488.9104323126882,494.07152244829007,72855600
2024-03-06,493.5970458984375,495.8435368483092,492.3092039305024,494.3716836843407,68382400
2024-03-07,498.49676513671875,499.54255878511856,493.65520448812254,496.8797004283906,58652100
2024-03-08,495.5046691894531,501.7986682913954,494.9333685962926,499.12617653924883,86532500
2024-03-11,495.07861328125,495.6596064560232,492.38670680365675,494.3039754152461,62557200
2024-03-12,500.404296875,500.9852604266135,494.67184736073796,497.1798014108618,73114400
2024-03-13,499.6199645996094,500.89814366049285,498.18688160759467,500.72385457506516,55104100
2024-03-14,498.63226318359375,500.7431761962755,495.6014419747479,500.58821318372543,110171800
2024-03-15,495.2084045410156,497.0247990949515,493.5474544938414,495.57751113868864,107646300
2024-03-18,498.15155029296875,500.696405939081,497.74361217385916,499.25887018669476,88893300
2024-03-19,500.9197692871094,501.2014309193572,496.46138163610317,497.461870313395,60755300
2024-03-20,505.5529479980469,505.688947116047,500.30785211015336,500.9780657234889,69594600
2024-03-21,507.2236022949219,509.0787984573295,506.9418813936417,508.37947611905065,60256100
2024-03-22,506.2621154785156,507.6219289738799,506.02894869657956,507.1362685930967,79070800
2024-03-25,504.8633728027344,506.00952410002293,504.70792829326916,504.8924815953154,48512100
2024-03-26,503.93096923828125,506.62154697147946,503.5327537739349,506.2815491021887,65463700
2024-03-27,508.165771484375,508.2046622498039,504.5913188624126,506.7476813791001,82999800
2024-03-28,508.0686340332031,509.5644462989382,507.78697242349654,508.20463313500636,96294900
2024-04-01,507.18475341796875,509.3411160418204,506.02887949837907,508.80690155295423,62477500
2024-04-02,503.9600830078125,504.0960228561583,501.6677209860127,503.3772549881494,74230300
2024-04-03,504.5137023925781,506.0095743423354,502.82361371377027,502.8721678960329,59155800
2024-04-04,498.35552978515625,508.8457817223291,498.0544227328248,508.50584318362684,96858100
2024-04-05,503.56182861328125,505.51419288118285,499.2686073334128,499.70571354461276,74546500
2024-04-08,503.8434753417969,505.2616249915614,503.0373217973172,504.26119543845846,48401800
2024-04-09,504.42626953125,505.81525100842816,499.5987748577626,505.57242083511636,68049200
2024-04-10,499.37542724609375,501.3569002653356,497.4036769200619,498.75376772780487,82652800
2024-04-11,503.1441650390625,504.5817008252079,497.393962609765,500.89069371082206,70099000
2024-04-12,496.1991882324219,501.0266533234711,494.47993161292834,499.61822644383983,92561100
2024-04-15,489.9827575683594,500.5215638494566,489.13768362770764,500.3564559239092,92101400
2024-04-16,489.0890808105469,491.97390429784934,487.8069304512228,490.45864647041304,73484000
2024-04-17,486.1945495605469,491.7019508026377,484.805568116472,491.53681324608516,75910300
2024-04-18,485.1941223144531,489.6719263116465,484.26166270979206,487.5835926622845,74548100
2024-04-19,480.95916748046875,486.10715539894034,479.6964327690104,485.11641894359934,102212600
2024-04-22,485.38836669921875,487.9720832401042,481.22139272247443,483.5525564034497,67961000
2024-04-23,491.1482849121094,491.5756683731246,485.20380722643876,487.3892787074855,64633600
2024-04-24,490.91522216796875,492.81900253172324,488.7006120510912,492.03223509825074,55928100
2024-04-25,489.0502624511719,489.8078914311426,483.222338099903,484.8638724968989,69122400
2024-04-26,493.68341064453125,495.25694525145303,491.19683231516194,491.82818476774327,64306100
2024-04-29,495.43182373046875,496.1020373711397,492.70241499072074,495.4609621651781,46415400
2024-04-30,487.58355712890625,494.94615471248864,487.58355712890625,493.9748340493992,77483600
2024-05-01,486.00030517578125,493.6154557030375,485.5340605810027,487.00076428433056,80242800
2024-05-02,490.5461730957031,491.381524449936,485.2233241077949,489.6914059955059,62550200
2024-05-03,496.6265869140625,497.8504308833997,493.9748706361785,496.5003104757314,72756700
2024-05-06,501.75506591796875,501.79389739765344,498.5788287338661,499.01593484030155,47264700
2024-05-07,502.308837890625,503.6978194793967,501.6386241870498,502.71677601484447,52561300
2024-05-08,502.357421875,502.89163647395645,500.3662260326796,500.48277978937125,42047200
2024-05-09,505.2518310546875,505.2907218217569,501.8910996467172,502.54186786336425,43643700
2024-05-10,505.9026184082031,507.65098353110557,504.68846772775674,506.8447708795729,52233200
2024-05-13,505.9705505371094,507.68008415323175,504.8341221182077,507.5732531233991,36716400
2024-05-14,508.2920837402344,508.8069121408392,505.630674647656,506.1648891476387,57535900
2024-05-15,514.5863037109375,514.8776880610556,510.11819296519036,510.7495751277046,59504900
2024-05-16,513.5275268554688,516.2763809484062,513.381805041238,514.6834008229457,50244800
2024-05-17,514.2657470703125,514.3337466322346,512.1968292743588,513.6440876053468,59187600
2024-05-20,514.858154296875,516.3151350820737,513.9936648026625,514.3822167259287,37764200
2024-05-21,516.120849609375,516.276294089697,513.8965469941198,514.1005456427803,33437000
2024-05-22,514.635009765625,516.1405454228013,512.4689236736286,515.4315000808116,48390000
2024-05-23,510.8758239746094,517.7818994806975,509.6713365846429,517.6750684388743,57211200
2024-05-24,514.2559814453125,515.062194143986,511.7694030777515,512.7115556042107,41291100
2024-05-28,514.615478515625,515.2954149429256,511.9929004587325,515.0623074329295,36269600
2024-05-29,511.0118103027344,512.1871297238472,510.30276514376794,510.6038721974795,45190300
2024-05-30,507.6217956542969,510.1375418513036,506.37853623406767,509.4770510210726,46377600
2024-05-31,512.2453002929688,512.3715767039372,503.49369288115616,508.57373953818643,90785800
2024-06-03,512.6630249023438,514.1297285627861,507.61214568816797,513.8480669180504,46835700
2024-06-04,513.2361450195312,513.974358217118,509.90452222280885,511.36150323340104,34632700
2024-06-05,519.3360595703125,519.355504956824,513.5664118243003,515.5479441376007,47610400
2024-06-06,519.3262939453125,520.0645071551455,517.4030979505338,519.637123680227,30808500
2024-06-07,518.6949462890625,521.4923544849469,517.2670741151577,518.3549484930342,43224500
2024-06-10,520.2976684570312,520.6182209175571,517.2963204143864,517.8888118681492,35686100
2024-06-11,521.5507202148438,521.6089970919911,516.791224537173,518.7533115423322,36383400
2024-06-12,525.8341064453125,528.5149607902181,524.804508979413,526.096381978746,63251300
2024-06-13,526.8930053710938,527.747772459327,524.1150419766954,527.5729418210138,44760900
2024-06-14,527.2135009765625,527.2426097707814,524.3674790309985,525.3679678522572,40089900
2024-06-17,531.4095458984375,532.7985867082562,526.0770045940598,526.533556163689,55839500
2024-06-18,532.7597045898438,532.8859810291509,531.0501705974204,531.4678314025467,41376400
2024-06-20,531.3125,534.3430162809884,529.5446889553035,533.6825252233083,70328200
2024-06-21,530.6000366210938,531.7109286219036,529.1481094595256,530.4928609392509,64338600
2024-06-24,528.8753662109375,532.9778406049528,528.7584364421938,530.4247748607555,45528700
2024-06-25,530.911865234375,531.2724085077483,528.582905567804,530.0932975881465,37936200
2024-06-26,531.5745239257812,532.2858564645144,529.1578965249615,529.8010101320955,38550600
2024-06-27,532.4126586914062,532.9876129707899,530.6976093896263,531.4382042677565,35041500
2024-06-28,530.3174438476562,536.2226934820135,529.0799274394088,533.1823416161415,76144500
2024-07-01,531.408935546875,531.9351194589271,528.6609672764391,531.6915058832783,40297800
2024-07-02,534.9851684570312,534.9851684570312,529.7621076471618,529.8108184673043,40434800
2024-07-03,537.37255859375,537.7331019058091,534.6343445482383,534.6733013066347,32789900
2024-07-05,540.4713745117188,540.8708746254604,537.041276170241,537.6746952876072,41488400
2024-07-08,541.0950317382812,542.0402238948535,540.0328503436032,541.250918262468,36110500
2024-07-09,541.6212158203125,542.946459442177,541.3288914148972,542.0499781069125,27289700
2024-07-10,546.980712890625,547.3217481165079,542.5469575742852,542.8392819787523,38701200
2024-07-11,542.2642211914062,547.964813600151,541.6308616855196,547.0975351406863,53054200
2024-07-12,545.6846313476562,549.270615886068,542.9172145567801,543.3849335691044,53084400
2024-07-15,547.185302734375,550.4107438001307,545.3338159394242,547.6725298408394,40584300
2024-07-16,550.4302368164062,550.722561208659,547.7407334557406,548.4910822924977,36475300
2024-07-17,542.7125244140625,546.191333044454,542.3909378748594,544.5249949514538,57119000
2024-07-18,538.5418701171875,545.2266716040288,536.3688561297039,544.2424632762184,56270400
2024-07-19,534.9656982421875,539.9256971843263,533.9132708630742,538.3080696139889,65509100
2024-07-22,540.4810791015625,541.0852359846874,536.9438053796708,538.8732057821688,43346700
2024-07-23,539.6333618164062,542.517708645555,539.1461346384042,540.3738971671513,34439600
2024-07-24,527.40380859375,535.1409770414671,526.4878192997799,534.8388986294111,74515300
2024-07-25,524.6559448242188,533.474804346627,523.7205067049787,527.5208430163394,61158300
2024-07-26,530.5319213867188,533.2116708123141,527.6572691986129,528.4271261891337,53763800
2024-07-29,530.8436889648438,533.0751677112492,528.8557642968128,532.0715107948711,39515800
2024-07-30,528.154296875,533.357909659398,524.7632145177835,532.3054822300633,46853600
2024-07-31,536.7391967773438,539.3604813512061,533.5917282671721,534.9559286681133,65663400
2024-08-01,529.138427734375,540.6954412129795,525.6498647611072,538.4542082657176,76428700
2024-08-02,519.2867431640625,523.272228120303,515.096541908473,522.0639142511643,82789100
2024-08-05,504.1630859375,510.2047134794361,497.2347015627261,498.5697287097326,146267400
2024-08-06,508.8113708496094,516.2172002386701,504.64067761587216,505.95616721920055,84826300
2024-08-07,505.4104309082031,518.0101770927619,504.8160280713854,514.9698250199898,70698300
2024-08-08,517.0941772460938,517.7177827712244,508.5092375881122,510.52630556896884,63276600
2024-08-09,519.3743286132812,520.8555180126824,515.0575036936727,516.2755714297688,45619600
2024-08-12,519.6473388671875,522.0444587278029,517.3865974265898,520.5633284209126,42542100
2024-08-13,528.1932983398438,528.4272173808079,522.5804903523466,522.8241039785324,52333100
2024-08-14,529.8594970703125,531.0386081211183,526.3222233938623,528.9824644571885,42446900
2024-08-15,538.94140625,539.22397656437,534.8584406614526,535.4625975238755,60846800
2024-08-16,540.1497802734375,540.8416642629177,537.1777064456791,537.3335929699142,44430700
2024-08-19,545.3143920898438,545.3143920898438,539.7112794996588,540.5590500378348,39121800
2024-08-20,544.4276123046875,546.5129587158026,543.0926147134523,544.8661286211883,33732300
2024-08-21,546.298583984375,547.7505114259203,540.55903368272,545.4703215908407,41514600
2024-08-22,542.0110473632812,548.7932720185775,540.8027333129888,548.1891149934312,56121500
2024-08-23,547.7699584960938,548.7054559638492,543.053573875613,545.2364013003757,50639400
2024-08-26,546.4641723632812,549.504464836925,544.7686315002069,548.7931322733509,35788600
2024-08-27,547.2145385742188,547.7017657101911,544.057316249273,545.197411094177,32693900
2024-08-28,544.0377197265625,547.3021766926912,540.8609898000797,546.8734145036697,41066000
2024-08-29,544.0864868164062,549.2803444323956,542.9463920388357,545.9964384879656,38715200
2024-08-30,549.2803344726562,549.7870696872616,542.9074254374239,546.4446989296116,62700100
2024-09-03,537.9766235351562,546.483588595878,535.4722694199106,546.1522480402451,60600100
2024-09-04,536.8756713867188,540.2667537157464,535.4237438257495,536.144830576085,47224900
2024-09-05,535.56982421875,539.6527901961324,533.1239343608661,536.817154296066,44264300
2024-09-06,526.5560302734375,537.5088854044001,525.6595491086152,535.8913176846581,68493800
2024-09-09,532.4515380859375,533.718376233379,528.8168426461983,530.7365485093424,40445800
2024-09-10,534.7708129882812,535.1216617767944,529.4990408120743,534.351804730089,36394600
2024-09-11,540.2568969726562,541.1728863269274,526.1663268863584,534.6830473314077,75248600
2024-09-12,544.8076782226562,545.1097566752126,538.619857760852,540.831888043875,51819600
2024-09-13,547.653076171875,548.6470386001909,545.1584755178029,545.4118431545087,39310500
2024-09-16,548.4618530273438,548.7249152296453,545.5969551700833,547.389917673041,36656100
2024-09-17,548.6859741210938,552.1063181322738,546.4641898322706,550.6640853659264,49321000
2024-09-18,547.05859375,554.1623432239503,546.5031477370794,549.3387831967661,59044900
2024-09-19,556.3939208984375,558.2454079377469,553.5680389935643,556.4231830771506,75315500
2024-09-20,555.4320678710938,556.46815521981,552.4215262762143,555.0313424308147,77503100
2024-09-23,556.820068359375,557.4652143001452,555.2854753286341,556.4975550473902,44116900
2024-09-24,558.4132690429688,558.471913246618,554.7967173955426,557.6117584874984,46805700
2024-09-25,557.181640625,558.9899461465259,556.0771251545262,558.2568638249757,38428600
2024-09-26,559.3907470703125,561.7464186568862,557.0449191197562,561.4238456875147,48336000
2024-09-27,558.5794677734375,561.2674367221593,557.5531642883332,560.4562017753216,42100900
2024-09-30,560.81787109375,561.4238811603136,555.266000370726,557.5531842584909,63557400
2024-10-01,555.7938232421875,561.1111173600859,553.2329264823798,560.4660310099997,72668800
2024-10-02,556.0283813476562,557.0449605610858,552.5193933091881,554.904357347643,38097800
2024-10-03,555.0118408203125,556.9471593905891,552.7343813129046,554.5621954422553,40846500
2024-10-04,560.0552978515625,560.4267309820088,555.28537101062,559.4395039594219,42939100
2024-10-07,554.9921875,559.0583842578297,553.8485957624074,558.4132383947003,49964700
2024-10-08,560.2411499023438,560.8374356454558,556.6833016920415,557.5531808736639,37398700
2024-10-09,564.12158203125,564.6787318135322,559.6350914993983,560.2313175326061,37912200
2024-10-10,563.1343383789062,564.5516429072721,561.5313172618801,562.7824731556751,44138100
2024-10-11,566.5065307617188,567.2396131412746,562.9192713637127,563.0561277259117,42268000
2024-10-14,571.1396484375,572.0682314590191,567.6306009114653,568.1095385598273,36217200
2024-10-15,566.7020874023438,571.7065921692961,565.4900076351577,571.4035871421002,54203600
2024-10-16,569.1651611328125,569.6832346627543,565.9005342666823,566.7020448464575,30725400
2024-10-17,569.214111328125,572.8990918503805,569.0283947051846,572.6938072697387,34393700
2024-10-18,571.403564453125,572.1855071059618,569.4388940141822,570.8952748825009,37416800
2024-10-21,570.4652099609375,571.6576620923939,567.5035282712228,570.6802188403536,36439000
2024-10-22,570.162109375,571.3154850600835,567.2884243093201,567.9432944740728,34183800
2024-10-23,564.952392578125,568.5885123492586,561.4629131521561,568.1486509721636,49314600
2024-10-24,566.1741943359375,566.9757049256177,563.5644376745634,566.897492764615,34979900
2024-10-25,565.9786376953125,571.27642231265,565.0403304898274,568.39295320261,47268200
2024-10-28,567.7284545898438,569.5660529152336,567.4254495286576,569.4389805032773,30174700
2024-10-29,568.6470947265625,569.7613345267463,565.3824085036434,566.7703610094676,42899700
2024-10-30,566.9269409179688,570.1622760996802,566.2231506662927,568.1780374143577,41435800
2024-10-31,555.8133544921875,562.6456733933426,555.617853906816,562.5772452055423,60182500
2024-11-01,558.1591186523438,562.5673968338307,557.748609230934,558.4328313722141,45667500
2024-11-04,556.9569702148438,559.586295105694,555.0802957635589,558.2960627771841,38217000
2024-11-05,563.6915283203125,563.7306045728799,557.6509362573997,557.8659451341218,39478300
2024-11-06,577.7080078125,578.57794657906,572.1854895240832,575.9095457320777,68182000
2024-11-07,582.1749267578125,583.1915058614667,579.6238143381844,579.7020264980958,47233200
2024-11-08,584.6968383789062,586.1141431643453,582.7223837264295,582.7223837264295,46444900
2024-11-11,585.25390625,586.6320749270757,583.5335966542183,586.2802096893201,37586800
2024-11-12,583.4358520507812,585.7718958867575,580.9628921945897,585.175669871058,43006100
2024-11-13,583.7193603515625,585.7133231848053,581.5396809070076,583.8952929846365,47388600
2024-11-14,579.9658813476562,584.3252993650702,579.2817188550297,583.846361756873,38904100
2024-11-15,572.5374145507812,576.8870491794336,570.6900323906797,576.4178358264271,75988800
2024-11-18,574.8831787109375,576.1929190461736,572.1365660073782,572.9966610430482,37001700
2024-11-19,576.9846801757812,577.7079785622685,570.8561521859538,571.5208063697094,49412000
2024-11-20,577.1802368164062,577.463673880748,571.4426497345274,577.0629483995475,50032600
2024-11-21,580.2786865234375,581.6959910919024,574.1990184692589,580.014817427747,46750300
2024-11-22,582.0772705078125,582.7028485393122,579.7705186323628,580.2689646034843,38226400
2024-11-25,584.0517578125,587.3066012376366,581.7742980860696,585.996860547812,42441400
2024-11-26,587.1011962890625,587.7658504090859,584.5793764966282,585.2928908378436,45621300
2024-11-27,585.3223876953125,587.2967825924234,583.8073625128942,586.9156250460375,34000200
2024-11-29,588.9583129882812,589.7402555167076,585.8598351444666,586.13348818314,30177400
2024-12-02,590.0140991210938,590.6885373789082,588.8802314936704,589.3689531396692,31746000
2024-12-03,590.2877197265625,590.5320805361104,588.7531863419945,589.7794898104154,26906600
2024-12-04,593.953125,594.1974858067216,591.3042920365143,591.9689462717889,42787600
2024-12-05,592.9757080078125,594.7546619184587,592.6238427485821,593.9531512779432,28762200
2024-12-06,594.0997924804688,595.3313805479372,593.3276337729875,593.738143242676,31241500
2024-12-09,591.0404052734375,594.1486677967985,590.4539631589937,593.9825191407734,34742700
2024-12-10,589.2027587890625,592.1350884376395,588.5478885385655,591.7147950136848,37234500
2024-12-11,593.7576293945312,594.7057206012569,591.8418193692619,592.1155320836123,28677700
2024-12-12,590.6982421875,593.4643633790662,590.6982421875,592.8974892997352,31543800
2024-12-13,590.5809936523438,593.4351111707817,589.2125492712078,592.7215967057723,35904700
2024-12-16,593.1027221679688,594.0704410234347,591.5584049068509,592.3305635374098,43695200
2024-12-17,590.6590576171875,591.519212300668,589.2906730995711,590.5613371724975,55773500
2024-12-18,573.055419921875,592.7312963771194,572.674202761188,590.3561165933274,108248700
2024-12-19,572.8794555664062,579.6238377441589,572.6350947579137,578.020816522432,85919500
2024-12-20,579.7603149414062,584.27166262691,569.7175591199479,570.561034960996,125716700
2024-12-23,583.2319946289062,583.8302272741931,576.3374142722774,579.5052219390004,57635800
2024-12-24,589.7146606445312,589.7539282690682,583.9969712723625,584.5756300016285,33160100
2024-12-26,589.75390625,590.8718961830699,586.5567076471659,587.9493315050056,41219100
2024-12-27,583.5459594726562,586.2626090728168,579.3778441686201,586.0271828680434,64969300
2024-12-30,576.88671875,580.338917958557,573.150128529516,576.5631199685903,56578800
2024-12-31,574.7879638671875,579.2601035674252,573.1599137063401,578.5441278348751,57052700
2025-01-02,573.375732421875,579.740679758371,569.3154835989945,578.0342139844852,50204000
2025-01-03,580.544921875,581.1823624210723,575.1312564616488,576.2100986967752,37888500
2025-01-06,583.88916015625,588.145567536734,582.1630605707853,584.7816606701658,47679400
2025-01-07,577.288818359375,586.2330977215739,575.4744864171694,585.9094391002772,60393100
2025-01-08,578.13232421875,579.2013495963691,573.9250009242365,577.357566647636,47304700
2025-01-10,569.3056030273438,574.6604259424307,567.4029789022777,574.5917674597674,73105000
2025-01-13,570.1883544921875,570.5414039943755,564.2646890570356,564.6766400021115,47910100
2025-01-14,570.972900390625,573.7287574980859,567.2068596443902,573.101074063849,48420600
2025-01-15,581.35888671875,582.4965105633459,577.847846118657,578.956079102548,56900200
2025-01-16,580.2409057617188,582.8986539701259,579.5445637592774,582.7221292073649,43319700
2025-01-17,586.0664672851562,587.8121409710091,584.1343920679883,585.4584175885924,58070600
2025-01-21,591.4309692382812,591.4407861448484,587.1353543049476,589.0968201243991,42532900
2025-01-22,594.7556762695312,596.1090924921224,593.6964679520279,594.2456759945876,48196000
2025-01-23,598.0018920898438,598.0018920898438,593.8534110339756,594.1279851220985,41152100
2025-01-24,596.2562255859375,599.0121428376514,595.1087847128249,598.0608006812332,34604700
2025-01-27,587.8218994140625,588.1357411390088,583.1830517473746,583.3497595871564,70361100
2025-01-28,592.8726196289062,593.7062185767892,585.7426729191386,589.0477377122166,44433300
2025-01-29,590.2147827148438,592.4900899119916,587.6746585162967,592.0879559573353,37177400
2025-01-30,593.382568359375,594.9125091757996,589.1457953617726,592.3234200043604,39281300
2025-01-31,590.2246704101562,598.2078504382997,589.4694869358445,595.7952259985301,66566900
2025-02-03,586.252685546875,588.7240915852041,579.1129217803689,581.2509121761593,65857200
2025-02-04,590.185546875,590.6954873423298,585.7722482747779,586.3116394651887,33457800
2025-02-05,592.5784301757812,592.7255640609287,587.0471418694162,589.0674493379312,30653100
2025-02-06,594.6380004882812,594.7655005585997,591.0190935628144,594.3143418590737,35771500
2025-02-07,589.1949462890625,596.4131263461926,588.4887874469584,595.1970270806008,50788500
2025-02-10,593.1961669921875,593.8336672094929,591.1268353008966,592.3920188307526,26048700
2025-02-11,593.6474609375,594.1868520894046,590.8229452462591,590.940628411795,30056700
2025-02-12,591.7350463867188,592.9021210468912,586.9785152974936,587.6552234594287,45076100
2025-02-13,597.9822998046875,598.1882752794738,591.5781445820884,592.8334516677448,40921300
2025-02-14,597.952880859375,599.2180047928703,597.3350143232245,598.1882471856823,26910400
2025-02-18,599.7083740234375,599.7083740234375,596.6583089558027,599.1101412981178,26749000
2025-02-19,601.1206665039062,601.4148744301086,597.8156011046507,598.3256014161959,31011100
2025-02-20,598.619873046875,599.8948141022244,595.324624204348,599.7574971023196,36554000
2025-02-21,588.3809204101562,598.5412992676794,587.9199448031515,598.4039822903428,76519800
2025-02-24,585.7035522460938,591.4114252530362,584.997393388531,590.420875386549,50737200
2025-02-25,582.7907104492188,586.3704094872951,578.200887648266,585.6446767168586,58266500
2025-02-26,583.0850219726562,588.0279549899641,580.4566645097497,584.448255315712,43321600
2025-02-27,573.7777709960938,586.4979078319449,573.3855137517263,585.3504072406853,74196700
2025-02-28,582.73193359375,583.2615078706541,571.2181376161361,574.2780198233005,88744100
2025-03-03,572.5223999023438,585.8309510440972,568.726968794248,584.6932674866979,74249200
2025-03-04,565.74560546875,574.1112864169365,561.2244408531591,568.5407303426414,109648200
2025-03-05,571.826171875,573.611113090913,562.0384758390375,565.5789075488999,71230500
2025-03-06,561.6755981445312,568.9918277562862,559.1354734261878,564.3921877543482,80094900
2025-03-07,564.82373046875,566.2654391000913,554.7320094861279,559.9004915315724,81158800
2025-03-10,549.7792358398438,558.56656383442,544.885388513382,556.6541826711317,99326600
2025-03-11,545.208984375,553.1529563050404,541.3841622094388,548.6219753669684,88102100
2025-03-12,548.1022338867188,552.2605321303586,543.022044250635,551.3386407379146,69588200
2025-03-13,540.7957763671875,548.337615563181,539.0893105175023,547.7295658893665,74079400
2025-03-14,551.96630859375,552.9666753566005,540.8644044287432,545.3953858640715,62660300
2025-03-17,556.2227172851562,558.7333912461695,551.5151512314662,551.9466761244148,49008700
2025-03-18,550.2108154296875,554.1337472059147,548.2885573100283,553.9179548314441,66041400
2025-03-19,556.2030029296875,559.9494094443329,550.8089724785119,551.9858638215135,66556000
2025-03-20,554.5947265625,559.5768672502725,551.760393662907,552.4763694984304,62958200
2025-03-21,554.7776489257812,555.6728342872004,548.9247817378139,550.1543857754978,83763000
2025-03-24,564.712890625,565.7654388953832,560.8961948547495,561.4863807824129,58766800
2025-03-25,566.0703735351562,567.0048245728844,564.3292350043083,565.9129505962637,38355700
2025-03-26,559.3124389648438,566.926137079624,557.9352585138073,565.8047238585734,51848300
2025-03-27,557.8270874023438,561.5847644413973,555.7219909391279,557.9254317069114,42164200
2025-03-28,546.5933227539062,557.0302460332103,546.0129833491962,556.3023301483869,71662700
2025-03-31,550.2626342773438,551.5611034821372,537.9468997306712,540.8586240116566,95328200
2025-04-01,551.8167724609375,553.7546597137996,544.6457430717568,548.3542481941281,54609600
2025-04-02,555.308837890625,558.1614830372098,545.7572527723408,545.9933271249679,76014500
2025-04-03,527.9428100585938,539.02887941269,527.9428100585938,536.2155597389653,125986000
2025-04-04,497.0354309082031,517.2894637749819,496.8190194100305,515.1253487932553,217965100
2025-04-07,496.150146484375,514.6335325434056,473.93856260259804,481.20799599577117,256611400
2025-04-08,488.3790283203125,516.413968489066,481.1784603514281,513.344881818952,165816600
2025-04-09,539.6683349609375,539.6683349609375,485.0050459934576,485.38869689536773,241867300
2025-04-10,516.0205688476562,524.7950065034121,501.0095530572283,523.4866909882965,162331200
2025-04-11,525.2278442382812,527.6772059586904,511.5841621734685,514.4761933704091,97866300
2025-04-14,530.3233032226562,535.3991423599505,525.1491197771261,535.1728543881914,68034000
2025-04-15,528.837890625,534.3661851955569,528.0509561027874,530.8642755383438,56892900
2025-04-16,517.0828857421875,529.1133721339063,511.80051174858437,523.0046778330362,83484800
2025-04-17,517.8206176757812,522.5029590498531,515.3614098145464,519.0305887702018,79868100
2025-04-21,505.4951171875,513.1875268574667,500.16354114488826,512.6562995153043,69368100
2025-04-22,518.6469116210938,520.6634499571472,510.71842828029105,511.6529392279992,75948100
2025-04-23,526.68359375,536.5302712837308,525.1687433752924,531.6118557355538,90590700
2025-04-24,537.769775390625,538.4976913582739,526.7131857388315,527.9624225863133,64150400
2025-04-25,541.6553955078125,542.0586792500782,534.8187844540605,537.7305086834277,61119600
2025-04-28,541.86181640625,544.5177728075638,536.1269871108482,542.393043710064,47613800
2025-04-29,545.2752685546875,546.3868353532918,539.5993973829874,539.9535089190233,47775100
2025-04-30,545.49169921875,547.4394329210733,532.6841838633078,538.6354556420874,93101500
2025-05-01,549.3574829101562,554.8661444027258,548.7574506167018,551.2265048528457,63186100
2025-05-02,557.5123291015625,559.1058911654948,553.2037916578166,555.5154232826195,60717300
2025-05-05,554.3153076171875,557.4040871519024,552.5348434974896,553.390643044351,38659200
2025-05-06,549.68212890625,554.157875203981,547.872185543118,548.8263293740373,48264700
2025-05-07,551.9938354492188,554.6202527049248,546.9671688153295,551.0101522781708,55588000
2025-05-08,555.840087890625,561.0044252601681,552.5349263835409,556.0171436814404,65130800
2025-05-09,555.1317749023438,558.2401872369107,553.577538715433,557.2368112120467,37603400
2025-05-12,573.4774780273438,573.487324465949,567.6245507869492,571.9822603015932,78993600
2025-05-13,577.2647094726562,579.4681503640297,573.3299764411289,573.8906230635715,67947200
2025-05-14,578.0023803710938,579.3696542531599,575.9857819804191,578.2187618347115,66283500
2025-05-15,580.8255615234375,581.3271894858746,575.5529743261593,576.0054901792878,71268100
2025-05-16,584.5045776367188,584.7996705930015,579.664873035907,581.6027001482121,76052100
2025-05-19,585.1439208984375,585.8226647003453,578.5040593733968,578.5040593733968,68168500
2025-05-20,583.1765747070312,584.3570065824167,579.9796042324612,583.4127091135157,60614500
2025-05-21,573.349609375,582.9110418636186,572.3266004007668,578.8385787658873,95197700
2025-05-22,573.5758056640625,577.0481757894836,571.9231652201731,573.1527690961759,70860400
2025-05-23,569.6607666015625,572.3167232636762,566.2080289447406,566.5818333658885,76029000
2025-05-27,581.5043334960938,581.6616963869777,568.9918522772189,576.5072061511252,72588500
2025-05-28,578.1400756835938,583.0978771602481,577.412159762467,581.9075989404909,68445500
2025-05-29,580.4223022460938,583.5209285665185,576.5072620387259,583.383198499108,69973300
2025-05-30,579.7730712890625,581.4846704969287,573.7233954302501,579.320555390729,90601200
2025-06-02,583.0388793945312,583.1175308206884,575.51367904973,578.1696356443219,61630500
2025-06-03,586.3637084960938,587.3375451970118,582.1928415555221,582.6748967264019,63606200
2025-06-04,586.206298828125,588.1933580255613,585.77347583579,587.2195213026215,57314200
2025-06-05,583.373291015625,589.2262178754949,581.405924678812,587.8785767379185,92278700
2025-06-06,589.3639526367188,591.0263796061765,587.1211261759919,588.8917438854173,66588700
2025-06-09,589.8951416015625,591.4395314497265,588.7245561772476,589.9344673159251,53016400
2025-06-10,593.2396240234375,593.623214804717,589.3147380391201,590.4262447121249,66247000
2025-06-11,591.5476684570312,595.1873080200999,589.4918043518763,594.3315085062023,73658200
2025-06-12,593.898681640625,593.898681640625,589.7377212700143,590.2197163908625,64129000
2025-06-13,587.2587890625,592.0296279060182,585.7635715930306,588.7343136581344,89506000
2025-06-16,592.84619140625,594.5873299052357,590.4263090889528,590.6034249017806,79984100
2025-06-17,587.7803344726562,591.9314493451027,587.0228790889307,590.4165986169179,82209400
2025-06-18,587.6917114257812,591.4100028153547,586.7375074721152,588.675394655937,76605000
2025-06-20,586.3115234375,591.4220592916591,584.910520395366,590.3565237964918,94051400
2025-06-23,592.1027221679688,592.4874469643536,583.9534693671619,587.0611954614843,87426000
2025-06-24,598.6439208984375,599.6995206392156,595.3190526903905,596.2267600772981,67735300
2025-06-25,598.979248046875,600.4492593088346,597.4204170810242,599.7586334214261,62114800
2025-06-26,603.6655883789062,604.0996909412141,600.2125189749694,600.8242007377552,78548400
2025-06-27,606.664794921875,608.1249909093486,602.6395460052738,604.6620460106875,86258400
2025-06-30,609.5653686523438,610.9169938229498,606.7930496988761,609.1016996773074,92502500
2025-07-01,609.3681030273438,610.5322734636828,607.2666588703396,608.0953617899536,70030100
2025-07-02,612.130615234375,612.1700572103479,608.3420779544849,608.9636353224103,66510400
2025-07-03,616.9549560546875,617.882354174148,614.0839419945853,614.1036930875782,51065800
2025-07-07,612.3573608398438,615.6624771771144,609.5850422388708,615.0014177796149,74814500
2025-07-08,612.0220336914062,613.7682592313246,611.2130216520668,613.0184402574613,59024600
2025-07-09,615.692138671875,616.3432624074327,612.5843521193799,614.4194576258184,66113300
2025-07-10,617.4285278320312,618.4644365752275,614.6562088976586,615.8302548644143,57529000
2025-07-11,615.2579956054688,616.48135905139,613.1960537313187,614.38979053738,63670200
2025-07-14,616.4320678710938,616.7773507170579,613.4624186155016,614.804168244691,51898500
2025-07-15,613.7979736328125,619.4412474042338,613.7190294619737,619.1058400574967,74317300
2025-07-16,615.8499755859375,616.3531467698953,609.7627242916457,615.3764310442137,88987500
2025-07-17,619.6187133789062,619.9739319743786,615.8104858123922,616.0275671883336,68885700
2025-07-18,619.1650390625,621.0296510178326,618.0600615272068,620.8619473428577,65621600
2025-07-21,620.3389892578125,623.0718060276608,619.9147622533486,620.3389892578125,63375000
2025-07-22,620.4277954101562,621.2861250306559,617.7936134788556,620.6645676893623,60046300
2025-07-23,625.7060546875,625.7060546875,621.2860849659141,623.0816882564411,70511000
2025-07-24,625.9132080078125,627.6200518287297,625.488980993582,626.0907872079496,71307100
2025-07-25,628.5572509765625,629.0308557161836,626.3276053702117,626.5742531786653,56865400
2025-07-28,628.3994140625,629.4846403177779,627.0181622678288,628.9321516432593,54917100
2025-07-29,626.741943359375,630.1061928990167,625.8342963044605,629.7904764849706,60556300
2025-07-30,625.9527587890625,629.129553977157,623.0718687407492,627.393143596463,80418900
2025-07-31,623.6046752929688,631.2704491095576,622.312243037441,630.8857242490737,103385200
2025-08-01,613.3834228515625,617.9415293786636,610.9860135753424,617.9020271938194,140103600
2025-08-04,622.7067260742188,622.7560435889075,617.1917152069655,617.280474690056,73218000
2025-08-05,619.5496215820312,624.1274190145356,618.6320990296246,623.3184070376644,68051400
2025-08-06,624.2952270507812,624.9463507668227,619.7075537473198,620.615200817688,64357500
2025-08-07,623.7722778320312,628.4388348760696,620.6743670535704,627.7087670325432,74205800
2025-08-08,628.6361694335938,629.0998986072367,625.2422933193634,625.5580097272857,64051600
2025-08-11,627.39306640625,630.382466681372,626.1499518449814,628.9124554108,58742300
2025-08-12,634.072265625,634.2300937128912,628.251353780633,629.7312404986845,64730800
2025-08-13,636.2428588867188,637.5254154950222,634.0624705008762,636.2625497647373,60092800
2025-08-14,636.3020629882812,636.9630622902898,633.7270741796365,634.1709920856589,59327500
2025-08-15,634.812255859375,637.4267466743545,633.9046087993034,637.3280514224831,68592500
2025-08-18,634.6741333007812,635.3647592128409,633.5691559281859,634.2400307460651,43804900
2025-08-19,631.23095703125,635.4732874420525,629.9187737835771,634.4965717210093,69750700
2025-08-20,629.5537109375,631.0829152899969,624.4629267215348,630.8264521540534,88890300
2025-08-21,627.0281372070312,629.4156714771482,625.3114778468331,627.7483898591755,54805800
2025-08-22,636.6572265625,637.831272612948,628.7053031285401,629.2084743239826,84083200
2025-08-25,633.855224609375,636.6374190424261,633.7368384817344,635.4041800322128,51274300
2025-08-26,636.5091552734375,636.85449832521,632.9673265691392,633.5888838455812,51581600
2025-08-27,637.95947265625,638.6895405097797,635.7790844255956,635.9270971923372,48341100
2025-08-28,640.21875,640.7712386679527,636.6867968305069,638.5612839961418,61519500
2025-08-29,636.400634765625,639.1532627231435,634.5162720889837,638.7881685836082,74522200
2025-09-02,631.6847534179688,631.9017745733,626.406454480519,628.9518765829083,81983500
2025-09-03,635.1082153320312,635.5719445130327,631.8722274787872,634.05255551225,70820900
2025-09-04,640.4161376953125,640.4457643382553,634.8813749728572,635.7791465574808,65219200
2025-09-05,638.5613403320312,643.4647303823592,634.7037948627997,642.7444777894012,85178900
2025-09-08,640.1299438476562,641.1264105300318,638.5513618994769,639.9227380309984,63133100
2025-09-09,641.6099243164062,642.1327863823664,638.54157966928,640.268114410177,66133900
2025-09-10,643.4646606445312,645.7732503039375,641.9058297062181,644.8557277247635,78034500
2025-09-11,648.8119506835938,649.5025765403432,644.8261440671411,645.4081991313436,69934400
2025-09-12,648.594970703125,650.272187984056,648.0918597139254,648.7824254618777,72780100
2025-09-15,652.0479736328125,652.1762353081463,650.499078415473,650.7950437367242,63772400
2025-09-16,651.1502075195312,652.9063688014267,650.3708221309846,652.6004677140577,61169000
2025-09-17,650.3412475585938,652.8471677889224,645.5266771850337,651.1601352003632,101952200
2025-09-18,653.3799438476562,655.9746837040749,651.4166368558095,653.0149098952402,90459200
2025-09-19,656.6160278320312,657.4569312262267,653.3215535907623,655.2606553211801,97945600
2025-09-22,659.7225341796875,660.1676828141602,655.1023357778903,655.1320445581616,69452200
2025-09-23,656.1312255859375,660.2171487108257,654.9143129749383,659.6037107504653,81708900
2025-09-24,654.043701171875,657.5162467217733,652.6289715744526,657.4173382288552,68082200
2025-09-25,651.0263061523438,652.3717757310584,647.4251431178142,650.91749472694,89622100
2025-09-26,654.756103515625,655.3002210405111,650.8581544995363,652.4707616041429,69179200
2025-09-29,656.5962524414062,658.1792111877495,654.7956708332731,657.2689872647139,73499000
2025-09-30,659.0695190429688,659.5345338964465,654.5482897020846,655.8542079251938,86288000
2025-10-01,661.3153076171875,662.2254710850941,655.9828233173913,656.0916347397471,72545400
2025-10-02,662.0769653320312,663.4125921637317,659.6630669539827,663.2938778298502,56896000
2025-10-03,662.0671997070312,665.5001336306916,661.0283585893458,662.838842966907,70494400
2025-10-06,664.4415893554688,665.3320074034157,662.314573504463,664.4514922823549,54623300
2025-10-07,661.9781494140625,665.8068381763353,660.5436138980969,665.3616291701808,72020100
2025-10-08,665.925537109375,666.0245059882836,662.2749199573431,663.0960778489103,60702200
2025-10-09,663.9963989257812,666.7467557943302,662.0672604073742,666.3411584665431,66501900
2025-10-10,646.0499877929688,666.7565834688588,645.8719162752307,664.9560020556908,159422600
2025-10-13,655.9630126953125,658.030731623523,652.7279561413051,653.5985682812151,79560500
2025-10-14,655.1616821289062,658.7232938317348,646.1983862715207,650.1556923521978,88779600
2025-10-15,658.0702514648438,663.0762408380068,651.8968641380318,659.7026642450096,81702600
2025-10-16,653.5886840820312,661.5725563129243,650.0963324960569,659.7027147054259,110563300
2025-10-17,657.2986450195312,658.6540174880462,651.1153544209424,652.4608239631079,96500900
2025-10-20,664.1348266601562,665.035147534835,660.1478725090891,660.1973267543179,60493400
2025-10-21,664.1249389648438,665.8068060270512,662.8289237149189,664.2733620876278,56249000
2025-10-22,660.6721801757812,664.8273632729761,656.2202112252926,664.8273632729761,80564000
2025-10-23,664.5899658203125,665.5298380529869,660.6722112216523,660.988802941274,65604500
2025-10-24,670.0213623046875,671.2283116328227,668.4384640813665,669.2398161192735,74356500
2025-10-27,677.926025390625,678.2228112394536,674.8393317954225,675.442806418656,63339800
2025-10-28,679.7266235351562,681.5568533012904,677.520444889974,679.7167206093349,61738100
2025-10-29,680.0531616210938,682.338503435176,675.5813864900747,681.3689223981395,85657100
2025-10-30,672.5739135742188,678.6186845559015,672.5739135742188,676.6004800474726,76335800
2025-10-31,674.780029296875,677.7678146457715,671.9901213244605,677.7282029402567,87164100
2025-11-03,676.04638671875,678.4800912258883,672.6826525168186,678.3514739521635,57315000
2025-11-04,668.0328369140625,672.7024895383894,667.3799079726423,668.8935461650569,78427000
2025-11-05,670.3478393554688,673.5927987432043,666.9742023136038,667.7755543304748,74402400
2025-11-06,663.1554565429688,670.150002278421,661.5824008089137,669.2496813312496,85035300
2025-11-07,663.808349609375,663.9172214121945,654.1525740278607,660.781013040124,100592400
2025-11-10,674.1666259765625,674.8987178962867,667.8250699305912,670.011442763763,75842900
2025-11-11,675.7099609375,676.2738842563608,671.485517700804,672.6925273614432,58953400
2025-11-12,676.0859375,677.6490902522322,673.6818813898049,677.4808612736824,62312500
2025-11-13,664.8670043945312,673.5928719621189,663.3632690735044,673.2367288900627,103457800
2025-11-14,664.7581176757812,668.4482860302248,656.1905771441307,658.2780414721369,96846700
2025-11-17,658.56494140625,666.5191649555097,655.1022987242936,662.5519561070769,90456100
2025-11-18,653.0346069335938,658.0207904035176,648.8596179987588,655.0330052616243,114467500
2025-11-19,655.5574340820312,660.2171837101976,651.7188423695233,653.7272041810384,94703000
2025-11-20,645.5652465820312,668.3494043558474,644.9320631333248,665.7276649913678,165293500
2025-11-21,651.995849609375,657.4568906385811,643.9031059831046,648.0582892153691,123956200
2025-11-24,661.59228515625,662.9081062970187,654.5285399004904,655.6167748873626,80437900
2025-11-25,667.815185546875,668.9924864834618,657.3876457131933,661.4933747936815,81077100
2025-11-26,672.4254150390625,674.4238738525114,669.4969869185696,670.3973078307199,71879600
2025-11-28,676.0958251953125,676.3728052050843,673.2366572287348,673.5928002628821,49212000
2025-12-01,673.0090942382812,675.7000330812516,671.4953958513415,671.5646559458772,61201200
2025-12-02,674.2556762695312,676.5212120744054,672.0791460292079,674.6414676887413,62953800
2025-12-03,676.5905151367188,677.5995871066391,672.4353317565424,673.3059439079583,57238500
2025-12-04,677.085205078125,678.0547257643626,674.0677712084201,677.9854656605314,61970300
2025-12-05,678.3712158203125,681.0424091541689,677.2730780178052,678.1535326146577,79241000
2025-12-08,676.3333129882812,679.3111955598065,674.2953027143022,679.2617413091358,55231500
2025-12-09,675.7495727539062,678.0745263345831,675.3044241214166,675.8584445640498,58310100
2025-12-10,680.231201171875,681.6162219852988,674.0380078724895,675.2746659471688,85671300
2025-12-11,681.8141479492188,681.8933109790751,674.8888622374254,677.82719343181,86173700
2025-12-12,674.4832763671875,681.5272765513724,671.9208940415416,680.8248329648462,113160300
2025-12-15,673.4641723632812,678.4405133715769,671.999988545765,678.4207075198718,90811000
2025-12-16,671.6240844726562,673.8105178026394,667.7755898483048,671.9802275249427,122030600
2025-12-17,664.2338256835938,673.1773153631458,664.035948310003,672.6331978735437,110625200
2025-12-18,669.2495727539062,673.4740156275043,667.6963835086992,670.3675163697123,108650100
2025-12-19,675.3153686523438,675.8114935895343,671.2272434527378,671.3463691548195,103599500
2025-12-22,679.5224609375,680.0483218496023,675.3153313921905,678.639344063116,69556700
2025-12-23,682.6282348632812,682.8663651395233,678.5699062922599,678.6195066727895,64840000
2025-12-24,685.0294799804688,685.4760045408373,682.4694583215327,682.6183200290311,39445600
2025-12-26,684.9600219726562,686.2995351048382,683.9281038851597,685.2874813951044,41613300
2025-12-29,682.51904296875,683.8586166189733,680.7528697076866,682.2114479341877,62559500
2025-12-30,681.685546875,683.2235219572843,681.2588867271484,682.1221392108215,47160700
2025-12-31,676.635009765625,682.0328514439952,676.4266760541103,681.8145855439083,74144800
2026-01-02,677.8753051757812,681.5466416904673,674.5512924418268,680.3956585252009,89377200
2026-01-05,682.3900756835938,684.0868448237256,681.0604947255163,681.2192280630002,71927200
2026-01-06,686.4483642578125,686.9544213697425,682.4496288665487,682.5984300063299,69273800
2026-01-07,684.2356567382812,688.5817158514149,683.9776620917838,686.8254142672773,75588300
2026-01-08,684.1661987304688,685.2675815209567,682.1618346683338,683.4815439165204,64019200
2026-01-09,688.6908569335938,689.9212370510019,683.8387406584166,685.2775150455628,80125500
2026-01-12,689.7723388671875,690.6951844685583,685.277478801028,685.3270791782115,63976000
2026-01-13,688.3931884765625,690.6952153647912,685.9919002674054,690.0998291255927,78309700
2026-01-14,685.009521484375,686.3589666067269,680.7229953056234,685.6445758579941,94676700
2026-01-15,686.875,690.0601436981007,685.8926823763012,689.1869590187856,77862000
2026-01-16,686.299560546875,688.8695145151978,684.7516530771834,688.28406040864,79289200
2026-01-20,672.3286743164062,679.4629532027941,671.3264922720098,676.2083446056304,111623300
2026-01-21,680.0880737304688,683.402154325963,672.8743979165272,674.3826370735425,127844500
2026-01-22,683.6403198242188,685.7736813437502,681.5962874434288,684.5035723961656,77112200
2026-01-23,683.8883056640625,685.6049389887335,681.8343413244536,682.8167194920136,63059600
2026-01-26,687.3612060546875,688.7503800429489,684.5729864520383,685.138576123168,60473800
2026-01-27,690.099853515625,691.1318321418594,688.1947507195304,688.8000086063018,55506100
2026-01-28,690.0303955078125,692.4316838253299,688.5618850633444,691.6477676593287,61172200
2026-01-29,688.6610717773438,691.657685737667,679.5224893166136,690.9928952881424,97486200
2026-01-30,686.6071166992188,688.8298072906449,681.7947290319643,686.4285189892349,101835100
2026-02-02,690.0204467773438,691.5286859406688,684.0768798206813,684.2356737126761,79286500
2026-02-03,684.18603515625,691.5584439188771,678.7286612443456,690.8142565672537,107904600
2026-02-04,680.8718872070312,686.0911308029831,676.476227895848,684.9996196944911,105204600
2026-02-05,672.3683471679688,678.3913111024622,670.5525129616972,675.6626239798336,113610800
2026-02-06,685.267578125,686.9444827733389,675.5732778299765,676.1785962582386,89127600
2026-02-09,688.57177734375,690.4768800480663,683.0052703670985,684.0768565720822,73885200
2026-02-10,686.7559204101562,691.1416475283962,686.2994637039938,689.5640042757049,65185700
2026-02-11,686.5972290039062,691.7370759669038,683.8387453470867,690.9928885783248,76353900
2026-02-12,675.9900512695312,689.9608850687785,675.0970022106213,688.859502308346,118829000
2026-02-13,676.4663696289062,680.961290747747,672.2691719299015,676.4068370573647,96267500
2026-02-17,677.5578002929688,679.6316291710169,670.5426469985775,674.8688419019007,81354700
2026-02-18,680.9711303710938,683.8090109802145,677.53798463666,678.7187643851827,73570300
2026-02-19,679.1751098632812,680.86194660128,676.2678252760687,678.5401160314528,58649400
2026-02-20,684.0868530273438,684.71197532004,676.4465165538227,677.0319706522042,100034000
2026-02-23,677.1013793945312,684.6523861034582,675.0970153480879,682.4992209190492,90558100
2026-02-24,682.0228881835938,683.0151380016027,674.7298762460771,676.6151751251432,73798700
2026-02-25,687.7779541015625,688.3038149887374,684.7515438454409,684.8309407846423,56369500
2026-02-26,683.957763671875,687.926762805978,679.0461151309984,687.9069589925494,71671000
2026-02-27,680.6734008789062,681.536653322228,676.3571386622976,677.7959129218735,83308900
2026-03-02,681.0604858398438,683.2831159083878,672.765291276125,673.4400139353526,87477200
2026-03-03,675.057373046875,677.3196712649806,664.4700232973693,669.8281968363514,105003100
2026-03-04,679.8201904296875,681.7650220692323,674.3528836974749,676.3473157204403,79182200
2026-03-05,676.0297241210938,680.2170498641997,670.3738880206191,676.7937758642711,106606500
2026-03-06,667.1689453125,670.8700177972564,664.5692556037578,668.1909311447467,100687000
2026-03-09,673.0133056640625,674.650481531912,657.2563736570586,661.2253729422058,102667700
2026-03-10,671.9317016601562,678.0637980596332,669.5304741395607,672.4674947413112,81505300
2026-03-11,671.0883178710938,674.8092545860501,668.1215006869746,672.3286301094125,68441700
2026-03-12,660.8978881835938,666.444591119081,660.7093583022987,665.958337853126,108882200
2026-03-13,657.1571655273438,667.1293254881115,656.2343803863124,664.0831110227487,97200200
2026-03-16,663.8449096679688,666.8613272435379,661.9496786440191,663.199923076128,82023100
2026-03-17,665.5912475585938,669.2129836950214,664.5097291491037,667.1788836379297,87128000
2026-03-18,656.3038330078125,664.5295627375546,656.0657027257738,663.1801174312507,82062600
2026-03-19,654.6864013671875,657.8417484417536,650.0922799802194,651.8783174953539,111272500
2026-03-20,645.301025390625,653.380093364961,641.4703940766159,653.2010079047443,163617500
2026-03-23,652.07666015625,659.2801583045331,650.6439158314106,654.7531040433624,134802700
2026-03-24,649.8877563476562,653.7183875512989,646.604401549905,648.0371459178807,96457500
2026-03-25,653.5093994140625,657.5588924447279,650.9423865337293,655.3500504609481,90653800
2026-03-26,641.8385620117188,651.5493174066021,641.5699034672713,648.773401781548,96494400
2026-03-27,630.8939819335938,639.4207325687934,629.9188801961861,639.2615657472361,103649400
2026-03-30,628.78466796875,637.1423539459004,626.108284608157,636.8836547011163,99275900
2026-03-31,647.0620727539062,648.255975728372,634.7643255692599,635.719508676349,152534100
2026-04-01,651.9373779296875,655.2008748639518,649.7086779392242,650.6041659517412,97841500
2026-04-02,652.5244140625,654.8824636102106,641.858414876014,643.161809607987,68358700
2026-04-06,655.6088256835938,656.3948220300638,652.2160396308291,652.5542919409455,39105800
2026-04-07,655.8972778320312,656.285326673986,647.7784337275787,653.3402849463747,69980400
2026-04-08,672.6027221679688,673.6673363432215,668.0756676404139,672.980811715349,93606100
2026-04-09,676.4829711914062,677.7266707213284,670.3739652533407,671.438579338256,57134400
2026-04-10,676.0353393554688,678.5923930707559,675.0304203424645,677.885949822129,42253500
2026-04-13,682.641845703125,682.8408497944083,673.1698703787699,673.9956432299357,54185800
2026-04-14,690.959716796875,691.0791070995066,684.193942434314,684.2238203737314,63480500
2026-04-15,696.412109375,696.7504224001667,690.7010502942645,691.7557051691649,58240400
2026-04-16,698.1234130859375,699.2378238459212,695.0092450197437,697.5264615426626,49972400
2026-04-17,706.5607299804688,708.7993894133457,702.2028014262665,702.5808909886877,70661900
2026-04-20,705.1477661132812,706.3317705126415,702.5808139687996,705.20752199003,43546800
2026-04-21,700.53125,707.6949720613851,699.098505587723,706.7000123508461,58941400
2026-04-22,707.6253051757812,707.8640857857167,704.6503246823615,705.5756906371417,42518500
2026-04-23,704.8792114257812,708.7694771316526,698.7403270820959,705.9239069650033,56174000
2026-04-24,710.341552734375,710.8688498134599,705.4364085481575,707.1676287635845,45182000
2026-04-27,711.5653076171875,712.023010938504,708.7097781525541,709.5753882284523,33135900
2026-04-28,708.1028442382812,709.2868486650957,705.6751402340362,708.2321938525355,43117400
2026-04-29,707.993408203125,708.6102783309316,704.7995658491443,707.4163145996059,41859200
2026-04-30,715.0377197265625,716.1620290590424,706.8691393587039,711.0280636665188,67240900
2026-05-01,717.0177001953125,721.216400793299,716.8385540170647,717.6146516977453,43049800
2026-05-04,714.3909912109375,718.4802608161392,711.3861936216806,716.4406056700121,51950600
2026-05-05,720.1220092773438,721.3855668152729,717.8534719876392,718.1320898558575,36933200
2026-05-06,730.1312866210938,730.8874657022126,724.1515691652952,724.489821452625,53288900
2026-05-07,727.8926391601562,732.4196936796947,726.0718458933673,731.3451201928577,51724600
2026-05-08,733.9021606445312,734.359863963193,730.8675457398152,731.2257166531052,47227100
2026-05-11,735.5736694335938,737.0561496205491,732.7380586745534,732.7380586745534,44024000
2026-05-12,734.4593505859375,735.1160580011854,728.1413807257971,733.1758744234386,54185300
2026-05-13,738.5685424804688,740.1604537310201,731.7629913201908,734.7478704606156,44200200
2026-05-14,744.3989868164062,745.7521781705404,739.8122371427646,739.9018102364839,45307600
2026-05-15,735.4443969726562,739.712813256131,734.2405345152865,738.0511867146383,60410800
2026-05-18,734.927001953125,737.682999009625,729.6935042484962,736.1010471042457,47843900
2026-05-19,730.0317993164062,733.9320852676053,727.8429364442825,731.0765556379026,54255900
2026-05-20,737.5138549804688,738.1307251173267,730.1909663879147,732.0018002736176,45768000
2026-05-21,738.9764404296875,741.1156280791548,733.3151780259534,734.9170485709385,43332200
2026-05-22,741.8817749023438,745.1651298094138,740.7275876279662,742.4787264390759,41762000
2026-05-26,746.8068237304688,748.3390397979183,744.5979816306177,746.2297301040182,41123600
2026-05-27,746.677490234375,747.5928361692701,744.4487294597059,747.0953563113346,42106300
2026-05-28,750.7965698242188,751.3438462445121,745.4536410614309,746.4685193943138,41562600
2026-05-29,752.6671142578125,754.2590862562773,750.8861582097875,752.0900813404212,55075700
2026-06-01,754.7167358398438,756.4480167905853,750.8861651495049,751.5527711685265,43634900
2026-06-02,755.7415771484375,756.5674107365072,752.9357833937803,753.2144012702464,31581900
2026-06-03,750.4384155273438,754.9754294579049,749.7718095132926,754.3287420712209,51402500
2026-06-04,753.2740478515625,754.4878695071194,747.6823186029123,748.3091480570178,49923000
2026-06-05,733.83251953125,749.0255736853693,731.82274221843,748.5181345185488,93989400
2026-06-08,735.4940795898438,741.5832888174093,734.4693026781229,739.6132273185567,49319100
2026-06-09,733.3350219726562,743.1354112835509,718.9479438267383,739.881873688386,87683500
2026-06-10,721.7736206054688,734.6583610930755,721.6741489247238,729.69352181897,60341300
2026-06-11,734.04150390625,736.2702039965386,720.7587550057447,725.0868662900759,86330500
2026-06-12,738.0113525390625,740.6877965432628,731.3252525489901,736.9766163198905,57079500
2026-06-15,751.0254516601562,752.8661028247,747.9709180763429,748.0604304424444,60176400
2026-06-16,746.5481567382812,751.6323864215939,746.100412710964,750.7468576807364,67093100
2026-06-17,737.225341796875,748.3589429763433,735.4940609532621,747.5032315039188,85945200
2026-06-18,744.8902587890625,746.3765582049119,742.0173878962117,745.907751654771,80875700
2026-06-22,742.546142578125,748.321778689857,741.2892538871644,745.8479411927095,46628100
2026-06-23,731.7628784179688,737.7978798883457,730.4860198600484,731.9922892059834,66846800
2026-06-24,731.4237060546875,738.1171068570358,729.0296875445486,733.3489180103626,57439500
2026-06-25,732.4810791015625,737.5385276888334,727.7927091295785,737.0796452204372,53934400
2026-06-26,727.1842651367188,734.7056273477464,714.8050317832251,727.144386135875,71034000
2026-06-29,739.1644897460938,739.7231001504891,730.27658724538,734.7055914816465,58035200
2026-06-30,744.9202270507812,746.1671307285668,739.0547872797607,739.4537599262709,55626000
2026-07-01,743.9127197265625,747.5835968507926,740.541087308444,743.1545925484338,47100900
2026-07-02,742.9351806640625,749.4489739445169,738.1969465958291,745.5486859530862,57447800
2026-07-06,749.4190673828125,750.5462122974698,745.5585975722108,746.885320136641,50673300
2026-07-07,745.85791015625,749.0998597580657,743.364102770238,748.3616416292718,43721500
2026-07-08,743.5536499023438,744.3017921335774,737.6782249675691,741.3191472958572,43767400
2026-07-09,749.8480224609375,750.1073272936331,743.7431866839036,745.4987759890873,41441700
2026-07-10,753.0799560546875,753.5487626123848,746.2468873823584,750.187115173852,42191300
2026-07-13,747.3142700195312,752.0425191788765,746.1471851864706,750.6060836597362,44013600
2026-07-14,749.9677124023438,751.4739818301254,746.8055207475287,749.0499474324819,35143100
2026-07-15,752.9403076171875,753.7084197839658,748.3417413555546,752.3717122204262,43844800
2026-07-16,748.8604125976562,752.7009125511715,746.0274814662645,750.8953984161742,46409800
2026-07-17,741.4487915039062,745.438883195828,738.9649691671198,740.241827732839,62651000
2026-07-20,740.2518310546875,746.8753371556621,739.6732506975046,745.2094908804986,50422300
2026-07-21,746.426513671875,747.1845799829406,742.3366329839115,744.4413918284653,34324300
2026-07-22,745.55859375,748.1621748950539,744.5211918106933,744.7705725456777,32836200
2026-07-23,736.3515014648438,740.7206569606348,733.3888874570794,737.5385562389782,55437300
2026-07-24,737.099609375,741.8777222786117,735.4636571620507,736.6806667930385,44782000
2026-07-27,737.25927734375,743.6833276942111,734.0472217265344,743.0648074406847,41461200
2026-07-28,739.0248413085938,740.9500533043114,734.156924420905,737.3589950224286,47322200
2026-07-29,727.6531372070312,740.8403618199718,727.2939826612791,738.1370526174048,70697200
2026-07-30,739.852783203125,740.6109103701467,732.7703947650456,734.2267392747757,66811300
2026-07-31,745.1796264648438,747.0449895804718,735.8527500027326,742.835410914187,62445900
2026-08-03,755.793212890625,756.7009928898597,746.9451890027125,747.5836183167282,59927500
2026-08-04,769.4193725585938,771.494176400126,758.6361522059436,758.7458651152236,69154800
2026-08-05,767.8831787109375,774.9256883846499,767.6039039413469,773.928165423025,44689100
2026-08-06,766.65625,769.9081846177485,765.5589990885744,768.3021872511085,38416900
2026-08-07,771.3446044921875,772.0029428489042,767.703621378493,769.1101628301597,43586300
2026-08-10,771.1151733398438,773.1301282404592,769.7086319253093,770.6861849056471,39249500
2026-08-11,768.6513061523438,772.6912620504304,767.2946895097219,772.6115040483734,36740600
2026-08-12,770.5764770507812,772.9805414027246,769.369513273419,772.7910096110111,33179100
2026-08-13,775.9531860351562,777.4394855444215,772.1925048911166,772.9506321027081,35634500
2026-08-14,774.4169921875,776.8708596736758,773.509212209858,776.6114939657781,31367900
2026-08-17,770.7560424804688,774.8559080861019,770.5964655970525,774.2573577843602,34356600
2026-08-18,765.5490112304688,767.5939211307613,765.0202948350139,766.7959149360092,43920900
2026-08-19,767.1549682617188,770.5564946026684,766.1973243479778,768.4517358705159,40306000
2026-08-20,760.7109985351562,766.2472997692572,760.1523881029335,764.0627220124634,45520300
2026-08-21,763.8232421875,765.9479709365374,762.2770937955632,764.1524418077088,39188700
2026-08-24,761.5787963867188,763.3244615010249,760.1922857963137,762.8856098637509,32430900
2026-08-25,764.0127563476562,764.8806573052586,761.159855395616,764.262137078792,27422300
2026-08-26,764.182373046875,765.449185749943,762.0376744224566,762.8356805789958,28751600
2026-08-27,769.18994140625,770.4468300957561,765.2596984507333,766.5964060257239,34557100
2026-08-28,767.4442749023438,773.3795487683207,766.4068729286823,769.8483393622295,36744300
2026-08-31,765.1499633789062,766.097622354185,762.8257178677422,765.4292990280279,38810800
2026-09-01,759.89306640625,762.7758614763637,757.5987149009983,760.1224772031874,41126300
2026-09-02,763.2646484375,764.5315220914426,759.8431519587122,760.5614001563074,29566200
2026-09-03,771.2548217773438,772.112737807933,765.5490195828438,765.99791709853,43531600
2026-09-04,768.2822265625,770.9555808433835,767.0951717806925,770.0977256925568,34054200
2026-09-08,764.0626831054688,767.7934091111229,763.2447069992287,767.1649647963771,44746100
2026-09-09,760.5115356445312,762.5763546117217,759.055130192088,762.1873669257697,32812400
2026-09-10,755.9528198242188,758.2271404471661,754.7657651010062,756.1523365872063,42740400
2026-09-11,762.3967895507812,764.4816392943262,761.7084962835214,762.8257171109622,45512700
2026-09-14,758.9952392578125,761.6287143614769,756.0525344863368,757.119891309806,43992400
2026-09-15,755.513916015625,758.4665449596201,754.2769973083872,758.2371341657202,46195000
2026-09-16,752.1821899414062,759.7833101686804,747.7432005092232,757.6187023523285,59217700
2026-09-17,760.7109985351562,761.6786274833105,758.0775841455181,761.2596848801362,49652800
2026-09-18,761.6900024414062,762.0,757.969970703125,761.3099975585938,65395100
2026-09-21,773.5,774.8900146484375,766.030029296875,766.25,50484700
2026-09-22,773.3800048828125,775.1400146484375,772.5700073242188,774.030029296875,34802300
2026-09-23,767.8099975585938,773.0499877929688,766.5,772.7899780273438,54931700
2026-09-24,767.1799926757812,768.9500122070312,763.25,764.0700073242188,43983700
2026-09-25,771.3499755859375,772.280029296875,766.2899780273438,768.780029296875,36666700
2026-09-28,765.6099853515625,769.5399780273438,763.719970703125,768.3499755859375,42694500
2026-09-29,764.2000122070312,766.97998046875,762.3499755859375,766.8300170898438,36910500
2026-09-30,762.6300048828125,769.4099731445312,762.1799926757812,766.4500122070312,62110000
2026-10-01,763.989990234375,765.6500244140625,758.7899780273438,764.3599853515625,47708100
2026-10-02,769.6400146484375,772.6500244140625,767.1500244140625,770.5800170898438,46306400
